YEAR,MONTH,DAY,RAINFALL,TMAX,TMIN,TMEAN,RH,WIND_SPEED,WIND_DIRECTION
2017,1,1,17.9,31,22.6,26.8,90,2,20
2017,1,2,6.7,30.4,24.4,27.4,87,2,40
2017,1,3,8.2,31.8,24,27.9,80,3,20
2017,1,4,11.2,32.5,24.2,28.35,82,2,70
2017,1,5,10.2,31,23.4,27.2,89,3,20
2017,1,6,29,29,23.6,26.3,88,1,40
2017,1,7,86.8,26.4,22,24.2,96,1,100
2017,1,8,152.8,28,22,25,97,2,340
2017,1,9,52.9,28.5,22.8,25.65,91,0,0
2017,1,10,71,29,23.2,26.1,94,3,220
2017,1,11,26,27.5,23.2,25.35,96,1,180
2017,1,12,3.4,30.5,23.2,26.85,93,1,40
2017,1,13,1,30,24,27,90,1,220
2017,1,14,5.8,30.8,23.2,27,88,1,270
2017,1,15,9.5,31.2,23,27.1,84,1,180
2017,1,16,40.5,28.2,23.2,25.7,92,1,60
2017,1,17,45.6,27.2,22.8,25,95,5,40
2017,1,18,179.8,28,22.6,25.3,94,4,40
2017,1,19,19.2,27.2,23,25.1,97,1,70
2017,1,20,12.6,29.5,22.4,25.95,93,1,20
2017,1,21,43.1,29.6,22.4,26,93,2,180
2017,1,22,2.2,30.5,22,26.25,82,3,70
2017,1,23,13.6,30.1,23.8,26.95,87,6,40
2017,1,24,1.8,30.5,23.4,26.95,80,5,40
2017,1,25,3.4,30.2,23.8,27,81,5,40
2017,1,26,0,31,24,27.5,78,4,40
2017,1,27,25.8,32.2,22,27.1,81,3,30
2017,1,28,40,28.2,22.4,25.3,88,3,40
2017,1,29,2.2,32.2,23,27.6,90,2,50
2017,1,30,0,31.5,23.8,27.65,87,1,30
2017,1,31,22.1,30.6,24,27.3,91,1,70
2017,2,1,18.9,29.5,23,26.25,93,1,140
2017,2,2,63.6,31.3,22.5,26.9,90,2,20
2017,2,3,7.9,30.2,23.5,26.85,86,3,40
2017,2,4,3.3,28.5,23.6,26.05,87,1,340
2017,2,5,14.2,28.5,23.4,25.95,88,1,320
2017,2,6,5,30.7,23.2,26.95,88,1,320
2017,2,7,1,30.6,23.8,27.2,80,1,250
2017,2,8,1.4,31.5,24.4,27.95,81,1,250
2017,2,9,0.2,30.2,24,27.1,81,1,20
2017,2,10,0,29.8,23,26.4,80,1,40
2017,2,11,0.7,28.2,22.6,25.4,82,4,40
2017,2,12,0.3,28.8,22,25.4,74,3,40
2017,2,13,0.8,28.5,21.4,24.95,78,2,20
2017,2,14,12.5,28.5,21.8,25.15,84,2,20
2017,2,15,47.8,28.5,23,25.75,89,5,40
2017,2,16,78,26,21,23.5,97,2,20
2017,2,17,7.4,28.5,22.8,25.65,91,3,70
2017,2,18,41.4,30.3,22.8,26.55,90,2,70
2017,2,19,54.6,30.5,22.5,26.5,91,3,70
2017,2,20,6,29,22,25.5,93,1,120
2017,2,21,0.6,30.4,23.2,26.8,80,3,40
2017,2,22,30.3,30.5,23.5,27,87,4,90
2017,2,23,41.2,30.2,23.5,26.85,95,2,60
2017,2,24,8.8,30.5,24,27.25,85,2,60
2017,2,25,1.3,31.2,23.5,27.35,81,3,40
2017,2,26,35,31.2,24.2,27.7,84,4,30
2017,2,27,6.6,29.5,24,26.75,88,4,40
2017,2,28,11.2,31,23.5,27.25,83,3,40
2017,3,1,10.1,30.5,24.2,27.35,88,2,40
2017,3,2,7.2,31,23.2,27.1,83,3,60
2017,3,3,14.2,30.1,23.4,26.75,86,2,40
2017,3,4,0,31.5,23.6,27.55,79,2,50
2017,3,5,101.7,27,23,25,92,1,20
2017,3,6,73,26,22.6,24.3,98,1,40
2017,3,7,46.6,29.3,20.8,25.05,91,2,120
2017,3,8,118.2,28.5,22,25.25,95,3,40
2017,3,9,60.7,26.5,22.4,24.45,97,2,40
2017,3,10,89.2,28,22.5,25.25,95,2,260
2017,3,11,2,30,23,26.5,91,1,300
2017,3,12,1,31,24,27.5,86,1,330
2017,3,13,0,31.6,24,27.8,84,1,20
2017,3,14,0,32.5,24.8,28.65,78,1,230
2017,3,15,54.6,32.8,24,28.4,86,2,40
2017,3,16,7.6,30.3,24,27.15,88,3,70
2017,3,17,-1,31.5,25,28.25,75,4,40
2017,3,18,0,31,24,27.5,76,4,40
2017,3,19,3.6,31.5,23.8,27.65,75,3,40
2017,3,20,-1,30.5,23,26.75,85,1,220
2017,3,21,5,31.5,24.2,27.85,80,1,40
2017,3,22,0,32.5,24.8,28.65,81,3,110
2017,3,23,0,33,25.5,29.25,76,2,60
2017,3,24,0,32.5,24.8,28.65,81,2,60
2017,3,25,0.6,33.3,24,28.65,79,2,70
2017,3,26,14.2,31,24.6,27.8,85,2,50
2017,3,27,113.1,30.8,23,26.9,89,5,40
2017,3,28,20.8,30,23,26.5,89,3,40
2017,3,29,2.8,31.5,24.9,28.2,89,3,40
2017,3,30,15.4,32.3,24,28.15,85,2,90
2017,3,31,12.8,30.5,24,27.25,92,1,150
2017,4,1,7.8,31.8,23.5,27.65,87,1,40
2017,4,2,13.5,30,23,26.5,89,2,100
2017,4,3,86,30,22.8,26.4,89,3,40
2017,4,4,27,27.5,22,24.75,95,1,40
2017,4,5,94.6,30.3,23.2,26.75,92,3,40
2017,4,6,68.2,28,23,25.5,97,1,40
2017,4,7,4.2,31.6,24.4,28,89,1,160
2017,4,8,0,32.6,24.5,28.55,81,2,40
2017,4,9,0,32.5,24,28.25,79,2,40
2017,4,10,0,31.8,24.5,28.15,78,1,110
2017,4,11,0.4,32.6,25,28.8,79,2,160
2017,4,12,8.8,32.5,25,28.75,87,2,20
2017,4,13,24.2,33.3,24.8,29.05,76,3,30
2017,4,14,24.8,31,24.5,27.75,92,1,60
2017,4,15,23.8,31,23.8,27.4,89,2,110
2017,4,16,1.2,32,25,28.5,82,2,120
2017,4,17,0,32.5,24.6,28.55,84,2,80
2017,4,18,0,33.5,24,28.75,79,1,200
2017,4,19,0,34.2,25.2,29.7,79,1,60
2017,4,20,0,33.7,25,29.35,81,2,60
2017,4,21,0,34.4,25,29.7,76,2,140
2017,4,22,0,33.2,24.6,28.9,80,2,190
2017,4,23,0,33.1,25,29.05,76,2,60
2017,4,24,0,33.7,24.5,29.1,78,1,90
2017,4,25,17.6,33.2,25,29.1,81,1,220
2017,4,26,0.5,32.8,25.5,29.15,83,1,220
2017,4,27,0,33.5,25.7,29.6,78,1,360
2017,4,28,0,33.8,25.3,29.55,79,1,220
2017,4,29,0,34.1,25.4,29.75,77,2,210
2017,4,30,0,34.4,26.2,30.3,80,2,220
2017,5,1,0,33.4,25.5,29.45,86,1,140
2017,5,2,6.4,33.2,25.8,29.5,84,2,40
2017,5,3,-1,33.3,25.2,29.25,84,2,60
2017,5,4,0,34,25.5,29.75,80,2,50
2017,5,5,31.9,33.8,24.6,29.2,87,2,80
2017,5,6,9.7,32.8,24.5,28.65,85,2,50
2017,5,7,8.3,28.5,23.5,26,95,1,140
2017,5,8,0.6,32,24.5,28.25,85,2,60
2017,5,9,16,31.5,24,27.75,84,1,70
2017,5,10,23.6,32.5,24.2,28.35,83,2,120
2017,5,11,28.8,31,24.4,27.7,95,2,100
2017,5,12,68.1,31,24.5,27.75,91,2,110
2017,5,13,5.6,30,24,27,94,2,200
2017,5,14,0,32.2,25,28.6,84,1,100
2017,5,15,-1,30.7,24.9,27.8,89,2,200
2017,5,16,0,32.2,26,29.1,81,2,70
2017,5,17,0,33.5,26.2,29.85,76,2,50
2017,5,18,0,33.5,26.2,29.85,77,2,130
2017,5,19,0,33.8,25.9,29.85,79,1,110
2017,5,20,0,33.7,25.8,29.75,80,1,180
2017,5,21,0,34.1,25.5,29.8,79,1,210
2017,5,22,4.8,34.5,25.7,30.1,80,1,190
2017,5,23,0,35,26,30.5,79,1,200
2017,5,24,11.2,34.5,25.6,30.05,79,1,200
2017,5,25,0,34.5,25.2,29.85,79,1,200
2017,5,26,2,34.5,25.3,29.9,80,1,150
2017,5,27,0,33.4,25,29.2,80,1,120
2017,5,28,0,33.1,25.4,29.25,81,1,230
2017,5,29,0.6,32.5,26,29.25,78,2,100
2017,5,30,0.2,33,25.7,29.35,81,2,70
2017,5,31,0,33.5,26.5,30,78,1,30
2017,6,1,0.3,33.5,25.4,29.45,80,1,220
2017,6,2,0,33.6,25.6,29.6,80,1,180
2017,6,3,0,33.8,25.2,29.5,82,1,220
2017,6,4,0,34,25.5,29.75,79,1,160
2017,6,5,-1,33,26,29.5,84,1,260
2017,6,6,0.8,32.9,26,29.45,79,1,220
2017,6,7,35.1,32.5,24.5,28.5,87,1,200
2017,6,8,42.7,31,23.9,27.45,91,2,160
2017,6,9,-1,30.5,24.5,27.5,89,1,190
2017,6,10,0,30.6,25.2,27.9,87,1,180
2017,6,11,0,33.2,25.4,29.3,81,1,70
2017,6,12,1.5,33.1,25,29.05,84,2,60
2017,6,13,0.2,32,25,28.5,85,1,120
2017,6,14,0,33.5,26,29.75,76,2,120
2017,6,15,0,32.5,25.4,28.95,79,1,200
2017,6,16,0,30.5,24.5,27.5,84,1,140
2017,6,17,0,33,24.4,28.7,79,1,40
2017,6,18,2,33.2,25.4,29.3,81,2,30
2017,6,19,0,33.8,24.8,29.3,80,2,70
2017,6,20,0,33.8,24.9,29.35,75,1,200
2017,6,21,-1,33.5,24.8,29.15,81,1,220
2017,6,22,1.4,32,24,28,86,1,200
2017,6,23,17.2,33.5,24,28.75,81,1,120
2017,6,24,0,33.4,24.9,29.15,86,1,300
2017,6,25,0,33.5,25,29.25,82,2,70
2017,6,26,0,33.8,24.8,29.3,84,1,230
2017,6,27,1,33.7,24.5,29.1,82,1,260
2017,6,28,0,33.8,26.5,30.15,83,1,200
2017,6,29,0.6,33.5,24.6,29.05,81,1,180
2017,6,30,-1,32.2,25.1,28.65,82,1,200
2017,7,1,0,32.6,24.8,28.7,83,1,200
2017,7,2,7.4,33.6,24.2,28.9,85,1,320
2017,7,3,-1,29.5,25,27.25,87,1,220
2017,7,4,1.2,31.7,24.8,28.25,91,1,200
2017,7,5,0.9,33.2,25.6,29.4,76,1,70
2017,7,6,13.6,32.5,24,28.25,82,2,70
2017,7,7,1.7,32.2,22.7,27.45,87,2,40
2017,7,8,6.4,32.4,24.6,28.5,89,1,200
2017,7,9,1,33,24.5,28.75,85,1,200
2017,7,10,0.6,32,24.5,28.25,85,1,190
2017,7,11,5.6,30,22.7,26.35,91,1,200
2017,7,12,0,30.5,24.2,27.35,84,1,210
2017,7,13,50.8,32.2,24,28.1,79,1,200
2017,7,14,6.6,28.8,24.2,26.5,96,1,220
2017,7,15,0,31.8,24,27.9,89,2,180
2017,7,16,4,32.4,24.6,28.5,86,2,20
2017,7,17,22.4,32.7,23.2,27.95,85,2,60
2017,7,18,0.5,31.7,25,28.35,89,2,80
2017,7,19,1.2,31.8,24,27.9,85,1,250
2017,7,20,0,32.3,24.4,28.35,79,1,220
2017,7,21,0.5,30.5,25,27.75,84,1,160
2017,7,22,15,29.2,23.2,26.2,90,1,230
2017,7,23,0.2,29.6,24.4,27,88,1,300
2017,7,24,8.4,29.6,24.7,27.15,88,2,220
2017,7,25,8.8,30,24.8,27.4,85,2,270
2017,7,26,0,32.2,24.7,28.45,74,1,200
2017,7,27,0,33.5,25.5,29.5,72,1,220
2017,7,28,0,34.5,27.5,31,68,1,200
2017,7,29,0,34.3,26.3,30.3,72,1,200
2017,7,30,0,34,26.5,30.25,72,1,210
2017,7,31,0.2,34,27,30.5,75,1,270
2017,8,1,2,32.1,26.2,29.15,77,2,220
2017,8,2,18.4,32.5,23.5,28,79,2,210
2017,8,3,0,32.5,24.5,28.5,77,2,240
2017,8,4,0,33.5,26,29.75,74,1,270
2017,8,5,0,34.5,25.3,29.9,75,1,220
2017,8,6,10.4,34.6,25,29.8,80,1,220
2017,8,7,-1,32.5,25.2,28.85,83,2,180
2017,8,8,0,33,26.5,29.75,82,2,100
2017,8,9,0,33.8,25.4,29.6,79,1,280
2017,8,10,0.8,34.5,25.5,30,79,1,220
2017,8,11,0,33.5,25,29.25,78,1,200
2017,8,12,22.6,33.1,24,28.55,88,2,200
2017,8,13,0,33.9,25,29.45,85,1,200
2017,8,14,0,33.4,25,29.2,81,1,200
2017,8,15,-1,32.4,24.8,28.6,85,1,200
2017,8,16,3.4,32,24.5,28.25,86,1,220
2017,8,17,0,32.3,25,28.65,84,1,200
2017,8,18,0,33.8,24.8,29.3,77,1,200
2017,8,19,46.6,31.8,24,27.9,87,1,220
2017,8,20,3,33.1,24.2,28.65,82,2,220
2017,8,21,19.6,33.5,25.4,29.45,73,1,200
2017,8,22,0.8,31.6,25.5,28.55,82,1,200
2017,8,23,3.1,32,23.8,27.9,87,1,270
2017,8,24,0.6,32.4,24.6,28.5,83,1,150
2017,8,25,0,32.5,23.8,28.15,78,1,150
2017,8,26,0,32.8,24.6,28.7,77,1,30
2017,8,27,3,33.8,24.8,29.3,81,1,210
2017,8,28,11,31.2,24.5,27.85,83,1,220
2017,8,29,30.6,32.5,24.6,28.55,80,1,220
2017,8,30,0,33.5,25.8,29.65,77,1,280
2017,8,31,0,34.8,26,30.4,72,1,270
2017,9,1,0,34.8,25.4,30.1,82,1,200
2017,9,2,-1,35.5,25.5,30.5,76,1,220
2017,9,3,0,35.8,25.5,30.65,78,1,260
2017,9,4,-1,33.4,24.6,29,79,1,190
2017,9,5,0,35,25.4,30.2,79,1,200
2017,9,6,0,35,25,30,76,1,220
2017,9,7,3,34.5,25.6,30.05,79,1,40
2017,9,8,0,32.6,25.4,29,88,1,30
2017,9,9,0.2,33.5,25.8,29.65,82,1,280
2017,9,10,4.4,34.3,25,29.65,76,2,270
2017,9,11,22,33.4,24.5,28.95,84,1,190
2017,9,12,0.4,35,25.6,30.3,79,1,220
2017,9,13,1.1,33.5,24,28.75,87,2,200
2017,9,14,4,33.5,24.6,29.05,81,2,40
2017,9,15,0,33.4,24.2,28.8,80,1,200
2017,9,16,-1,33.6,24.8,29.2,85,1,220
2017,9,17,5.4,34.4,25,29.7,81,1,200
2017,9,18,0,32.6,25,28.8,85,1,180
2017,9,19,37.3,34,25.2,29.6,79,1,200
2017,9,20,0.6,34.5,25,29.75,79,1,250
2017,9,21,1.6,30.8,24.8,27.8,84,1,200
2017,9,22,42.4,29.4,23.8,26.6,89,1,250
2017,9,23,-1,31.8,23.8,27.8,87,1,200
2017,9,24,12.8,32.6,23.2,27.9,91,1,300
2017,9,25,16.5,29.6,23.5,26.55,97,1,200
2017,9,26,-1,32.5,24.6,28.55,79,2,160
2017,9,27,0,33,25.2,29.1,82,1,200
2017,9,28,0.2,33.5,24.5,29,79,1,200
2017,9,29,22,32.8,24.6,28.7,88,1,200
2017,9,30,2.2,33.4,24,28.7,86,1,180
2017,10,1,0,33.6,25,29.3,78,2,80
2017,10,2,0.6,32.5,25,28.75,80,1,80
2017,10,3,0,33,25,29,76,1,40
2017,10,4,0,33.7,25,29.35,81,1,190
2017,10,5,0.1,34,24.4,29.2,83,1,60
2017,10,6,0,33.8,24.5,29.15,81,1,240
2017,10,7,0,34.4,25.4,29.9,79,1,220
2017,10,8,3,34.5,25,29.75,81,1,60
2017,10,9,0.6,30,24,27,89,2,200
2017,10,10,-1,32.6,25.6,29.1,78,1,200
2017,10,11,0,34.6,25.8,30.2,72,1,240
2017,10,12,-1,34.5,26,30.25,75,1,190
2017,10,13,4.9,33.2,24.6,28.9,85,2,200
2017,10,14,12.9,31.8,24.4,28.1,91,2,200
2017,10,15,4.2,32.8,24.5,28.65,89,1,200
2017,10,16,18.8,32.8,24.4,28.6,83,1,290
2017,10,17,9.6,31.5,24,27.75,88,2,260
2017,10,18,41.9,31.2,24.2,27.7,89,4,270
2017,10,19,21.8,29.4,24,26.7,91,3,270
2017,10,20,1.4,33,25,29,79,3,250
2017,10,21,10.4,32,23.4,27.7,86,3,270
2017,10,22,0.1,32,24,28,80,2,230
2017,10,23,0.2,33.9,25.5,29.7,75,1,300
2017,10,24,16,31.5,24,27.75,87,1,200
2017,10,25,13.4,32,25,28.5,85,1,250
2017,10,26,0.2,32.5,24.8,28.65,80,1,270
2017,10,27,11.5,32.3,23.5,27.9,85,1,200
2017,10,28,16.9,33.3,23.6,28.45,85,1,160
2017,10,29,0.2,33.7,24.4,29.05,84,1,220
2017,10,30,82,31.7,23.6,27.65,92,1,20
2017,10,31,0.2,29.5,23.8,26.65,88,1,200
2017,11,1,0,31.5,25.2,28.35,87,2,120
2017,11,2,8,33.5,24.2,28.85,82,2,20
2017,11,3,4.2,32.5,23.8,28.15,87,2,90
2017,11,4,14.6,32.7,23.8,28.25,89,1,20
2017,11,5,4.6,33.4,23.8,28.6,83,2,100
2017,11,6,38.4,32.3,24.2,28.25,85,2,50
2017,11,7,34,31.5,24.2,27.85,92,2,80
2017,11,8,7.2,33.5,24,28.75,87,1,40
2017,11,9,4.6,32.5,25,28.75,82,2,90
2017,11,10,10.4,32,24,28,86,1,100
2017,11,11,25.2,31.8,23.4,27.6,98,2,200
2017,11,12,3.8,31,23.8,27.4,94,1,150
2017,11,13,1,33.2,25,29.1,88,2,90
2017,11,14,-1,32.6,24.2,28.4,87,2,60
2017,11,15,55,33,24.4,28.7,81,2,40
2017,11,16,53,31.5,23.4,27.45,91,3,40
2017,11,17,3.8,33.4,24.2,28.8,89,2,60
2017,11,18,6.4,32.2,24,28.1,87,2,80
2017,11,19,3.6,31,24.5,27.75,89,2,60
2017,11,20,29.7,32.5,24.4,28.45,80,3,40
2017,11,21,7.5,32.5,24.6,28.55,89,2,40
2017,11,22,12.7,32.1,25.2,28.65,91,2,30
2017,11,23,10.9,32.5,25,28.75,86,2,60
2017,11,24,0.8,32.6,25.2,28.9,80,3,60
2017,11,25,1.2,32.8,25,28.9,79,3,70
2017,11,26,49.8,32.8,24.5,28.65,90,2,80
2017,11,27,2.7,31.6,25,28.3,88,4,70
2017,11,28,93.3,32.4,24.5,28.45,89,2,30
2017,11,29,0.4,32.8,25.2,29,85,2,90
2017,11,30,0.4,32.6,23.3,27.95,83,2,140
2017,12,1,8.8,32.3,24.6,28.45,84,2,70
2017,12,2,13.2,33.2,24,28.6,87,2,130
2017,12,3,0,32.4,24.5,28.45,83,2,120
2017,12,4,0.4,32,24.8,28.4,82,1,220
2017,12,5,62.8,30.5,24,27.25,93,1,340
2017,12,6,-1,32,25,28.5,85,1,70
2017,12,7,0,32.6,24.2,28.4,83,1,230
2017,12,8,0,33.4,24,28.7,83,1,210
2017,12,9,0,33.6,24.2,28.9,81,1,270
2017,12,10,-1,34.1,24,29.05,87,1,240
2017,12,11,4.8,33.1,23.8,28.45,90,1,260
2017,12,12,-1,32.5,24.2,28.35,86,1,270
2017,12,13,21.2,31.5,23,27.25,89,1,300
2017,12,14,104.6,28.6,22.2,25.4,95,1,270
2017,12,15,39,26.4,19.4,22.9,97,2,270
2017,12,16,0.8,30.8,22.5,26.65,85,3,260
2017,12,17,0,32.4,23.5,27.95,85,1,200
2017,12,18,0,31.6,24,27.8,83,1,140
2017,12,19,13.8,30,23.4,26.7,91,1,190
2017,12,20,14.4,31.3,23.6,27.45,91,1,250
2017,12,21,68.6,28.2,23.2,25.7,92,3,20
2017,12,22,42.5,28.5,23.6,26.05,90,4,70
2017,12,23,1.2,31,23,27,89,3,90
2017,12,24,10.9,31.4,23.9,27.65,87,2,180
2017,12,25,1.8,31.1,24.7,27.9,87,2,30
2017,12,26,10.8,31,24.5,27.75,87,2,80
2017,12,27,3.5,31,23.6,27.3,91,1,180
2017,12,28,1.8,32.3,23.8,28.05,84,2,60
2017,12,29,10.2,32.5,24,28.25,83,2,90
2017,12,30,18.2,30.6,24,27.3,88,2,40
2017,12,31,29.7,30.5,22.5,26.5,90,1,20
2018,1,1,178.8,27,23,25,98,3,170
2018,1,2,1.4,30,23.4,26.7,87,2,90
2018,1,3,3,30.8,24.6,27.7,89,2,130
2018,1,4,13.2,31.7,24.5,28.1,87,2,110
2018,1,5,13.8,29.2,25,27.1,95,2,60
2018,1,6,26.6,32,23.4,27.7,87,3,100
2018,1,7,49.2,31.3,22.7,27,95,2,90
2018,1,8,3.8,30.9,24.5,27.7,88,2,220
2018,1,9,21,30.4,24,27.2,87,3,190
2018,1,10,21,29.7,23,26.35,94,1,160
2018,1,11,1.3,31.2,23.8,27.5,85,2,40
2018,1,12,24,30.5,23,26.75,89,2,40
2018,1,13,78.5,30.7,23.4,27.05,98,1,190
2018,1,14,31.3,31.2,22.5,26.85,88,1,190
2018,1,15,21.4,25.8,23,24.4,96,1,30
2018,1,16,89.6,25,22.5,23.75,98,1,190
2018,1,17,0,29.8,24,26.9,89,2,30
2018,1,18,73.4,29.8,23,26.4,91,1,100
2018,1,19,3.2,31,24.5,27.75,91,2,80
2018,1,20,16.6,29.2,24,26.6,92,3,60
2018,1,21,34.2,29.2,22.2,25.7,97,2,130
2018,1,22,15.8,29.6,24,26.8,93,1,200
2018,1,23,25.7,28,23,25.5,94,1,170
2018,1,24,10.8,28,23.4,25.7,95,1,190
2018,1,25,2,31.2,24,27.6,86,1,20
2018,1,26,9.6,31.5,24.4,27.95,90,1,200
2018,1,27,23.4,31.8,23.5,27.65,88,1,20
2018,1,28,2.8,30.8,22.6,26.7,95,1,60
2018,1,29,2,30,24.5,27.25,90,2,50
2018,1,30,0.2,29.6,23,26.3,85,2,40
2018,1,31,0.4,32,24,28,80,2,40
2018,2,1,29.4,31.8,23,27.4,88,1,340
2018,2,2,28.4,27.5,22.4,24.95,96,1,200
2018,2,3,7.8,27.8,22.5,25.15,96,2,30
2018,2,4,-1,29.2,22.9,26.05,93,1,200
2018,2,5,20.6,30.4,24.2,27.3,92,1,340
2018,2,6,8.8,30.7,24,27.35,89,1,360
2018,2,7,1,30,24.2,27.1,92,1,320
2018,2,8,0,31.6,24.6,28.1,84,1,300
2018,2,9,0,32,22.7,27.35,83,1,200
2018,2,10,0,31.2,23.4,27.3,81,1,220
2018,2,11,1.2,31,24.5,27.75,85,1,330
2018,2,12,184.8,28.5,23,25.75,98,2,20
2018,2,13,83.5,28,23.2,25.6,98,3,50
2018,2,14,5.2,30.5,24,27.25,92,3,90
2018,2,15,0,32.5,24.4,28.45,82,2,90
2018,2,16,0,32.6,24,28.3,80,2,40
2018,2,17,0.4,32,23.5,27.75,87,2,350
2018,2,18,4.2,31.8,23.2,27.5,95,2,70
2018,2,19,5.4,32,24,28,91,2,90
2018,2,20,0.8,32.2,25.5,28.85,86,2,30
2018,2,21,5.4,32,23.6,27.8,90,2,100
2018,2,22,53.8,29.2,23,26.1,94,2,20
2018,2,23,34.4,31.5,22.8,27.15,86,3,40
2018,2,24,141.2,27,21,24,98,1,40
2018,2,25,30.8,29.5,22.5,26,96,3,40
2018,2,26,2.2,31.4,24.9,28.15,87,2,120
2018,2,27,8.6,31.6,23.6,27.6,86,2,130
2018,2,28,3,31.8,24.2,28,82,2,90
2018,3,1,0.6,31.8,24.4,28.1,82,2,50
2018,3,2,5,32.1,24.4,28.25,88,2,40
2018,3,3,0,31.6,23.4,27.5,89,2,150
2018,3,4,9.6,32,23.4,27.7,92,2,90
2018,3,5,5.2,31.2,24.5,27.85,81,1,80
2018,3,6,42,31.5,24,27.75,88,3,40
2018,3,7,1.1,32,24.8,28.4,82,2,50
2018,3,8,0,32.2,24,28.1,83,1,30
2018,3,9,7,31.6,23,27.3,85,2,40
2018,3,10,14,31.4,23,27.2,84,3,30
2018,3,11,19.8,31.2,23,27.1,92,3,60
2018,3,12,6.2,29.5,24.1,26.8,87,2,70
2018,3,13,17.4,29,23,26,96,2,40
2018,3,14,26.2,32.4,23.5,27.95,79,2,20
2018,3,15,0,32.2,24.2,28.2,85,1,200
2018,3,16,18.6,32.5,24.4,28.45,83,1,20
2018,3,17,3.4,30.8,24.2,27.5,89,3,50
2018,3,18,10.4,32.6,23.5,28.05,87,3,40
2018,3,19,11,32.8,23.8,28.3,91,2,110
2018,3,20,3.4,32.8,23.4,28.1,92,2,160
2018,3,21,6.2,32.4,22.1,27.25,95,2,130
2018,3,22,0.8,32.6,24,28.3,89,2,30
2018,3,23,7.2,32.8,23.6,28.2,82,3,30
2018,3,24,71.6,31.5,22.6,27.05,89,3,50
2018,3,25,28.8,29.2,22.5,25.85,90,2,30
2018,3,26,0,30.6,25,27.8,78,2,40
2018,3,27,0,30.6,24.2,27.4,78,1,200
2018,3,28,-1,32.5,25,28.75,80,1,270
2018,3,29,0,32.8,24,28.4,82,1,200
2018,3,30,10.4,33.4,22,27.7,81,1,270
2018,3,31,9.4,32.2,23.2,27.7,89,1,200
2018,4,1,2.4,32.4,23.5,27.95,88,1,100
2018,4,2,0,31,24.4,27.7,83,2,340
2018,4,3,0,32,24.6,28.3,81,2,140
2018,4,4,1.2,32,25,28.5,78,2,30
2018,4,5,0,32.6,22.6,27.6,74,2,60
2018,4,6,0.4,31.7,22.5,27.1,86,2,60
2018,4,7,35,31.8,22.8,27.3,93,1,330
2018,4,8,6,31.6,22.5,27.05,96,1,40
2018,4,9,1.4,32.5,24.5,28.5,83,3,80
2018,4,10,28.5,31.5,25,28.25,87,2,40
2018,4,11,10,31,24.2,27.6,92,2,170
2018,4,12,0.2,32.5,25,28.75,85,2,80
2018,4,13,0,32.1,25,28.55,78,3,110
2018,4,14,19.5,31.5,24.2,27.85,89,2,70
2018,4,15,0,32,25,28.5,81,3,40
2018,4,16,3.6,32.5,25,28.75,77,2,50
2018,4,17,8.4,29.6,24,26.8,89,2,120
2018,4,18,13.6,29.5,23.5,26.5,94,1,180
2018,4,19,36.2,32.2,24,28.1,85,2,120
2018,4,20,6.4,29,24.1,26.55,94,2,90
2018,4,21,4.6,31.4,23.2,27.3,90,2,70
2018,4,22,0,32.5,24.5,28.5,88,2,40
2018,4,23,0,32.5,25.5,29,83,2,70
2018,4,24,-1,32.5,25.6,29.05,81,2,40
2018,4,25,1.8,32.5,25.5,29,79,2,60
2018,4,26,16.6,33.2,24.8,29,83,2,70
2018,4,27,10.6,32.5,25.4,28.95,86,2,40
2018,4,28,0,32.6,24.2,28.4,85,3,60
2018,4,29,0,32.2,24.3,28.25,85,1,200
2018,4,30,6,32.5,25.2,28.85,85,1,40
2018,5,1,19,32,25,28.5,93,2,150
2018,5,2,0.7,31.6,24.5,28.05,89,2,30
2018,5,3,8,32.4,23.6,28,96,1,20
2018,5,4,6.6,32,23.6,27.8,92,2,20
2018,5,5,0.2,32.8,24.3,28.55,90,2,30
2018,5,6,1.2,32.2,23.8,28,88,1,50
2018,5,7,0,32.6,25,28.8,86,2,70
2018,5,8,0,33.4,25.8,29.6,86,2,70
2018,5,9,0,33.5,25.2,29.35,76,1,60
2018,5,10,0,33.5,24.6,29.05,75,2,120
2018,5,11,4,33,24.4,28.7,86,3,50
2018,5,12,0,32.8,25,28.9,84,2,50
2018,5,13,0,33,24.5,28.75,88,1,40
2018,5,14,0,33.5,24,28.75,76,2,100
2018,5,15,0,33.7,26.5,30.1,77,2,150
2018,5,16,1.9,33.5,25.2,29.35,80,2,60
2018,5,17,1.7,32.6,24.8,28.7,85,1,230
2018,5,18,0,33.8,26,29.9,80,1,350
2018,5,19,0,33.8,24.8,29.3,80,1,20
2018,5,20,0,33.6,25.4,29.5,84,1,30
2018,5,21,0,34.2,26,30.1,81,1,180
2018,5,22,0,34.4,25.2,29.8,79,2,90
2018,5,23,1.2,34,24.6,29.3,77,2,50
2018,5,24,-1,33.4,24.8,29.1,80,2,120
2018,5,25,1,32.5,23.6,28.05,86,2,50
2018,5,26,0.6,33.6,25.5,29.55,85,3,70
2018,5,27,-1,34.5,25,29.75,88,2,120
2018,5,28,5.4,32.5,25,28.75,87,2,80
2018,5,29,36,32.5,23.6,28.05,90,1,200
2018,5,30,9.4,31,23.8,27.4,94,2,140
2018,5,31,0.4,32.8,24.8,28.8,83,1,200
2018,6,1,143.9,32.5,23,27.75,86,1,360
2018,6,2,4.6,27.2,23,25.1,91,1,200
2018,6,3,0,31.2,24.7,27.95,84,1,220
2018,6,4,42.1,33.8,24.2,29,83,1,230
2018,6,5,11.4,31.5,24.5,28,93,1,210
2018,6,6,41.2,30,23.6,26.8,89,2,220
2018,6,7,0,32.2,26,29.1,74,2,210
2018,6,8,0,33.4,26.9,30.15,76,1,280
2018,6,9,0.2,34.5,26.6,30.55,69,1,180
2018,6,10,0,34.2,25.4,29.8,73,1,180
2018,6,11,0,34,24.8,29.4,80,1,220
2018,6,12,0,35,25.5,30.25,74,1,200
2018,6,13,0,34.8,27,30.9,72,1,180
2018,6,14,0,34.5,25,29.75,78,1,130
2018,6,15,-1,34.8,25.4,30.1,83,1,220
2018,6,16,0,34.4,25.5,29.95,82,1,230
2018,6,17,1,34.6,25,29.8,83,1,220
2018,6,18,0,34.5,25.4,29.95,86,2,170
2018,6,19,0,34.3,24.7,29.5,79,1,220
2018,6,20,0,34.4,24,29.2,78,1,200
2018,6,21,3.2,34.5,23,28.75,82,2,210
2018,6,22,0.1,34.6,24,29.3,82,1,210
2018,6,23,1.2,32.5,23.7,28.1,81,2,80
2018,6,24,0,34.8,25.4,30.1,79,1,20
2018,6,25,0.2,33.5,24.2,28.85,90,1,340
2018,6,26,0,33.4,23.7,28.55,90,1,220
2018,6,27,0,32.6,23,27.8,83,1,220
2018,6,28,0,34.8,22.8,28.8,77,1,200
2018,6,29,0,35.2,24,29.6,75,1,200
2018,6,30,0,33.6,23.6,28.6,86,2,270
2018,7,1,0,35,24.4,29.7,76,1,220
2018,7,2,0,33,24.8,28.9,78,1,210
2018,7,3,0.4,34,24,29,76,1,230
2018,7,4,0,34.4,25,29.7,77,1,220
2018,7,5,8.2,33.4,24.8,29.1,79,1,270
2018,7,6,0,34.2,24.8,29.5,75,1,240
2018,7,7,0,34.5,25,29.75,74,2,210
2018,7,8,0,34.6,26,30.3,82,1,270
2018,7,9,3.8,34.3,25,29.65,77,1,280
2018,7,10,0,33,25.8,29.4,82,1,210
2018,7,11,3.4,33.6,24.5,29.05,75,1,240
2018,7,12,9.4,31.8,25,28.4,86,2,220
2018,7,13,0,30.6,24.2,27.4,87,1,210
2018,7,14,0,32.6,25,28.8,86,1,250
2018,7,15,5.4,32.8,24.6,28.7,87,3,240
2018,7,16,-1,32.3,25.4,28.85,74,2,220
2018,7,17,0,33,25.4,29.2,77,1,230
2018,7,18,0,34.2,27.2,30.7,80,1,220
2018,7,19,0,33,26.6,29.8,82,1,240
2018,7,20,0,34.5,27.6,31.05,77,2,210
2018,7,21,0,34.2,27,30.6,81,1,220
2018,7,22,4.8,34.4,25.4,29.9,89,2,270
2018,7,23,1,32,26.8,29.4,78,2,240
2018,7,24,13,33,25.4,29.2,83,2,280
2018,7,25,37.2,32.5,25.8,29.15,84,2,260
2018,7,26,0,33.6,27.5,30.55,74,1,270
2018,7,27,0.4,34.8,26.5,30.65,71,2,270
2018,7,28,0.2,34.6,26.6,30.6,75,1,270
2018,7,29,0.4,34.5,26,30.25,78,1,250
2018,7,30,2.3,33.8,24.6,29.2,78,2,230
2018,7,31,-1,33.2,25.6,29.4,82,2,250
2018,8,1,-1,33.8,26.4,30.1,75,2,270
2018,8,2,1,34.4,24.8,29.6,75,2,270
2018,8,3,-1,30,25,27.5,82,2,220
2018,8,4,7,31.2,25,28.1,81,1,220
2018,8,5,0,32.5,25.2,28.85,84,1,220
2018,8,6,0,31.9,27.2,29.55,84,2,220
2018,8,7,0,32.6,26,29.3,82,2,250
2018,8,8,0,34.2,26.4,30.3,81,2,210
2018,8,9,0,33.8,27.5,30.65,76,1,220
2018,8,10,0,32.6,26.6,29.6,81,2,230
2018,8,11,0,33.6,27,30.3,80,2,220
2018,8,12,0,34.4,27,30.7,76,3,270
2018,8,13,0,34.5,25.5,30,80,2,200
2018,8,14,0,34.9,27.2,31.05,65,1,200
2018,8,15,0,35,27,31,73,2,270
2018,8,16,0,33.5,27.4,30.45,82,2,220
2018,8,17,-1,32.6,26.5,29.55,81,1,240
2018,8,18,0,35.2,26.4,30.8,74,1,250
2018,8,19,-1,34.5,26.5,30.5,80,1,260
2018,8,20,4.3,35,26,30.5,76,2,150
2018,8,21,-1,35,26,30.5,72,2,220
2018,8,22,-1,35.2,25,30.1,77,1,190
2018,8,23,0,36,26.2,31.1,71,1,240
2018,8,24,0,35.6,26.6,31.1,70,1,320
2018,8,25,-1,35.5,25.5,30.5,75,1,220
2018,8,26,0,35.2,25,30.1,83,2,40
2018,8,27,0,35,24.6,29.8,75,1,240
2018,8,28,12,34.4,25.4,29.9,78,1,220
2018,8,29,0,34.8,25,29.9,78,1,20
2018,8,30,7.4,32.5,24,28.25,82,1,200
2018,8,31,21.2,28.8,24,26.4,91,1,320
2018,9,1,-1,32.5,25,28.75,86,1,240
2018,9,2,0,33.4,26,29.7,87,3,240
2018,9,3,0,32.9,25,28.95,92,2,220
2018,9,4,-1,33.5,25.4,29.45,86,2,230
2018,9,5,0,32.6,25.2,28.9,84,2,250
2018,9,6,10.2,34.5,25,29.75,83,1,220
2018,9,7,0.8,34,26,30,83,1,270
2018,9,8,17.2,33.2,22.8,28,84,1,40
2018,9,9,0,33.4,24.5,28.95,86,1,200
2018,9,10,45,33.4,23.4,28.4,80,1,220
2018,9,11,47.4,33.4,23.8,28.6,79,1,270
2018,9,12,50.4,33.1,23.9,28.5,90,2,220
2018,9,13,1.6,32.5,25,28.75,77,3,230
2018,9,14,2.1,33.5,24.8,29.15,85,3,220
2018,9,15,0,33.8,24.8,29.3,82,1,170
2018,9,16,0,34.2,25,29.6,84,1,160
2018,9,17,4.3,32,23.5,27.75,79,1,30
2018,9,18,-1,32,24.6,28.3,84,1,200
2018,9,19,44,34.4,23.2,28.8,76,1,320
2018,9,20,8.2,32.5,24.6,28.55,86,1,230
2018,9,21,0.6,33,25,29,82,1,340
2018,9,22,2.4,33.5,23.5,28.5,79,1,230
2018,9,23,5.2,32.6,24.5,28.55,79,1,270
2018,9,24,0,32.4,26.5,29.45,75,2,220
2018,9,25,0,32.2,25.2,28.7,78,1,240
2018,9,26,0,33.5,26.5,30,75,2,240
2018,9,27,0,34,26.8,30.4,75,2,220
2018,9,28,0,34,26.4,30.2,74,1,270
2018,9,29,0,33.6,25,29.3,78,1,220
2018,9,30,-1,35.6,26.2,30.9,81,1,260
2018,10,1,84.8,32.2,24.2,28.2,85,1,220
2018,10,2,0,34.5,24,29.25,78,1,260
2018,10,3,1.6,34,24.4,29.2,81,1,250
2018,10,4,0,34.5,24.5,29.5,81,1,250
2018,10,5,0,33.5,25.5,29.5,80,1,50
2018,10,6,0,33.6,23.6,28.6,80,1,20
2018,10,7,2,33.8,24,28.9,80,1,40
2018,10,8,0.4,33.8,25.6,29.7,80,1,40
2018,10,9,0,34.2,24.5,29.35,78,1,70
2018,10,10,0,34.5,25,29.75,75,2,40
2018,10,11,14.6,34.2,25,29.6,76,2,90
2018,10,12,3.1,33,25.1,29.05,85,1,90
2018,10,13,1.2,33.5,24,28.75,77,1,90
2018,10,14,0.6,33.2,25,29.1,82,1,40
2018,10,15,0.6,31.4,24.2,27.8,85,1,360
2018,10,16,0,33.5,25.6,29.55,83,1,20
2018,10,17,-1,33.6,25,29.3,80,1,90
2018,10,18,0,33.5,23.6,28.55,76,1,40
2018,10,19,1,32,24.2,28.1,84,1,40
2018,10,20,1.2,31.8,24.8,28.3,85,1,20
2018,10,21,3.4,32.6,24,28.3,87,1,340
2018,10,22,0,32.9,23.6,28.25,82,2,60
2018,10,23,0,32.5,25.2,28.85,81,1,10
2018,10,24,0,32.5,24.6,28.55,82,1,20
2018,10,25,0,33.5,25.6,29.55,76,1,360
2018,10,26,2.8,33,24.4,28.7,76,1,320
2018,10,27,0.8,32.4,23.6,28,79,1,20
2018,10,28,0,33.4,25.5,29.45,76,1,280
2018,10,29,26.3,32.6,24.5,28.55,80,1,200
2018,10,30,0,33.4,25,29.2,77,1,200
2018,10,31,1,33.2,25.2,29.2,75,1,160
2018,11,1,-1,33.2,26.4,29.8,76,2,40
2018,11,2,81.1,32.5,24,28.25,89,1,180
2018,11,3,35.1,32.2,24.6,28.4,87,1,20
2018,11,4,35.2,32,23.4,27.7,91,1,50
2018,11,5,18.7,32,23.9,27.95,87,1,90
2018,11,6,9.2,28.9,24.6,26.75,89,1,60
2018,11,7,7,32,25,28.5,81,3,40
2018,11,8,6.9,32,24.8,28.4,86,2,40
2018,11,9,59.6,32.6,23.8,28.2,81,2,40
2018,11,10,64,29,22.1,25.55,96,1,40
2018,11,11,5.4,30.4,24.2,27.3,85,1,50
2018,11,12,40.4,29.9,24,26.95,89,1,60
2018,11,13,14,30.2,24.2,27.2,86,1,30
2018,11,14,8,31,24,27.5,90,2,140
2018,11,15,8.1,31.2,23,27.1,88,2,40
2018,11,16,17.8,31.5,23,27.25,84,1,20
2018,11,17,2.8,31.6,23,27.3,82,1,60
2018,11,18,0.3,31,23,27,85,1,40
2018,11,19,46.2,29,20.3,24.65,86,1,180
2018,11,20,7.1,29.5,21.5,25.5,90,1,270
2018,11,21,4.2,32.2,24.6,28.4,85,1,90
2018,11,22,0,31.8,24.8,28.3,81,1,20
2018,11,23,0,31.4,23,27.2,80,1,40
2018,11,24,0,30.8,23.4,27.1,83,1,220
2018,11,25,30.8,31.2,22.6,26.9,84,1,50
2018,11,26,1.4,31,24.5,27.75,77,1,180
2018,11,27,6.7,29.5,24,26.75,90,1,180
2018,11,28,30.8,31,23.8,27.4,91,1,180
2018,11,29,4.4,32.5,24.3,28.4,81,1,40
2018,11,30,47.8,31.6,24,27.8,86,2,40
2018,12,1,11.8,28.6,23,25.8,88,2,40
2018,12,2,21.4,28.5,22.4,25.45,90,2,120
2018,12,3,7.1,31.4,24,27.7,85,1,190
2018,12,4,25.7,31.5,24.8,28.15,84,2,60
2018,12,5,23.3,31.8,24,27.9,87,2,50
2018,12,6,5.6,32.4,25,28.7,85,3,90
2018,12,7,50,31,22.5,26.75,83,5,20
2018,12,8,25.6,32.2,24.7,28.45,84,2,50
2018,12,9,10.2,32,24.5,28.25,84,2,80
2018,12,10,11,31.8,24.8,28.3,82,2,60
2018,12,11,0.8,32,23.6,27.8,84,2,180
2018,12,12,22.7,31.6,24,27.8,88,1,20
2018,12,13,46,31,24,27.5,86,1,120
2018,12,14,19.5,30.8,24,27.4,89,2,60
2018,12,15,11,31.2,25.6,28.4,87,2,80
2018,12,16,0,31.5,24,27.75,83,2,20
2018,12,17,11.2,31.7,24,27.85,84,1,30
2018,12,18,36.1,31,23.6,27.3,91,2,20
2018,12,19,94.2,31.1,23,27.05,83,2,20
2018,12,20,27.2,29,23.4,26.2,94,1,220
2018,12,21,32.5,28.5,22.8,25.65,93,1,220
2018,12,22,51.8,28,23.2,25.6,93,1,40
2018,12,23,17.8,28.4,22.6,25.5,91,1,50
2018,12,24,2.1,28.4,23.4,25.9,89,1,170
2018,12,25,1.3,30.4,24.4,27.4,91,1,20
2018,12,26,0,31.7,24.1,27.9,84,1,320
2018,12,27,31.9,31.2,23.5,27.35,87,1,160
2018,12,28,1.4,29.5,24.2,26.85,86,1,270
2018,12,29,6.5,31.5,24,27.75,83,3,90
2018,12,30,23.4,31.5,23.6,27.55,87,2,40
2018,12,31,17.3,32,23.9,27.95,82,3,140
2019,1,1,5.3,31.5,24.5,28,83,2,40
2019,1,2,2,31.2,24,27.6,83,3,40
2019,1,3,21.2,31.8,24.6,28.2,82,4,40
2019,1,4,88.9,29.1,22.3,25.7,94,3,60
2019,1,5,0,30.6,24,27.3,79,3,40
2019,1,6,0.8,31.6,23.2,27.4,84,3,40
2019,1,7,4.2,31.5,22.7,27.1,78,2,20
2019,1,8,4.4,31.6,24,27.8,74,4,60
2019,1,9,32.6,31.5,24.2,27.85,75,4,80
2019,1,10,45.8,28.2,22.6,25.4,93,3,40
2019,1,11,-1,30.8,24.8,27.8,83,3,40
2019,1,12,10,31.2,23.9,27.55,81,1,40
2019,1,13,10,31.8,23,27.4,84,3,40
2019,1,14,8.8,31.4,23.6,27.5,77,4,60
2019,1,15,1.3,31.3,24.1,27.7,71,4,70
2019,1,16,4.1,29.5,23.2,26.35,85,4,40
2019,1,17,0.2,31.6,24.3,27.95,77,4,40
2019,1,18,3.8,31,22,26.5,87,3,20
2019,1,19,29.8,30.6,23.8,27.2,85,1,30
2019,1,20,25.8,30.8,22.5,26.65,91,2,20
2019,1,21,0,31.5,24,27.75,86,1,60
2019,1,22,0,31.4,23.9,27.65,82,1,350
2019,1,23,21.8,31.2,24.4,27.8,90,1,180
2019,1,24,10,31,24,27.5,86,2,90
2019,1,25,20.9,30.2,23.4,26.8,91,3,40
2019,1,26,0.1,31,22.6,26.8,82,2,20
2019,1,27,0.4,31.5,22.4,26.95,84,3,20
2019,1,28,0,31.6,22.4,27,85,3,20
2019,1,29,0.8,31.5,22.4,26.95,80,2,40
2019,1,30,18.2,30.4,22.6,26.5,92,2,20
2019,1,31,8.8,31.3,23.2,27.25,86,3,40
2019,2,1,0.2,31.6,22.1,26.85,81,2,40
2019,2,2,5,29.8,22.7,26.25,94,2,40
2019,2,3,2.5,31.2,23,27.1,85,4,20
2019,2,4,26.4,31.2,23.5,27.35,91,2,20
2019,2,5,8.4,31.5,23.8,27.65,89,4,50
2019,2,6,0,31.8,22.3,27.05,82,3,40
2019,2,7,5.8,31.6,23.6,27.6,84,2,60
2019,2,8,1.2,32,22.6,27.3,84,2,90
2019,2,9,23.8,30.1,23.8,26.95,95,1,70
2019,2,10,12,31.6,24,27.8,86,3,70
2019,2,11,0,31.6,24.1,27.85,79,4,80
2019,2,12,0.4,32.2,23.6,27.9,79,4,90
2019,2,13,0.6,32.5,23.6,28.05,85,2,50
2019,2,14,18,31.6,23,27.3,88,2,20
2019,2,15,9.6,30.9,22.8,26.85,91,2,160
2019,2,16,4.8,30.8,22,26.4,91,2,160
2019,2,17,-1,31.3,22.5,26.9,81,2,70
2019,2,18,1.9,31.2,23,27.1,88,2,80
2019,2,19,-1,31,22.1,26.55,77,3,70
2019,2,20,0,32.2,22.3,27.25,75,3,40
2019,2,21,0,32,20.4,26.2,76,2,50
2019,2,22,0.9,31.3,21.4,26.35,85,1,60
2019,2,23,5.4,29.6,21.6,25.6,90,2,180
2019,2,24,0,31.9,21.3,26.6,82,2,180
2019,2,25,0,32.4,20.8,26.6,84,2,30
2019,2,26,0,32,19.7,25.85,81,2,40
2019,2,27,-1,32.2,21,26.6,75,2,40
2019,2,28,45.6,30.4,22.8,26.6,90,2,30
2019,3,1,0.2,31.8,24.7,28.25,83,2,50
2019,3,2,4.2,30.1,23,26.55,89,2,60
2019,3,3,8,30.2,22.8,26.5,94,2,30
2019,3,4,0.2,31.5,24.1,27.8,84,2,90
2019,3,5,31.8,30.8,23,26.9,95,3,80
2019,3,6,12.2,32.2,23.4,27.8,80,2,40
2019,3,7,1.2,32.4,22.7,27.55,79,3,70
2019,3,8,0,30.9,22.8,26.85,81,2,150
2019,3,9,0,31.6,22.8,27.2,79,2,150
2019,3,10,0,31.5,22.9,27.2,82,2,140
2019,3,11,0,31.6,22.8,27.2,83,2,80
2019,3,12,0,32.6,23.4,28,84,2,20
2019,3,13,-1,32.8,23.1,27.95,76,3,40
2019,3,14,0,32,22.4,27.2,77,3,60
2019,3,15,0.4,32.2,24.4,28.3,86,3,60
2019,3,16,14.8,32.2,23.6,27.9,81,3,60
2019,3,17,10,32.5,23.4,27.95,82,3,40
2019,3,18,17.2,32,24,28,89,3,50
2019,3,19,30.3,28.2,23,25.6,91,4,70
2019,3,20,0,32.2,24.5,28.35,84,3,60
2019,3,21,0,32.5,23.7,28.1,81,3,150
2019,3,22,0,32.1,23.4,27.75,80,2,70
2019,3,23,0,31.8,23.8,27.8,80,3,160
2019,3,24,0.7,31.4,23,27.2,79,3,60
2019,3,25,0,32.2,23,27.6,79,2,70
2019,3,26,9.2,33.1,24.2,28.65,81,2,20
2019,3,27,48,29.2,24,26.6,90,2,60
2019,3,28,1.4,32.5,23.5,28,83,2,100
2019,3,29,0,32.8,22.9,27.85,76,2,160
2019,3,30,0,32,22.5,27.25,76,2,30
2019,3,31,0,31.9,23.9,27.9,76,2,70
2019,4,1,5.6,32.4,23,27.7,87,2,10
2019,4,2,0,32.2,23.8,28,83,3,100
2019,4,3,0,32.8,24.5,28.65,77,2,40
2019,4,4,1.6,29.5,23.3,26.4,84,2,120
2019,4,5,15.3,30.1,23.6,26.85,91,2,60
2019,4,6,27.1,30.3,23.2,26.75,89,2,120
2019,4,7,23.2,30.2,23.4,26.8,84,3,50
2019,4,8,32.8,29.2,24,26.6,92,2,50
2019,4,9,2.8,29.4,24.5,26.95,88,2,100
2019,4,10,9.6,31.8,25,28.4,85,2,70
2019,4,11,0,32.2,25.4,28.8,85,2,90
2019,4,12,0,32.2,25.6,28.9,84,3,60
2019,4,13,1.3,32,22.5,27.25,81,3,100
2019,4,14,1.2,32,24.5,28.25,86,2,80
2019,4,15,0,32.4,24.5,28.45,84,2,100
2019,4,16,0,32.3,23.6,27.95,76,3,110
2019,4,17,0,32.5,25.5,29,81,2,100
2019,4,18,0,33.6,25,29.3,76,2,100
2019,4,19,2.2,32.5,24.3,28.4,85,2,80
2019,4,20,0,32.3,24.4,28.35,80,3,60
2019,4,21,0,32.2,24.4,28.3,77,3,70
2019,4,22,0,32.8,24.5,28.65,76,3,100
2019,4,23,0.5,33.2,25.4,29.3,76,2,60
2019,4,24,0,33.5,25.8,29.65,77,2,110
2019,4,25,-1,32.5,25.8,29.15,76,3,90
2019,4,26,0,33.3,24.8,29.05,77,3,90
2019,4,27,0,32.6,25.2,28.9,80,3,40
2019,4,28,4.7,32.1,24.4,28.25,87,2,100
2019,4,29,4.4,32.6,24,28.3,86,2,60
2019,4,30,0,32.5,24.5,28.5,83,3,50
2019,5,1,0,33.2,24.9,29.05,79,2,40
2019,5,2,0,33.6,24.5,29.05,77,2,60
2019,5,3,0,32.4,24.4,28.4,79,2,190
2019,5,4,0,33.8,24.2,29,73,2,200
2019,5,5,0,34,24.7,29.35,80,2,90
2019,5,6,2.6,34.2,24.4,29.3,74,1,250
2019,5,7,0,34,26.5,30.25,78,1,200
2019,5,8,0,34.8,26.4,30.6,75,1,220
2019,5,9,-1,34.8,25.6,30.2,76,1,210
2019,5,10,0,34.6,25.2,29.9,74,1,230
2019,5,11,0,34.4,25.8,30.1,75,1,210
2019,5,12,0,34,26,30,78,1,160
2019,5,13,0.1,33.9,27.2,30.55,79,2,120
2019,5,14,0,34.8,27.2,31,77,2,60
2019,5,15,0,35.1,26.5,30.8,77,1,50
2019,5,16,0,35.2,26,30.6,78,2,160
2019,5,17,59.2,34.2,25.1,29.65,81,1,210
2019,5,18,0,34.8,25.1,29.95,76,1,220
2019,5,19,0,34.8,25.3,30.05,79,1,230
2019,5,20,0,34.4,25.2,29.8,78,1,220
2019,5,21,0,35.2,25.9,30.55,82,1,240
2019,5,22,0,35.3,25.8,30.55,79,1,250
2019,5,23,0,34.3,26.8,30.55,78,1,220
2019,5,24,0,34.6,25.5,30.05,77,1,70
2019,5,25,0,34.6,25.3,29.95,80,1,40
2019,5,26,0,34,25.7,29.85,75,1,180
2019,5,27,0,35.2,25.7,30.45,81,2,110
2019,5,28,0,35,24.5,29.75,82,2,30
2019,5,29,11.7,35.3,25,30.15,80,2,120
2019,5,30,0.6,30.5,25,27.75,90,2,60
2019,5,31,14.4,33,25.9,29.45,84,2,70
2019,6,1,24.5,32.5,25,28.75,88,2,90
2019,6,2,0.1,32.6,25.5,29.05,85,2,70
2019,6,3,3.8,32.4,24.9,28.65,81,1,30
2019,6,4,7.6,32.8,24.4,28.6,82,2,70
2019,6,5,27.8,32.5,24.3,28.4,87,1,180
2019,6,6,0.6,31.5,24.4,27.95,87,2,70
2019,6,7,0.8,32.4,24.4,28.4,82,2,120
2019,6,8,3.6,32.6,24.8,28.7,92,2,100
2019,6,9,0,33.2,24.5,28.85,81,1,270
2019,6,10,0,33.8,25.9,29.85,77,1,190
2019,6,11,0,34.6,25,29.8,84,1,230
2019,6,12,0,35.2,26,30.6,82,1,250
2019,6,13,0,35,26.2,30.6,82,1,210
2019,6,14,14,34.8,25.4,30.1,81,2,210
2019,6,15,0,34.6,26.6,30.6,81,1,210
2019,6,16,6.8,35.4,27,31.2,79,1,140
2019,6,17,4.6,34.6,26,30.3,79,2,120
2019,6,18,1.2,34.4,25,29.7,77,2,50
2019,6,19,0,34.8,25.6,30.2,81,2,70
2019,6,20,0,34.6,25.6,30.1,84,1,340
2019,6,21,0,34.2,25.6,29.9,79,1,220
2019,6,22,0,34.4,26,30.2,79,1,200
2019,6,23,0.4,34.2,27.3,30.75,77,1,250
2019,6,24,11.4,33.2,26,29.6,80,1,250
2019,6,25,0,34.6,25.5,30.05,77,1,240
2019,6,26,1.4,34.2,25.4,29.8,77,1,230
2019,6,27,-1,34.5,26.5,30.5,79,1,240
2019,6,28,0,32.5,26.8,29.65,81,1,220
2019,6,29,5.6,32.1,24.7,28.4,82,1,220
2019,6,30,0,33.5,25,29.25,81,1,220
2019,7,1,0,32.4,25.8,29.1,83,2,220
2019,7,2,0.6,34.4,25.1,29.75,84,1,220
2019,7,3,0.6,34.2,24.5,29.35,87,2,200
2019,7,4,3,30.5,24.8,27.65,84,1,120
2019,7,5,3.4,32.2,24,28.1,83,1,150
2019,7,6,0,33.8,25.5,29.65,81,1,150
2019,7,7,0.1,34,25.3,29.65,85,1,260
2019,7,8,0,33.7,25,29.35,84,1,210
2019,7,9,0,33.8,25,29.4,81,1,280
2019,7,10,-1,33.4,23.8,28.6,89,1,150
2019,7,11,0,33.5,24.8,29.15,81,1,200
2019,7,12,5.4,32.1,23.6,27.85,86,1,230
2019,7,13,0.4,32.6,24.6,28.6,86,2,240
2019,7,14,7.3,31.8,24.3,28.05,83,1,360
2019,7,15,30,30,23.9,26.95,90,2,280
2019,7,16,2.3,29.5,24.3,26.9,82,2,220
2019,7,17,0,33.6,23.9,28.75,79,2,190
2019,7,18,0,33.1,24.8,28.95,77,1,110
2019,7,19,0,33.4,25.1,29.25,81,1,220
2019,7,20,0,33.5,24.9,29.2,78,1,350
2019,7,21,0,33.5,24.8,29.15,75,1,270
2019,7,22,27.3,34.2,23.5,28.85,77,1,300
2019,7,23,3.6,32.1,23.6,27.85,81,1,270
2019,7,24,0.7,32.8,24,28.4,83,1,220
2019,7,25,0,33.6,26,29.8,78,1,230
2019,7,26,0,32.8,25.4,29.1,82,1,220
2019,7,27,3,30.8,25,27.9,83,1,220
2019,7,28,15,29,23.8,26.4,91,1,270
2019,7,29,0.2,32,25.6,28.8,82,1,220
2019,7,30,58.3,33.2,24,28.6,76,1,280
2019,7,31,5,32.2,25,28.6,85,1,200
2019,8,1,0.4,30.6,26.4,28.5,81,1,220
2019,8,2,2.8,30.5,24.6,27.55,84,2,220
2019,8,3,16.8,31.2,24.2,27.7,80,2,250
2019,8,4,0.6,32.6,25,28.8,77,3,240
2019,8,5,-1,33.4,26,29.7,73,2,310
2019,8,6,0,33.8,26.9,30.35,78,2,220
2019,8,7,0,32.5,26,29.25,82,1,200
2019,8,8,0,34.2,25.4,29.8,77,2,210
2019,8,9,0,34.8,25.1,29.95,72,2,200
2019,8,10,0,34.5,25.1,29.8,72,2,210
2019,8,11,0,35.4,25.5,30.45,68,1,220
2019,8,12,0,35.6,27.4,31.5,68,1,210
2019,8,13,0,34.8,26.6,30.7,74,2,220
2019,8,14,0,35,26,30.5,76,1,260
2019,8,15,0,34.5,26.4,30.45,77,1,200
2019,8,16,-1,35,25.5,30.25,77,1,270
2019,8,17,0,34.9,24.3,29.6,77,1,240
2019,8,18,0.3,35.2,26.6,30.9,73,1,220
2019,8,19,0,34.6,25.4,30,76,1,220
2019,8,20,-1,32.8,25.2,29,75,2,290
2019,8,21,0.2,32,26,29,80,2,270
2019,8,22,0,32.6,26.5,29.55,74,2,250
2019,8,23,0,33,23.8,28.4,74,1,220
2019,8,24,0,34.8,23.6,29.2,74,1,220
2019,8,25,-1,35.2,25.5,30.35,76,1,270
2019,8,26,17.4,31.5,24,27.75,86,2,270
2019,8,27,0,31,24.8,27.9,81,2,220
2019,8,28,2,33,25,29,78,1,150
2019,8,29,9.8,32.3,24.6,28.45,81,1,280
2019,8,30,0.5,32.5,24.7,28.6,82,1,200
2019,8,31,-1,32.6,24.2,28.4,85,1,270
2019,9,1,6.5,33,24.5,28.75,86,1,260
2019,9,2,0.4,32.9,25,28.95,85,2,190
2019,9,3,0,32.5,24.4,28.45,79,1,270
2019,9,4,-1,34.2,26.4,30.3,78,1,230
2019,9,5,0.2,33.7,26.3,30,83,1,240
2019,9,6,0,34.5,27.6,31.05,72,2,190
2019,9,7,0,33.5,25.9,29.7,82,2,240
2019,9,8,0,34.2,26.4,30.3,82,1,240
2019,9,9,-1,33.4,27.4,30.4,82,1,260
2019,9,10,5,32.1,27,29.55,83,1,220
2019,9,11,1.4,33.5,26,29.75,77,2,220
2019,9,12,7.2,31.6,24.5,28.05,82,2,200
2019,9,13,-1,33.4,26.5,29.95,73,2,230
2019,9,14,-1,33.2,26.5,29.85,81,2,240
2019,9,15,0,33.4,26.5,29.95,78,2,220
2019,9,16,0,33.6,26,29.8,73,1,210
2019,9,17,0,35,25.5,30.25,68,1,230
2019,9,18,0,34.5,25.1,29.8,71,1,280
2019,9,19,0,35,26.5,30.75,71,1,220
2019,9,20,0,35.6,26,30.8,69,1,200
2019,9,21,0,35.5,25.6,30.55,74,1,220
2019,9,22,0,35.8,25,30.4,73,1,180
2019,9,23,0,32.5,24,28.25,77,2,70
2019,9,24,0,32.5,25.7,29.1,77,2,90
2019,9,25,3.4,33,26,29.5,81,1,30
2019,9,26,0,33.5,25,29.25,80,1,90
2019,9,27,0,33.5,26,29.75,76,1,60
2019,9,28,0,35.2,25.4,30.3,77,2,210
2019,9,29,0,34.4,24.5,29.45,81,1,260
2019,9,30,0,34.5,25,29.75,77,1,250
2019,10,1,10.4,34.1,24.5,29.3,77,1,140
2019,10,2,0,34.5,25.6,30.05,77,1,220
2019,10,3,0,34,25,29.5,77,1,230
2019,10,4,0,33.8,24.4,29.1,74,2,180
2019,10,5,-1,32.8,24.5,28.65,80,1,240
2019,10,6,0,33,25,29,80,2,30
2019,10,7,0,31.4,25,28.2,80,1,360
2019,10,8,20.8,33.5,24.5,29,78,1,200
2019,10,9,14.5,33.8,25,29.4,77,1,250
2019,10,10,-1,30.6,24.5,27.55,86,1,200
2019,10,11,12,33,23,28,82,1,200
2019,10,12,0.4,32.4,24.5,28.45,85,1,150
2019,10,13,0.1,30.4,24.5,27.45,86,2,100
2019,10,14,0,31.4,25,28.2,83,1,20
2019,10,15,0.8,30,24.5,27.25,86,1,200
2019,10,16,3.9,30.6,25,27.8,84,1,20
2019,10,17,0.1,30,24.5,27.25,90,1,200
2019,10,18,0,31.2,25.2,28.2,85,1,60
2019,10,19,2.2,32.4,25,28.7,83,2,30
2019,10,20,0,32.8,25,28.9,82,2,60
2019,10,21,0,33,25.5,29.25,78,2,80
2019,10,22,0,33,25.5,29.25,75,2,190
2019,10,23,0,32.6,25,28.8,77,2,110
2019,10,24,-1,32,25,28.5,78,2,180
2019,10,25,2.2,33,24.3,28.65,84,2,80
2019,10,26,13.2,31,23.8,27.4,88,1,350
2019,10,27,38.8,28.4,22.5,25.45,95,1,220
2019,10,28,11.2,32,24,28,79,1,180
2019,10,29,0.4,31.4,25,28.2,81,2,80
2019,10,30,43.7,28.2,20.8,24.5,94,1,230
2019,10,31,0.6,28,24.2,26.1,91,1,70
2019,11,1,6.6,30,24.5,27.25,94,1,200
2019,11,2,1,30.6,24.6,27.6,87,1,200
2019,11,3,0,32,25.4,28.7,80,1,300
2019,11,4,8.6,32.6,23.5,28.05,85,1,290
2019,11,5,1.8,32.4,25.5,28.95,83,2,260
2019,11,6,0,32,26.5,29.25,79,1,210
2019,11,7,0,32.6,25.4,29,76,2,260
2019,11,8,0,33.6,24.3,28.95,80,1,220
2019,11,9,0,33.4,26.4,29.9,78,1,280
2019,11,10,4,32.4,25,28.7,86,1,260
2019,11,11,6.4,29,24,26.5,92,1,210
2019,11,12,0.2,30.8,23.8,27.3,85,1,350
2019,11,13,-1,30,24.8,27.4,83,1,220
2019,11,14,0,31.8,26.8,29.3,81,2,220
2019,11,15,0,32.2,27,29.6,79,2,220
2019,11,16,45.9,33,25.2,29.1,84,2,200
2019,11,17,-1,32.4,24,28.2,89,1,150
2019,11,18,0,34,25,29.5,81,1,210
2019,11,19,0,33,24.2,28.6,81,1,210
2019,11,20,2.9,33.5,24.6,29.05,77,1,200
2019,11,21,20.2,33,24.5,28.75,85,2,60
2019,11,22,-1,31,24.9,27.95,87,2,160
2019,11,23,14.6,32,23.5,27.75,87,1,20
2019,11,24,8.6,31.3,23.5,27.4,88,2,220
2019,11,25,2.1,30.5,24.5,27.5,89,1,200
2019,11,26,23.4,29.2,24,26.6,88,2,30
2019,11,27,29.2,31,23.8,27.4,85,2,80
2019,11,28,32.6,31.8,24,27.9,88,1,20
2019,11,29,5.9,32,24.2,28.1,88,2,60
2019,11,30,-1,31.6,25,28.3,79,2,20
2019,12,1,3.2,32.5,25,28.75,76,2,240
2019,12,2,7.5,33,24,28.5,82,3,230
2019,12,3,-1,32.5,24.6,28.55,83,1,220
2019,12,4,0,32.5,25.5,29,83,1,40
2019,12,5,0,32,25,28.5,84,2,60
2019,12,6,0,32,24.8,28.4,85,1,30
2019,12,7,0,31.5,25,28.25,83,1,220
2019,12,8,0,32,25.5,28.75,84,1,200
2019,12,9,13,30.6,24.5,27.55,89,1,20
2019,12,10,1.6,30.8,25,27.9,89,2,40
2019,12,11,-1,31,24.5,27.75,81,2,30
2019,12,12,34.2,31,24.4,27.7,89,2,30
2019,12,13,61.8,28,22.2,25.1,96,3,140
2019,12,14,7.4,32,24.8,28.4,91,3,70
2019,12,15,28.6,32,23,27.5,82,4,40
2019,12,16,104.8,30.6,23.5,27.05,92,3,40
2019,12,17,17.5,31.5,22.5,27,92,2,70
2019,12,18,14.6,30.6,23.5,27.05,89,2,40
2019,12,19,8.6,30.5,23,26.75,95,2,140
2019,12,20,27.1,29.5,23,26.25,94,3,120
2019,12,21,68.2,27.2,22.5,24.85,97,1,160
2019,12,22,-1,29.5,23.5,26.5,92,1,200
2019,12,23,0.4,30.8,23.8,27.3,82,1,250
2019,12,24,42.8,29.5,21.6,25.55,89,2,200
2019,12,25,-1,30.5,25,27.75,89,3,140
2019,12,26,-1,31,24.6,27.8,87,2,110
2019,12,27,14.3,31,23.5,27.25,85,2,110
2019,12,28,2.3,31.5,24.5,28,84,3,90
2019,12,29,0,31.8,23.1,27.45,80,3,70
2019,12,30,2.2,31,23.2,27.1,85,3,140
2019,12,31,0,31.5,25.2,28.35,78,4,50
2020,1,1,7.2,30.6,25.4,28,84,4,60
2020,1,2,0.6,31,24.4,27.7,80,4,50
2020,1,3,2.4,30.5,24.6,27.55,78,3,90
2020,1,4,11,31.4,24,27.7,84,3,50
2020,1,5,2.6,30.5,24.5,27.5,87,3,70
2020,1,6,0.4,31,24.1,27.55,83,2,60
2020,1,7,0.8,32.6,24.5,28.55,78,2,90
2020,1,8,65.8,31,22.9,26.95,81,3,70
2020,1,9,7.6,30.5,24.5,27.5,90,2,40
2020,1,10,7.1,30,24,27,89,3,50
2020,1,11,15.8,28.5,24,26.25,87,1,30
2020,1,12,13.6,28.5,23.2,25.85,94,1,20
2020,1,13,0,29.5,24,26.75,93,1,20
2020,1,14,0,30.5,24,27.25,83,1,30
2020,1,15,6,31,25,28,91,1,30
2020,1,16,0.1,31.5,24.5,28,85,3,100
2020,1,17,0,31,23.5,27.25,82,2,110
2020,1,18,0,30.5,24.3,27.4,84,2,90
2020,1,19,9.8,31,24.8,27.9,82,2,50
2020,1,20,16.8,28.5,24,26.25,86,4,40
2020,1,21,1,30.6,24.5,27.55,69,3,40
2020,1,22,12,29.5,23.9,26.7,86,4,40
2020,1,23,15.9,30.5,23.6,27.05,86,3,120
2020,1,24,44.4,30,24.5,27.25,91,3,110
2020,1,25,0.3,30,22.5,26.25,88,3,150
2020,1,26,0,30.8,24.5,27.65,82,2,100
2020,1,27,0,31.8,25,28.4,85,2,90
2020,1,28,0,31,24.9,27.95,85,2,110
2020,1,29,-1,31.2,23.5,27.35,84,2,180
2020,1,30,0,30,23.6,26.8,86,1,200
2020,1,31,-1,30.5,24.4,27.45,78,2,10
2020,2,1,3.5,26,23.8,24.9,87,3,30
2020,2,2,3.2,29.2,23,26.1,73,3,30
2020,2,3,0,30.5,22,26.25,77,2,20
2020,2,4,0,30,23.4,26.7,82,1,10
2020,2,5,71.6,26.4,23.8,25.1,94,1,240
2020,2,6,124.3,26.5,23,24.75,98,4,150
2020,2,7,20.6,29.7,24,26.85,92,4,120
2020,2,8,-1,29.6,24,26.8,83,3,70
2020,2,9,6.5,30,24.6,27.3,82,2,40
2020,2,10,32.2,27.6,24,25.8,85,6,50
2020,2,11,0.2,29.8,23.2,26.5,71,4,50
2020,2,12,7.8,28.5,24.8,26.65,88,3,90
2020,2,13,5.6,30,25,27.5,84,4,110
2020,2,14,2.8,29,25.2,27.1,83,4,80
2020,2,15,3,29.8,25.2,27.5,79,3,70
2020,2,16,18.6,30.4,23.5,26.95,87,2,50
2020,2,17,11.9,28.4,23.3,25.85,88,2,50
2020,2,18,0.8,29.6,24.2,26.9,85,3,70
2020,2,19,6.3,30.2,23.6,26.9,80,4,60
2020,2,20,1.2,31,24.5,27.75,78,4,40
2020,2,21,2,30.6,24,27.3,72,4,70
2020,2,22,3.2,30,23.4,26.7,77,3,60
2020,2,23,15.2,28.4,24.6,26.5,84,3,90
2020,2,24,11.6,29,24.6,26.8,86,4,70
2020,2,25,12.1,28.6,23.5,26.05,92,3,70
2020,2,26,26.6,30.3,23,26.65,83,3,70
2020,2,27,11.2,30.5,24.2,27.35,93,2,40
2020,2,28,21.2,28,24,26,94,4,50
2020,2,29,0,30,23.5,26.75,75,4,60
2020,3,1,-1,30.8,24.3,27.55,82,3,40
2020,3,2,1,30.6,23.3,26.95,81,2,90
2020,3,3,0.8,29.2,24,26.6,83,2,60
2020,3,4,28.4,31,24.5,27.75,80,2,20
2020,3,5,12.7,27.2,23.8,25.5,93,1,360
2020,3,6,17.2,27.2,24.2,25.7,96,2,90
2020,3,7,1,30,25.5,27.75,86,3,100
2020,3,8,0,30.6,23.5,27.05,84,2,70
2020,3,9,0,30.8,24.4,27.6,80,2,110
2020,3,10,0,30.4,22.5,26.45,81,2,100
2020,3,11,0.4,30.5,24.4,27.45,78,3,70
2020,3,12,-1,31,24.2,27.6,81,3,100
2020,3,13,0,31.2,24,27.6,82,2,60
2020,3,14,-1,31.4,22.8,27.1,80,2,60
2020,3,15,0,30.4,23,26.7,78,2,70
2020,3,16,4.6,31,23.5,27.25,76,3,60
2020,3,17,1.4,30.5,24.5,27.5,84,2,40
2020,3,18,1.5,30.5,23.5,27,80,2,100
2020,3,19,0,31,24,27.5,80,3,110
2020,3,20,-1,31.5,24,27.75,79,2,70
2020,3,21,19.3,30.6,22,26.3,92,2,70
2020,3,22,0.2,31.5,22,26.75,85,3,110
2020,3,23,-1,31.5,25,28.25,81,2,60
2020,3,24,1.6,32,24,28,78,2,40
2020,3,25,7.2,30.4,23.4,26.9,80,3,90
2020,3,26,22.4,30.2,23.5,26.85,91,2,60
2020,3,27,1.8,31.6,24.8,28.2,83,3,130
2020,3,28,-1,31.5,24.4,27.95,80,3,70
2020,3,29,2,31.5,24.3,27.9,79,2,90
2020,3,30,1,30.5,23.5,27,83,2,90
2020,3,31,0,32,23.3,27.65,80,2,100
2020,4,1,-1,31,24.4,27.7,82,2,70
2020,4,2,0.2,32,23.7,27.85,79,3,50
2020,4,3,7.5,29.5,24,26.75,91,2,100
2020,4,4,17.6,32,23,27.5,76,3,100
2020,4,5,0,31,22.8,26.9,83,2,100
2020,4,6,0,32,23.5,27.75,80,2,200
2020,4,7,0,32.5,23.9,28.2,81,1,100
2020,4,8,1.4,32,25.2,28.6,82,2,50
2020,4,9,0.2,32.5,24.9,28.7,82,3,120
2020,4,10,0,32,22,27,78,3,80
2020,4,11,0,32,21.5,26.75,75,2,80
2020,4,12,0,32,21.5,26.75,75,2,200
2020,4,13,0,32,24,28,78,2,200
2020,4,14,0,33,24.8,28.9,77,2,150
2020,4,15,0,32.4,25.5,28.95,78,2,120
2020,4,16,-1,33,25.6,29.3,80,3,130
2020,4,17,12.6,32.5,24,28.25,80,3,100
2020,4,18,17.4,32,25,28.5,81,2,90
2020,4,19,18.6,30,24.4,27.2,94,2,110
2020,4,20,63.3,32.5,25,28.75,94,2,100
2020,4,21,5.8,32.2,25.4,28.8,86,3,100
2020,4,22,5.2,32,24,28,79,3,100
2020,4,23,6.8,31.9,25.5,28.7,85,2,70
2020,4,24,11.8,31.5,25.1,28.3,89,2,70
2020,4,25,0.8,31.4,25.2,28.3,82,3,100
2020,4,26,12.9,32.5,24.3,28.4,83,2,40
2020,4,27,13.1,30.5,25.5,28,91,2,10
2020,4,28,15.8,31,24.4,27.7,94,1,40
2020,4,29,34.4,31,22.5,26.75,88,2,110
2020,4,30,0.8,30.4,24.5,27.45,89,2,70
2020,5,1,6,31.5,24.3,27.9,83,1,60
2020,5,2,6,31,25.5,28.25,87,1,320
2020,5,3,1.2,30,25.4,27.7,91,1,20
2020,5,4,-1,32.5,26,29.25,82,1,180
2020,5,5,0,33,26.6,29.8,80,1,70
2020,5,6,0,32.8,26.4,29.6,81,2,160
2020,5,7,19.6,33.2,26.6,29.9,82,1,60
2020,5,8,2.8,32.5,25,28.75,86,1,150
2020,5,9,0,32.2,25.5,28.85,80,2,70
2020,5,10,3.2,32,25.7,28.85,87,1,40
2020,5,11,0.1,32,25.5,28.75,85,1,200
2020,5,12,0,31.5,25.9,28.7,85,1,220
2020,5,13,0,32.8,25.4,29.1,81,1,220
2020,5,14,0,31.5,25.5,28.5,87,1,180
2020,5,15,2,33.5,25.6,29.55,82,2,120
2020,5,16,0,32,26,29,82,3,80
2020,5,17,0.1,33,25.6,29.3,81,3,120
2020,5,18,0,33.5,25.4,29.45,83,2,60
2020,5,19,0,34,26.2,30.1,82,1,150
2020,5,20,0,32.4,26,29.2,80,2,120
2020,5,21,38,33.5,25.4,29.45,84,2,190
2020,5,22,0,33,25.9,29.45,84,1,90
2020,5,23,2.2,31.6,24,27.8,87,1,200
2020,5,24,0,33,25.2,29.1,84,2,90
2020,5,25,0,33.2,25.5,29.35,82,2,160
2020,5,26,0,33.5,25.9,29.7,80,2,70
2020,5,27,0,32.2,26,29.1,78,2,90
2020,5,28,0,32,25,28.5,85,2,100
2020,5,29,6.2,33,25,29,80,2,70
2020,5,30,0.2,31.6,25.5,28.55,83,2,40
2020,5,31,26.2,32,25,28.5,83,1,110
2020,6,1,0.2,32,25,28.5,85,2,40
2020,6,2,0,33,24,28.5,78,2,60
2020,6,3,0,32.8,25.5,29.15,79,2,90
2020,6,4,0,33.5,26,29.75,81,2,60
2020,6,5,-1,33,25.2,29.1,81,2,90
2020,6,6,6,32.2,25.2,28.7,82,2,90
2020,6,7,0,32,24.9,28.45,83,2,110
2020,6,8,-1,32,25.5,28.75,83,2,40
2020,6,9,5.6,31.7,24.3,28,83,1,200
2020,6,10,2,28.8,24.4,26.6,90,2,220
2020,6,11,2.8,32.6,24.4,28.5,85,1,160
2020,6,12,-1,30.5,25.3,27.9,84,1,140
2020,6,13,-1,32,25,28.5,81,3,90
2020,6,14,12.8,32,25,28.5,91,2,140
2020,6,15,8.8,30.5,24.5,27.5,90,2,40
2020,6,16,11.6,31,24.4,27.7,87,2,230
2020,6,17,10.6,31,24,27.5,85,2,200
2020,6,18,5.9,31,24,27.5,95,1,140
2020,6,19,1.4,32,24.6,28.3,87,1,60
2020,6,20,5,31.8,25.5,28.65,81,2,110
2020,6,21,0,32.5,24,28.25,87,2,70
2020,6,22,0,33,26,29.5,82,3,90
2020,6,23,10,33,25.2,29.1,80,2,90
2020,6,24,19.5,28.4,21.4,24.9,92,2,60
2020,6,25,26.1,31.5,24,27.75,94,1,30
2020,6,26,26.4,31.5,23.7,27.6,85,2,200
2020,6,27,0.2,31.3,23.4,27.35,87,2,200
2020,6,28,10.2,31.5,22.5,27,85,1,90
2020,6,29,14.8,31,24,27.5,88,1,200
2020,6,30,0,30.8,25,27.9,84,1,60
2020,7,1,26.2,32,24.5,28.25,79,2,90
2020,7,2,0,32,25.2,28.6,85,2,90
2020,7,3,3.6,31.5,23.5,27.5,86,1,190
2020,7,4,0.2,31.6,24.8,28.2,81,1,200
2020,7,5,3.8,28.2,24,26.1,89,1,110
2020,7,6,12.8,29.5,24.5,27,91,2,220
2020,7,7,22.6,28,24.8,26.4,92,1,60
2020,7,8,0,31.4,25.2,28.3,84,1,200
2020,7,9,0,33,25.6,29.3,82,1,170
2020,7,10,0,33,25.5,29.25,81,2,130
2020,7,11,-1,32.6,23.5,28.05,80,1,220
2020,7,12,0,33.6,25,29.3,83,1,200
2020,7,13,0,33.5,25,29.25,81,1,200
2020,7,14,0.8,32,25.2,28.6,83,1,70
2020,7,15,4.6,32.4,24.2,28.3,85,2,200
2020,7,16,7,33.2,25.4,29.3,82,2,100
2020,7,17,28.8,29.4,22.6,26,92,1,140
2020,7,18,4,28,24.4,26.2,92,2,140
2020,7,19,0.2,30.5,22,26.25,84,2,90
2020,7,20,0.2,31.6,25.5,28.55,85,1,10
2020,7,21,9.8,30,24.4,27.2,92,1,340
2020,7,22,0,32,23.5,27.75,81,2,40
2020,7,23,6.8,30.5,25.2,27.85,89,1,120
2020,7,24,1,33,24.8,28.9,83,2,60
2020,7,25,0,32.3,25.5,28.9,78,1,40
2020,7,26,0.4,31.8,25,28.4,85,1,220
2020,7,27,0.2,33.5,25.5,29.5,86,1,240
2020,7,28,28.6,31,24.5,27.75,87,1,200
2020,7,29,3.8,32.5,23.8,28.15,80,1,200
2020,7,30,0,33.5,25,29.25,85,1,200
2020,7,31,0.5,31,24.4,27.7,87,1,180
2020,8,1,0.2,29.2,24,26.6,85,2,200
2020,8,2,5.7,30,24,27,88,1,200
2020,8,3,1.5,31.5,25,28.25,92,1,200
2020,8,4,6.8,30,24.6,27.3,90,1,60
2020,8,5,33.4,31,24.2,27.6,86,2,60
2020,8,6,8.8,31.8,25,28.4,84,1,10
2020,8,7,0.2,30.4,24.5,27.45,88,1,270
2020,8,8,1.8,33,23.9,28.45,79,2,150
2020,8,9,0.2,32.5,24.7,28.6,83,1,120
2020,8,10,-1,33,25,29,86,1,170
2020,8,11,1,32.3,24.4,28.35,81,1,90
2020,8,12,22.6,31.8,22.5,27.15,81,2,180
2020,8,13,27.1,32,23.7,27.85,88,1,220
2020,8,14,-1,32,24.6,28.3,85,1,270
2020,8,15,6.2,32.9,25,28.95,78,1,200
2020,8,16,13.6,31.7,24,27.85,87,1,200
2020,8,17,25.8,31,24,27.5,89,1,220
2020,8,18,3,32,25.5,28.75,83,1,270
2020,8,19,37.5,30,23.6,26.8,90,1,230
2020,8,20,0,32,24.5,28.25,88,1,270
2020,8,21,0,32.6,24.2,28.4,80,1,180
2020,8,22,-1,32,24.4,28.2,81,1,180
2020,8,23,0,33,24,28.5,77,1,100
2020,8,24,0,34.5,25,29.75,77,1,220
2020,8,25,0,34,25.3,29.65,79,1,270
2020,8,26,9,34,25,29.5,78,1,180
2020,8,27,0,33,25.5,29.25,83,1,200
2020,8,28,0,33.2,25.6,29.4,79,1,270
2020,8,29,0.7,32.9,24.5,28.7,78,2,220
2020,8,30,0,32.8,25.8,29.3,77,1,270
2020,8,31,0,34,25.2,29.6,77,1,220
2020,9,1,-1,34,25.1,29.55,80,1,230
2020,9,2,0,31.4,25,28.2,83,1,200
2020,9,3,0,34,26,30,80,2,120
2020,9,4,0,34,25.4,29.7,82,1,140
2020,9,5,0,34.2,25.5,29.85,78,1,200
2020,9,6,0,33,25.5,29.25,83,1,200
2020,9,7,0.3,31,25.5,28.25,86,2,100
2020,9,8,-1,33,24.5,28.75,76,1,110
2020,9,9,0,32.3,24.6,28.45,80,1,200
2020,9,10,0,30.5,24.5,27.5,87,1,200
2020,9,11,1.2,33,24.8,28.9,79,1,180
2020,9,12,0,33.2,25.4,29.3,79,1,200
2020,9,13,6.4,31.8,24.4,28.1,85,1,200
2020,9,14,0.8,30.2,24.5,27.35,89,1,180
2020,9,15,20.8,34.8,24,29.4,83,1,200
2020,9,16,14.7,30.6,22,26.3,89,1,200
2020,9,17,1,30,24.5,27.25,91,1,200
2020,9,18,0.4,32,24.8,28.4,83,1,50
2020,9,19,13.7,32.2,25.3,28.75,80,1,220
2020,9,20,0,33,25,29,83,1,10
2020,9,21,35.2,33,24.8,28.9,83,1,200
2020,9,22,18.6,33,24,28.5,87,1,200
2020,9,23,0.5,31.9,24.8,28.35,86,1,220
2020,9,24,7.5,32,25,28.5,78,1,280
2020,9,25,0,33.5,24.9,29.2,81,1,220
2020,9,26,2,32.6,23.3,27.95,84,1,220
2020,9,27,0,32,25.1,28.55,81,2,120
2020,9,28,-1,30.5,24.1,27.3,87,1,220
2020,9,29,0,33,24.7,28.85,82,1,290
2020,9,30,0,32.5,23,27.75,81,1,200
2020,10,1,0,33.5,25,29.25,80,1,190
2020,10,2,0,33.5,24.8,29.15,81,1,200
2020,10,3,0.2,34,25.9,29.95,79,1,200
2020,10,4,0,33.5,25.5,29.5,81,2,200
2020,10,5,0.4,33.5,25.1,29.3,81,1,200
2020,10,6,4,32.5,24.5,28.5,83,1,270
2020,10,7,135.7,28.4,22.5,25.45,89,1,200
2020,10,8,2.5,30,24,27,91,2,180
2020,10,9,0.2,30,24,27,90,1,200
2020,10,10,2.2,32.7,24.3,28.5,81,1,200
2020,10,11,2.6,33,24,28.5,86,1,220
2020,10,12,10.6,31.5,24.5,28,86,2,210
2020,10,13,18.6,29.5,23.9,26.7,95,1,210
2020,10,14,19,32.2,24.3,28.25,84,1,270
2020,10,15,0.2,31.4,25,28.2,85,2,90
2020,10,16,1,31,23.5,27.25,85,1,140
2020,10,17,25.6,31.6,24.5,28.05,83,1,220
2020,10,18,0.2,30,24.5,27.25,91,1,220
2020,10,19,1.5,28.5,25,26.75,95,1,190
2020,10,20,13.4,32,24.3,28.15,87,1,200
2020,10,21,0,32.4,25,28.7,81,1,220
2020,10,22,0,32.8,25.5,29.15,85,1,220
2020,10,23,12.1,34,24.5,29.25,81,1,270
2020,10,24,70.9,29.5,23.7,26.6,89,2,270
2020,10,25,8.4,29,23.8,26.4,91,1,200
2020,10,26,0.1,31,25,28,85,1,200
2020,10,27,4.2,31,22.4,26.7,84,1,80
2020,10,28,1.4,30.9,23,26.95,90,1,200
2020,10,29,12.8,31,24.5,27.75,88,1,300
2020,10,30,54.5,31,21.5,26.25,88,1,220
2020,10,31,-1,32.2,25.6,28.9,82,1,220
2020,11,1,1.3,33,25.4,29.2,77,1,270
2020,11,2,0,33,25,29,79,1,220
2020,11,3,0,33,23.5,28.25,79,1,220
2020,11,4,29.6,32.4,24,28.2,81,1,220
2020,11,5,2.5,29,24.5,26.75,93,1,200
2020,11,6,2.6,30,22.4,26.2,93,1,10
2020,11,7,1.5,29.8,24.1,26.95,86,1,350
2020,11,8,0,30.4,23.4,26.9,86,2,220
2020,11,9,1.8,32,26.4,29.2,79,1,270
2020,11,10,13.7,28,23.5,25.75,89,1,220
2020,11,11,0.2,31.3,25,28.15,83,1,220
2020,11,12,1.4,32,25,28.5,89,1,200
2020,11,13,11.8,32,23.8,27.9,83,2,90
2020,11,14,13.8,30.5,25.7,28.1,87,2,90
2020,11,15,11.9,31,24.5,27.75,87,2,40
2020,11,16,4.3,31,24.6,27.8,92,2,110
2020,11,17,6.2,32,22.5,27.25,88,2,40
2020,11,18,31.4,31.6,24,27.8,91,1,60
2020,11,19,6.2,28.6,23,25.8,94,1,120
2020,11,20,2.4,31,23.1,27.05,87,1,20
2020,11,21,23.2,30.2,25,27.6,91,1,40
2020,11,22,30.9,28.6,22.5,25.55,94,1,340
2020,11,23,24.7,27.4,23.5,25.45,90,3,20
2020,11,24,23.4,29.4,21,25.2,92,1,150
2020,11,25,34.7,28,24,26,95,2,90
2020,11,26,11.1,30,23.2,26.6,94,1,50
2020,11,27,12.6,27,22,24.5,96,1,90
2020,11,28,24.3,30.6,24.4,27.5,91,2,30
2020,11,29,12.1,31,24,27.5,89,1,10
2020,11,30,14,31,24.5,27.75,92,1,360
2020,12,1,2.2,31.6,23.8,27.7,87,1,270
2020,12,2,-1,31.4,25,28.2,87,1,270
2020,12,3,0,32,24.5,28.25,85,1,220
2020,12,4,0,31,23,27,85,1,110
2020,12,5,18,31.2,24,27.6,83,2,40
2020,12,6,21.4,27,23,25,95,1,220
2020,12,7,0.1,30.2,24.5,27.35,89,2,160
2020,12,8,-1,31,22.7,26.85,85,1,80
2020,12,9,0,31.8,24,27.9,85,2,60
2020,12,10,2.8,32,24.7,28.35,83,2,120
2020,12,11,1.8,32,21.5,26.75,85,2,130
2020,12,12,0.8,30.6,22.5,26.55,89,2,90
2020,12,13,12.8,32,24,28,85,1,210
2020,12,14,5.6,28.6,24,26.3,93,1,160
2020,12,15,33.1,29.4,22,25.7,92,1,30
2020,12,16,28.2,27.4,23.5,25.45,91,2,70
2020,12,17,42.5,27,21,24,95,3,60
2020,12,18,163.6,29,23.3,26.15,92,4,90
2020,12,19,2.8,29,25.5,27.25,89,2,120
2020,12,20,22,30,22.5,26.25,87,2,90
2020,12,21,0,32,24.5,28.25,84,3,100
2020,12,22,24.6,31,24,27.5,81,2,90
2020,12,23,2.6,31,23,27,89,2,90
2020,12,24,15.6,30.6,24.7,27.65,86,1,10
2020,12,25,249.1,26,23.5,24.75,98,1,60
2020,12,26,41.9,29.2,24.3,26.75,92,1,90
2020,12,27,11.8,30,23.5,26.75,93,1,180
2020,12,28,4.2,27,23.3,25.15,97,1,230
2020,12,29,8.2,30,23.6,26.8,89,1,10
2020,12,30,41.5,28.4,24.3,26.35,97,1,180
2020,12,31,-1,31,25.5,28.25,89,2,30
