territory,period,prior_period,quantity,revenue,gross_margin_amount,prior_quantity,prior_revenue,quantity_yoy_growth,revenue_yoy_growth,is_2025_partial,is_partial_period
Batangas,2017-01,2016-01,1017.0,166930.71,166930.71,,,,,False,False
Camarines Norte,2017-01,2016-01,674.0,91021.35,87128.95,,,,,False,False
Camarines Sur,2017-01,2016-01,551.0,72067.2,68668.8,,,,,False,False
Cavite,2017-01,2016-01,4.0,1296.5,1296.5,,,,,False,False
Laguna,2017-01,2016-01,680.0,87587.9,77387.9,,,,,False,False
Marinduque,2017-01,2016-01,128.0,27266.0,27266.0,,,,,False,False
Quezon,2017-01,2016-01,370.0,68734.0,67134.0,,,,,False,False
Batangas,2017-02,2016-02,694.0,130179.57,128395.97,,,,,False,False
Camarines Norte,2017-02,2016-02,397.0,37052.32,37052.32,,,,,False,False
Camarines Sur,2017-02,2016-02,505.0,53650.51,48962.91,,,,,False,False
Cavite,2017-02,2016-02,72.0,28394.64,28010.64,,,,,False,False
Laguna,2017-02,2016-02,3460.0,201212.35,195372.35,,,,,False,False
Marinduque,2017-02,2016-02,137.0,21102.0,20202.0,,,,,False,False
Quezon,2017-02,2016-02,182.0,36994.2,36994.2,,,,,False,False
Batangas,2017-03,2016-03,585.0,91347.58,91164.08,,,,,False,False
Camarines Norte,2017-03,2016-03,251.0,43015.24,41180.04,,,,,False,False
Camarines Sur,2017-03,2016-03,1130.0,67286.97,63730.77,,,,,False,False
Cavite,2017-03,2016-03,114.0,44912.51,44622.51,,,,,False,False
Laguna,2017-03,2016-03,35198.0,333978.1,311378.1,,,,,False,False
Marinduque,2017-03,2016-03,125.0,13334.65,13334.65,,,,,False,False
Quezon,2017-03,2016-03,182.0,36314.4,35034.4,,,,,False,False
Batangas,2017-04,2016-04,622.0,119771.51,119588.01,,,,,False,False
Camarines Norte,2017-04,2016-04,247.0,41972.2,41972.2,,,,,False,False
Camarines Sur,2017-04,2016-04,490.0,50127.88,47404.68,,,,,False,False
Cavite,2017-04,2016-04,53.0,25670.55,24902.55,,,,,False,False
Laguna,2017-04,2016-04,1630.0,239062.96,198662.96,,,,,False,False
Marinduque,2017-04,2016-04,102.0,9658.9,9658.9,,,,,False,False
Quezon,2017-04,2016-04,133.0,29067.5,28447.5,,,,,False,False
Batangas,2017-05,2016-05,399.0,96283.45,96283.45,,,,,False,False
Camarines Norte,2017-05,2016-05,30.0,8775.0,8775.0,,,,,False,False
Camarines Sur,2017-05,2016-05,46.0,3534.5,3534.5,,,,,False,False
Cavite,2017-05,2016-05,37.0,18742.5,17842.5,,,,,False,False
Laguna,2017-05,2016-05,329.0,36358.0,33438.0,,,,,False,False
Marinduque,2017-05,2016-05,15.0,3115.0,3115.0,,,,,False,False
Quezon,2017-05,2016-05,20.0,3550.0,3550.0,,,,,False,False
Batangas,2017-06,2016-06,176.0,36611.1,36611.1,,,,,False,False
Camarines Norte,2017-06,2016-06,69.0,10321.8,10321.8,,,,,False,False
Camarines Sur,2017-06,2016-06,58.0,8753.5,6540.1667,,,,,False,False
Cavite,2017-06,2016-06,30.0,12318.6,11743.4,,,,,False,False
Laguna,2017-06,2016-06,929.0,41270.0,41190.0,,,,,False,False
Batangas,2017-07,2016-07,2296.56,183713.47,183713.47,,,,,False,False
Camarines Norte,2017-07,2016-07,66.4,14065.5,14065.5,,,,,False,False
Camarines Sur,2017-07,2016-07,179.0,11350.71,11350.71,,,,,False,False
Cavite,2017-07,2016-07,19.0,5717.0,5717.0,,,,,False,False
Laguna,2017-07,2016-07,147.0,15586.0,14873.2,,,,,False,False
Marinduque,2017-07,2016-07,12.0,468.0,468.0,,,,,False,False
Quezon,2017-07,2016-07,55.0,16023.0,16023.0,,,,,False,False
Batangas,2017-08,2016-08,180.5,49249.5,49249.5,,,,,False,False
Camarines Norte,2017-08,2016-08,68.2,5559.43,5559.43,,,,,False,False
Camarines Sur,2017-08,2016-08,99.0,16454.0,15898.0,,,,,False,False
Cavite,2017-08,2016-08,20.0,3229.11,3229.11,,,,,False,False
Laguna,2017-08,2016-08,191.0,37158.8,36446.0,,,,,False,False
Marinduque,2017-08,2016-08,97.0,20089.1,17329.7,,,,,False,False
Quezon,2017-08,2016-08,114.0,29465.58,28961.58,,,,,False,False
Batangas,2017-09,2016-09,255.8,46878.5,46878.5,,,,,False,False
Camarines Norte,2017-09,2016-09,13.0,4671.6,4671.6,,,,,False,False
Camarines Sur,2017-09,2016-09,139.0,16250.0,16250.0,,,,,False,False
Cavite,2017-09,2016-09,36.0,9893.8,9344.16,,,,,False,False
Laguna,2017-09,2016-09,19.0,9263.2,9263.2,,,,,False,False
Marinduque,2017-09,2016-09,59.0,33012.7,23578.63,,,,,False,False
Quezon,2017-09,2016-09,121.0,39544.75,39544.75,,,,,False,False
Batangas,2017-10,2016-10,186.0,21835.78,21305.38,,,,,False,False
Camarines Norte,2017-10,2016-10,51.0,7563.5,7563.5,,,,,False,False
Camarines Sur,2017-10,2016-10,38.0,13198.0,12208.0,,,,,False,False
Cavite,2017-10,2016-10,23.0,3905.5,3675.1,,,,,False,False
Laguna,2017-10,2016-10,106.0,11822.6,11822.6,,,,,False,False
Marinduque,2017-10,2016-10,94.0,14029.84,14029.84,,,,,False,False
Quezon,2017-10,2016-10,251.0,23578.95,23578.95,,,,,False,False
Batangas,2017-11,2016-11,57.0,24732.0,24732.0,,,,,False,False
Camarines Norte,2017-11,2016-11,61.0,7770.1,7770.1,,,,,False,False
Camarines Sur,2017-11,2016-11,44.0,12395.2,12235.2,,,,,False,False
Cavite,2017-11,2016-11,22.0,7407.16,7407.16,,,,,False,False
Laguna,2017-11,2016-11,340.0,51744.0,50141.2,,,,,False,False
Marinduque,2017-11,2016-11,38.1233,41790.6427,26260.7927,,,,,False,False
Quezon,2017-11,2016-11,119.0,29126.4,29126.4,,,,,False,False
Albay,2017-12,2016-12,10.0,1245.0,1245.0,,,,,False,False
Batangas,2017-12,2016-12,2246.0,194633.4,193680.6,,,,,False,False
Camarines Norte,2017-12,2016-12,62.0,5395.7,5395.7,,,,,False,False
Camarines Sur,2017-12,2016-12,27.0,7188.6,6751.0,,,,,False,False
Cavite,2017-12,2016-12,39.0,5489.9,4784.1,,,,,False,False
Laguna,2017-12,2016-12,411.0,68589.4,67429.4,,,,,False,False
Marinduque,2017-12,2016-12,42.0,8350.6,8350.6,,,,,False,False
Quezon,2017-12,2016-12,116.0,40160.1,30109.3,,,,,False,False
Albay,2018-03,2017-03,58.0,8311.82,4727.82,,,,,False,False
Batangas,2018-03,2017-03,2752.0,282652.365,273572.365,585.0,91347.58,3.704274,2.094251,False,False
Camarines Norte,2018-03,2017-03,244.4,46521.7667,39912.6067,251.0,43015.24,-0.026295,0.081518,False,False
Camarines Sur,2018-03,2017-03,184.0,26595.82,16901.02,1130.0,67286.97,-0.837168,-0.60474,False,False
Cavite,2018-03,2017-03,548.0,61255.05,61255.05,114.0,44912.51,3.807018,0.363875,False,False
Laguna,2018-03,2017-03,2182.6,264990.5033,235486.9033,35198.0,333978.1,-0.937991,-0.206563,False,False
Marinduque,2018-03,2017-03,439.0,9805.96,9805.96,125.0,13334.65,2.512,-0.264626,False,False
Quezon,2018-03,2017-03,1091.0,94792.3833,94730.1033,182.0,36314.4,4.994505,1.610325,False,False
Albay,2018-04,2017-04,446.0,50481.94,41178.9,,,,,False,False
Batangas,2018-04,2017-04,540.0,99596.93,99563.45,622.0,119771.51,-0.131833,-0.168442,False,False
Camarines Norte,2018-04,2017-04,313.56,85868.635,70564.8738,247.0,41972.2,0.269474,1.045845,False,False
Camarines Sur,2018-04,2017-04,771.04,82886.2067,73944.1467,490.0,50127.88,0.573551,0.653495,False,False
Cavite,2018-04,2017-04,520.0,75932.65,68732.65,53.0,25670.55,8.811321,1.957967,False,False
Laguna,2018-04,2017-04,2993.6,548676.1335,515086.2135,1630.0,239062.96,0.836564,1.295111,False,False
Marinduque,2018-04,2017-04,300.1133,50846.6421,39551.0596,102.0,9658.9,1.942287,4.264227,False,False
Quezon,2018-04,2017-04,2139.9833,302767.8344,267917.0253,133.0,29067.5,15.0901,9.416026,False,False
Albay,2018-05,2017-05,140.0,23326.94,20782.14,,,,,False,False
Batangas,2018-05,2017-05,598.0,104733.62,103965.78,399.0,96283.45,0.498747,0.087763,False,False
Camarines Norte,2018-05,2017-05,285.6,74129.9233,67527.7633,30.0,8775.0,8.52,7.447855,False,False
Camarines Sur,2018-05,2017-05,789.96,98692.7,90302.47,46.0,3534.5,16.173043,26.922676,False,False
Cavite,2018-05,2017-05,708.0,143214.83,125683.33,37.0,18742.5,18.135135,6.641181,False,False
Laguna,2018-05,2017-05,4918.0,557573.4172,502779.6172,329.0,36358.0,13.948328,14.335646,False,False
Marinduque,2018-05,2017-05,300.0,26316.824,20493.184,15.0,3115.0,19.0,7.448419,False,False
Quezon,2018-05,2017-05,1456.0,156504.8227,141592.3527,20.0,3550.0,71.8,43.085866,False,False
Albay,2018-06,2017-06,36.0,3132.62,2892.62,,,,,False,False
Batangas,2018-06,2017-06,2134.0,295378.7567,294362.9567,176.0,36611.1,11.125,7.068011,False,False
Camarines Norte,2018-06,2017-06,286.8,66975.58,60355.58,69.0,10321.8,3.156522,5.48875,False,False
Camarines Sur,2018-06,2017-06,964.0,114239.575,106754.525,58.0,8753.5,15.62069,12.050731,False,False
Cavite,2018-06,2017-06,418.0,34215.9425,32984.9425,30.0,12318.6,12.933333,1.777584,False,False
Laguna,2018-06,2017-06,868.0,103365.1713,93863.5713,929.0,41270.0,-0.065662,1.504608,False,False
Marinduque,2018-06,2017-06,350.0,57735.284,50225.284,,,,,False,False
Quezon,2018-06,2017-06,1259.0,174839.548,161743.648,,,,,False,False
Albay,2018-07,2017-07,80.0,6200.0,5320.0,,,,,False,False
Batangas,2018-07,2017-07,1046.0,122018.2267,121091.0067,2296.56,183713.47,-0.544536,-0.335823,False,False
Camarines Norte,2018-07,2017-07,313.2,264836.21,258236.21,66.4,14065.5,3.716867,17.82878,False,False
Camarines Sur,2018-07,2017-07,848.0,115420.0233,104507.7432,179.0,11350.71,3.73743,9.168529,False,False
Cavite,2018-07,2017-07,262.0,21157.552,20438.128,19.0,5717.0,12.789474,2.700814,False,False
Laguna,2018-07,2017-07,444.2,48532.73,43627.73,147.0,15586.0,2.021769,2.113867,False,False
Marinduque,2018-07,2017-07,420.0,56111.944,46208.344,12.0,468.0,34.0,118.897316,False,False
Quezon,2018-07,2017-07,1562.0,216888.7793,202806.5393,55.0,16023.0,27.4,12.536091,False,False
Batangas,2018-08,2017-08,1175.0,191889.6867,184830.9839,180.5,49249.5,5.509695,2.896277,False,False
Camarines Norte,2018-08,2017-08,419.2,238679.4033,231483.4633,68.2,5559.43,5.146628,41.932352,False,False
Camarines Sur,2018-08,2017-08,786.3,86274.925,76185.125,99.0,16454.0,6.942424,4.243401,False,False
Cavite,2018-08,2017-08,436.0,48508.1267,41758.6067,20.0,3229.11,20.8,14.022135,False,False
Laguna,2018-08,2017-08,1726.6,147294.1677,137648.0137,191.0,37158.8,8.039791,2.963911,False,False
Marinduque,2018-08,2017-08,168.0,59220.5,44150.72,97.0,20089.1,0.731959,1.947892,False,False
Quezon,2018-08,2017-08,1316.0,204935.054,185054.52,114.0,29465.58,10.54386,5.955066,False,False
Batangas,2018-09,2017-09,3718.0,414057.445,414057.445,255.8,46878.5,13.534793,7.832566,False,False
Camarines Norte,2018-09,2017-09,886.0,250756.22,236628.22,13.0,4671.6,67.153846,52.676732,False,False
Camarines Sur,2018-09,2017-09,734.5,233899.1133,193615.3133,139.0,16250.0,4.284173,13.393792,False,False
Cavite,2018-09,2017-09,782.0,61496.5687,59608.9047,36.0,9893.8,20.722222,5.215667,False,False
Laguna,2018-09,2017-09,768.0,126672.1107,117555.5107,19.0,9263.2,39.421053,12.674768,False,False
Marinduque,2018-09,2017-09,105.0,31116.9,26264.3,59.0,33012.7,0.779661,-0.057426,False,False
Quezon,2018-09,2017-09,1073.0,158709.7773,146184.1093,121.0,39544.75,7.867769,3.013422,False,False
Albay,2018-10,2017-10,8.0,7693.24,7693.24,,,,,False,False
Batangas,2018-10,2017-10,1108.0,187452.7,186406.16,186.0,21835.78,4.956989,7.584658,False,False
Camarines Norte,2018-10,2017-10,915.4,441105.3767,421057.3767,51.0,7563.5,16.94902,57.320272,False,False
Camarines Sur,2018-10,2017-10,801.8,204854.9367,180454.3867,38.0,13198.0,20.1,14.521665,False,False
Cavite,2018-10,2017-10,940.0,90270.4867,89980.7867,23.0,3905.5,39.869565,22.113682,False,False
Laguna,2018-10,2017-10,2675.2,236557.3723,224342.3723,106.0,11822.6,24.237736,19.008913,False,False
Marinduque,2018-10,2017-10,119.0,47412.34,30502.17,94.0,14029.84,0.265957,2.379393,False,False
Quezon,2018-10,2017-10,1343.0,226876.2833,211544.7133,251.0,23578.95,4.350598,8.621984,False,False
Albay,2018-11,2017-11,-3.0,-1889.8,0.0,,,,,False,False
Batangas,2018-11,2017-11,6330.819,1224496.6266,910458.7243,57.0,24732.0,110.067,48.510619,False,False
Camarines Norte,2018-11,2017-11,1369.0,418179.2533,398535.8513,61.0,7770.1,21.442623,52.819031,False,False
Camarines Sur,2018-11,2017-11,1042.0,247439.8233,223562.0233,44.0,12395.2,22.681818,18.962552,False,False
Cavite,2018-11,2017-11,420.0,72859.6853,59239.2213,22.0,7407.16,18.090909,8.836386,False,False
Laguna,2018-11,2017-11,1622.0,147408.5613,138668.5613,340.0,51744.0,3.770588,1.848805,False,False
Marinduque,2018-11,2017-11,640.0,48469.1713,45352.838,38.1233,41790.6427,15.787634,0.159809,False,False
Quezon,2018-11,2017-11,1481.0,147013.1767,144528.3367,119.0,29126.4,11.445378,4.04742,False,False
Albay,2018-12,2017-12,50.0,4000.0,4000.0,10.0,1245.0,4.0,2.212851,False,False
Batangas,2018-12,2017-12,615.0,50411.975,50340.135,2246.0,194633.4,-0.72618,-0.74099,False,False
Camarines Norte,2018-12,2017-12,347.63,126627.3667,114875.8667,62.0,5395.7,4.606935,22.4682,False,False
Camarines Sur,2018-12,2017-12,227.7667,49224.7126,48460.0126,27.0,7188.6,7.435804,5.847608,False,False
Cavite,2018-12,2017-12,184.0,17579.4147,17240.1507,39.0,5489.9,3.717949,2.202138,False,False
Laguna,2018-12,2017-12,1002.0,94205.8717,79163.9384,411.0,68589.4,1.437956,0.373476,False,False
Marinduque,2018-12,2017-12,382.0,52001.8733,40032.6933,42.0,8350.6,8.095238,5.227322,False,False
Quezon,2018-12,2017-12,314.0,61005.3433,53756.8033,116.0,40160.1,1.706897,0.519054,False,False
Albay,2019-01,2018-01,-4.8333,-1064.3117,0.0,,,,,False,False
Batangas,2019-01,2018-01,1728.0,119273.1933,119036.3925,,,,,False,False
Camarines Norte,2019-01,2018-01,205.42,75389.6167,72067.9167,,,,,False,False
Camarines Sur,2019-01,2018-01,528.0,57573.275,53520.475,,,,,False,False
Cavite,2019-01,2018-01,443.0,24412.4853,25126.5547,,,,,False,False
Laguna,2019-01,2018-01,803.0,86363.0807,82631.4807,,,,,False,False
Marinduque,2019-01,2018-01,396.0,73378.44,51136.556,,,,,False,False
Quezon,2019-01,2018-01,820.5,76414.7087,75410.4113,,,,,False,False
Albay,2019-02,2018-02,202.0,17244.06,17244.06,,,,,False,False
Batangas,2019-02,2018-02,518.0,82281.6217,81803.5216,,,,,False,False
Camarines Norte,2019-02,2018-02,181.6,57593.3733,53277.4533,,,,,False,False
Camarines Sur,2019-02,2018-02,411.88,60048.47,59667.41,,,,,False,False
Cavite,2019-02,2018-02,934.76,53647.1637,53540.8737,,,,,False,False
Laguna,2019-02,2018-02,588.2,242316.2667,45088.1333,,,,,False,False
Marinduque,2019-02,2018-02,138.0,11535.628,11312.876,,,,,False,False
Quezon,2019-02,2018-02,739.0,83222.114,78920.034,,,,,False,False
Albay,2019-03,2018-03,64.0,3192.715,3192.715,58.0,8311.82,0.103448,-0.615883,False,False
Batangas,2019-03,2018-03,1121.3,110056.2617,107509.6617,2752.0,282652.365,-0.592551,-0.61063,False,False
Camarines Norte,2019-03,2018-03,62.0,12597.32,8102.12,244.4,46521.7667,-0.746318,-0.729217,False,False
Camarines Sur,2019-03,2018-03,577.0,110615.3017,108545.3017,184.0,26595.82,2.13587,3.159124,False,False
Cavite,2019-03,2018-03,589.0,44703.8993,41846.3073,548.0,61255.05,0.074818,-0.270201,False,False
Laguna,2019-03,2018-03,1126.2762,433971.9283,69135.3569,2182.6,264990.5033,-0.483975,0.637689,False,False
Marinduque,2019-03,2018-03,651.0,65244.1687,57644.8087,439.0,9805.96,0.482916,5.653522,False,False
Quezon,2019-03,2018-03,342.0,44323.3187,44123.3187,1091.0,94792.3833,-0.686526,-0.532417,False,False
Albay,2019-04,2018-04,529.8571,64193.0229,58193.0229,446.0,50481.94,0.18802,0.271604,False,False
Batangas,2019-04,2018-04,637.4667,104963.3783,104963.3783,540.0,99596.93,0.180494,0.053882,False,False
Camarines Norte,2019-04,2018-04,340.6,78691.3967,75115.0767,313.56,85868.635,0.086235,-0.083584,False,False
Camarines Sur,2019-04,2018-04,360.0,70145.941,69000.661,771.04,82886.2067,-0.533098,-0.153708,False,False
Cavite,2019-04,2018-04,725.0,73536.0003,69038.0163,520.0,75932.65,0.394231,-0.031563,False,False
Laguna,2019-04,2018-04,2009.3,173612.7947,168400.9947,2993.6,548676.1335,-0.328801,-0.683579,False,False
Marinduque,2019-04,2018-04,237.12,42449.77,34032.9141,300.1133,50846.6421,-0.209898,-0.165141,False,False
Quezon,2019-04,2018-04,764.2,93476.5693,87873.9373,2139.9833,302767.8344,-0.642894,-0.69126,False,False
Albay,2019-05,2018-05,13.0,1540.4433,1540.4433,140.0,23326.94,-0.907143,-0.933963,False,False
Batangas,2019-05,2018-05,259.0,64219.87,64188.07,598.0,104733.62,-0.56689,-0.386827,False,False
Camarines Norte,2019-05,2018-05,330.7,56705.75,50679.95,285.6,74129.9233,0.157913,-0.235049,False,False
Camarines Sur,2019-05,2018-05,290.0,49138.98,47970.5,789.96,98692.7,-0.632893,-0.502101,False,False
Cavite,2019-05,2018-05,601.0,104348.6507,84871.8667,708.0,143214.83,-0.15113,-0.271384,False,False
Laguna,2019-05,2018-05,2191.1333,211607.5849,190501.9049,4918.0,557573.4172,-0.554467,-0.620485,False,False
Marinduque,2019-05,2018-05,77.0,16770.95,12630.95,300.0,26316.824,-0.743333,-0.362729,False,False
Quezon,2019-05,2018-05,792.0,137721.736,134961.236,1456.0,156504.8227,-0.456044,-0.120016,False,False
Albay,2019-06,2018-06,162.0,21759.0,21759.0,36.0,3132.62,3.5,5.945943,False,False
Batangas,2019-06,2018-06,1355.0,173761.7318,146580.4052,2134.0,295378.7567,-0.365042,-0.411732,False,False
Camarines Norte,2019-06,2018-06,198.8,56808.36,49338.36,286.8,66975.58,-0.306834,-0.151805,False,False
Camarines Sur,2019-06,2018-06,123.0,18974.29,17182.69,964.0,114239.575,-0.872407,-0.833908,False,False
Cavite,2019-06,2018-06,559.9,57526.0053,59520.2573,418.0,34215.9425,0.339474,0.681263,False,False
Laguna,2019-06,2018-06,1298.6,105061.32,101489.72,868.0,103365.1713,0.496083,0.016409,False,False
Marinduque,2019-06,2018-06,266.0,39239.32,39239.32,350.0,57735.284,-0.24,-0.320358,False,False
Quezon,2019-06,2018-06,395.0,56784.042,55269.3922,1259.0,174839.548,-0.686259,-0.675222,False,False
Albay,2019-07,2018-07,20.0,935.8,935.8,80.0,6200.0,-0.75,-0.849065,False,False
Batangas,2019-07,2018-07,585.9167,97974.9417,97829.5417,1046.0,122018.2267,-0.43985,-0.197047,False,False
Camarines Norte,2019-07,2018-07,303.7,57765.55,57641.548,313.2,264836.21,-0.030332,-0.781882,False,False
Camarines Sur,2019-07,2018-07,214.0,22382.7017,20337.8217,848.0,115420.0233,-0.747642,-0.806076,False,False
Cavite,2019-07,2018-07,642.0,71048.0993,69089.1553,262.0,21157.552,1.450382,2.358049,False,False
Laguna,2019-07,2018-07,1380.7929,217022.9149,194833.4482,444.2,48532.73,2.108494,3.471682,False,False
Marinduque,2019-07,2018-07,75.0,15245.0,11495.0,420.0,56111.944,-0.821429,-0.728311,False,False
Quezon,2019-07,2018-07,773.0,116544.1933,116316.4733,1562.0,216888.7793,-0.505122,-0.462655,False,False
Albay,2019-08,2018-08,74.0,5317.92,4861.92,,,,,False,False
Batangas,2019-08,2018-08,1142.3333,281416.0809,200541.5032,1175.0,191889.6867,-0.027801,0.466551,False,False
Camarines Norte,2019-08,2018-08,191.4,39671.5767,32324.5767,419.2,238679.4033,-0.543416,-0.833787,False,False
Camarines Sur,2019-08,2018-08,278.0,44102.62,40718.46,786.3,86274.925,-0.646445,-0.488813,False,False
Cavite,2019-08,2018-08,818.0,92677.7008,85667.9627,436.0,48508.1267,0.876147,0.91056,False,False
Laguna,2019-08,2018-08,686.0,87984.7675,75414.1008,1726.6,147294.1677,-0.602687,-0.40266,False,False
Marinduque,2019-08,2018-08,128.0,15472.0,10222.0,168.0,59220.5,-0.238095,-0.738739,False,False
Quezon,2019-08,2018-08,519.4333,72266.3271,53266.176,1316.0,204935.054,-0.605294,-0.64737,False,False
Albay,2019-09,2018-09,84.0,6417.42,6417.42,,,,,False,False
Batangas,2019-09,2018-09,875.0,113960.4633,107442.9633,3718.0,414057.445,-0.764658,-0.724771,False,False
Camarines Norte,2019-09,2018-09,311.2,68207.4133,63759.6133,886.0,250756.22,-0.648758,-0.727993,False,False
Camarines Sur,2019-09,2018-09,294.0,17624.67,16313.87,734.5,233899.1133,-0.599728,-0.924648,False,False
Cavite,2019-09,2018-09,518.0,94035.2705,79506.1345,782.0,61496.5687,-0.337596,0.529114,False,False
Laguna,2019-09,2018-09,249.3,35812.135,32512.135,768.0,126672.1107,-0.675391,-0.717285,False,False
Marinduque,2019-09,2018-09,135.0,31281.24,30913.06,105.0,31116.9,0.285714,0.005281,False,False
Quezon,2019-09,2018-09,629.0,114416.216,114151.216,1073.0,158709.7773,-0.413793,-0.279085,False,False
Batangas,2020-01,2019-01,276.0,50534.19,50152.39,1728.0,119273.1933,-0.840278,-0.576316,False,False
Camarines Norte,2020-01,2019-01,197.8,79398.36,60806.86,205.42,75389.6167,-0.037095,0.053174,False,False
Camarines Sur,2020-01,2019-01,141.0,19496.39,17900.61,528.0,57573.275,-0.732955,-0.661364,False,False
Cavite,2020-01,2019-01,298.0,41615.2,39216.95,443.0,24412.4853,-0.327314,0.704669,False,False
Laguna,2020-01,2019-01,354.2,31315.54,31315.54,803.0,86363.0807,-0.558904,-0.637397,False,False
Marinduque,2020-01,2019-01,610.0,63530.32,59934.5,396.0,73378.44,0.540404,-0.13421,False,False
Quezon,2020-01,2019-01,1063.0,172443.96,162360.98,820.5,76414.7087,0.295551,1.256685,False,False
Batangas,2020-02,2019-02,228.0,51643.92,51643.92,518.0,82281.6217,-0.559846,-0.372352,False,False
Camarines Norte,2020-02,2019-02,322.2,120204.4,105724.4,181.6,57593.3733,0.774229,1.087122,False,False
Camarines Sur,2020-02,2019-02,507.41,67537.02,64878.92,411.88,60048.47,0.231936,0.124708,False,False
Cavite,2020-02,2019-02,248.0,33232.12,32692.32,934.76,53647.1637,-0.734691,-0.380543,False,False
Laguna,2020-02,2019-02,-27.1,2598.28,9877.6,588.2,242316.2667,-1.046073,-0.989277,False,False
Marinduque,2020-02,2019-02,269.0,27269.69,27269.69,138.0,11535.628,0.949275,1.363954,False,False
Quezon,2020-02,2019-02,574.63,92571.19,89423.69,739.0,83222.114,-0.222422,0.112339,False,False
Batangas,2020-03,2019-03,255.0,71676.51,70745.37,1121.3,110056.2617,-0.772585,-0.348728,False,False
Camarines Norte,2020-03,2019-03,-69.0,-5542.35,116.13,62.0,12597.32,-2.112903,-1.439963,False,False
Camarines Sur,2020-03,2019-03,-628.38,-31079.68,20277.97,577.0,110615.3017,-2.089047,-1.280971,False,False
Cavite,2020-03,2019-03,437.0,62795.57,61913.27,589.0,44703.8993,-0.258065,0.4047,False,False
Laguna,2020-03,2019-03,24.29,8171.8,7571.8,1126.2762,433971.9283,-0.978433,-0.98117,False,False
Marinduque,2020-03,2019-03,165.0,24224.69,23643.05,651.0,65244.1687,-0.746544,-0.628707,False,False
Quezon,2020-03,2019-03,223.0,54893.61,52288.07,342.0,44323.3187,-0.347953,0.238481,False,False
Batangas,2020-04,2019-04,149.0,31950.83,31950.83,637.4667,104963.3783,-0.766262,-0.6956,False,False
Cavite,2020-04,2019-04,232.0,55915.99,55915.99,725.0,73536.0003,-0.68,-0.239611,False,False
Quezon,2020-04,2019-04,110.0,38370.51,38370.51,764.2,93476.5693,-0.856059,-0.589517,False,False
Batangas,2020-05,2019-05,67.0,7435.52,7435.52,259.0,64219.87,-0.741313,-0.884218,False,False
Camarines Norte,2020-05,2019-05,251.8,99828.28,85481.28,330.7,56705.75,-0.238585,0.760461,False,False
Cavite,2020-05,2019-05,344.0,81888.55,39698.39,601.0,104348.6507,-0.427621,-0.215241,False,False
Batangas,2020-06,2019-06,141.0,35523.33,35523.33,1355.0,173761.7318,-0.895941,-0.795563,False,False
Cavite,2020-06,2019-06,340.0,35166.37,31263.57,559.9,57526.0053,-0.392749,-0.388687,False,False
Marinduque,2020-06,2019-06,167.0,60687.77,29997.77,266.0,39239.32,-0.37218,0.546606,False,False
Quezon,2020-06,2019-06,447.0,97028.39,97028.39,395.0,56784.042,0.131646,0.708726,False,False
Albay,2020-07,2019-07,799.0,150197.0,150197.0,20.0,935.8,38.95,159.501175,False,False
Batangas,2020-07,2019-07,71.0,23072.61,22698.17,585.9167,97974.9417,-0.878822,-0.764505,False,False
Camarines Norte,2020-07,2019-07,151.46,67339.62,56231.62,303.7,57765.55,-0.501284,0.16574,False,False
Camarines Sur,2020-07,2019-07,34.0,20910.0,16490.0,214.0,22382.7017,-0.841121,-0.065796,False,False
Cavite,2020-07,2019-07,372.0,43814.51,43274.71,642.0,71048.0993,-0.420561,-0.383312,False,False
Marinduque,2020-07,2019-07,203.0,44701.4,38210.35,75.0,15245.0,1.706667,1.932201,False,False
Quezon,2020-07,2019-07,166.0,36201.51,34393.17,773.0,116544.1933,-0.785252,-0.689375,False,False
Albay,2020-08,2019-08,164.0,41721.6,41721.6,74.0,5317.92,1.216216,6.845473,False,False
Batangas,2020-08,2019-08,76.0,33342.84,33342.84,1142.3333,281416.0809,-0.93347,-0.881518,False,False
Camarines Norte,2020-08,2019-08,-65.16,-6518.74,0.0,191.4,39671.5767,-1.340439,-1.164318,False,False
Camarines Sur,2020-08,2019-08,104.0,15937.28,15937.28,278.0,44102.62,-0.625899,-0.638632,False,False
Cavite,2020-08,2019-08,474.0,50451.17,50451.17,818.0,92677.7008,-0.420538,-0.455628,False,False
Marinduque,2020-08,2019-08,168.0,42686.69,42507.97,128.0,15472.0,0.3125,1.758964,False,False
Quezon,2020-08,2019-08,97.0,48271.26,48047.76,519.4333,72266.3271,-0.813258,-0.332037,False,False
Batangas,2020-09,2019-09,112.0,42474.73,42474.73,875.0,113960.4633,-0.872,-0.627285,False,False
Cavite,2020-09,2019-09,415.33,53531.42,53531.42,518.0,94035.2705,-0.198205,-0.43073,False,False
Marinduque,2020-09,2019-09,122.0,30816.82,27074.93,135.0,31281.24,-0.096296,-0.014847,False,False
Quezon,2020-09,2019-09,305.0,81060.83,62466.19,629.0,114416.216,-0.515103,-0.291527,False,False
Albay,2020-10,2019-10,-1.0,-565.13,0.0,,,,,False,False
Batangas,2020-10,2019-10,103.0,30385.0,30385.0,,,,,False,False
Camarines Norte,2020-10,2019-10,457.6,156895.03,133499.03,,,,,False,False
Camarines Sur,2020-10,2019-10,-81.64,-13494.81,21612.37,,,,,False,False
Cavite,2020-10,2019-10,285.0,45832.2,43540.63,,,,,False,False
Laguna,2020-10,2019-10,-1445.67,-140461.9,0.0,,,,,False,False
Quezon,2020-10,2019-10,308.0,96260.14,76617.64,,,,,False,False
Batangas,2020-11,2019-11,61.0,27028.95,27028.95,,,,,False,False
Camarines Norte,2020-11,2019-11,85.8,37946.94,33782.94,,,,,False,False
Cavite,2020-11,2019-11,149.0,11117.76,9108.84,,,,,False,False
Laguna,2020-11,2019-11,12.0,8445.8,6784.2,,,,,False,False
Marinduque,2020-11,2019-11,91.0,27627.95,26376.31,,,,,False,False
Quezon,2020-11,2019-11,209.0,61425.76,58331.76,,,,,False,False
Batangas,2020-12,2019-12,49.0,13045.12,13045.12,,,,,False,False
Camarines Sur,2020-12,2019-12,73.0,13210.25,11910.25,,,,,False,False
Cavite,2020-12,2019-12,65.33,21228.2,30854.76,,,,,False,False
Marinduque,2020-12,2019-12,117.0,15105.57,14756.61,,,,,False,False
Quezon,2020-12,2019-12,323.0,85196.41,80239.47,,,,,False,False
Batangas,2021-01,2020-01,139.46,36404.86,25533.56,276.0,50534.19,-0.49471,-0.279599,False,False
Camarines Norte,2021-01,2020-01,186.0,70748.79,62478.79,197.8,79398.36,-0.059656,-0.108939,False,False
Camarines Sur,2021-01,2020-01,120.0,21091.87,20441.87,141.0,19496.39,-0.148936,0.081835,False,False
Cavite,2021-01,2020-01,158.0,29742.26,29742.26,298.0,41615.2,-0.469799,-0.285303,False,False
Laguna,2021-01,2020-01,74.0,27848.02,7118.02,354.2,31315.54,-0.791078,-0.110728,False,False
Marinduque,2021-01,2020-01,427.0,58463.16,52067.16,610.0,63530.32,-0.3,-0.07976,False,False
Quezon,2021-01,2020-01,293.0,77644.59,77354.59,1063.0,172443.96,-0.724365,-0.54974,False,False
Albay,2021-02,2020-02,18.0,1966.5,1764.5,,,,,False,False
Batangas,2021-02,2020-02,53.0,33088.23,33088.23,228.0,51643.92,-0.767544,-0.359301,False,False
Camarines Norte,2021-02,2020-02,104.8,35773.3,34973.3,322.2,120204.4,-0.674736,-0.702396,False,False
Camarines Sur,2021-02,2020-02,213.0,18600.52,13666.12,507.41,67537.02,-0.580221,-0.724588,False,False
Cavite,2021-02,2020-02,253.0,42372.71,41308.45,248.0,33232.12,0.020161,0.275053,False,False
Laguna,2021-02,2020-02,76.0,19270.0,12770.0,-27.1,2598.28,-3.804428,6.416445,False,False
Quezon,2021-02,2020-02,370.0,77786.14,75002.24,574.63,92571.19,-0.356107,-0.159715,False,False
Batangas,2021-03,2020-03,133.0,24660.25,24606.65,255.0,71676.51,-0.478431,-0.655951,False,False
Camarines Norte,2021-03,2020-03,81.4,22503.0,20367.0,-69.0,-5542.35,-2.17971,-5.060191,False,False
Camarines Sur,2021-03,2020-03,86.0,12357.8,11707.8,-628.38,-31079.68,-1.13686,-1.397617,False,False
Cavite,2021-03,2020-03,32.0,3907.32,2687.07,437.0,62795.57,-0.926773,-0.937777,False,False
Laguna,2021-03,2020-03,39.0,7090.0,7010.0,24.29,8171.8,0.605599,-0.132382,False,False
Marinduque,2021-03,2020-03,90.0,31623.9,31483.9,165.0,24224.69,-0.454545,0.305441,False,False
Quezon,2021-03,2020-03,255.1,65639.76,61073.99,223.0,54893.61,0.143946,0.195763,False,False
Albay,2021-04,2020-04,12.0,267.6,267.6,,,,,False,False
Batangas,2021-04,2020-04,53.0,12818.46,12818.46,149.0,31950.83,-0.644295,-0.598807,False,False
Camarines Norte,2021-04,2020-04,231.4,49516.49,42216.49,,,,,False,False
Camarines Sur,2021-04,2020-04,149.0,15544.06,14894.06,,,,,False,False
Cavite,2021-04,2020-04,149.6,63105.43,64800.43,232.0,55915.99,-0.355172,0.128576,False,False
Quezon,2021-04,2020-04,384.0,80928.73,79293.73,110.0,38370.51,2.490909,1.109139,False,False
Batangas,2021-05,2020-05,15.0,7414.0,7414.0,67.0,7435.52,-0.776119,-0.002894,False,False
Camarines Norte,2021-05,2020-05,32.2,12900.0,12900.0,251.8,99828.28,-0.872121,-0.870778,False,False
Camarines Sur,2021-05,2020-05,69.0,17518.94,20930.36,,,,,False,False
Cavite,2021-05,2020-05,39.0,10065.74,6665.49,344.0,81888.55,-0.886628,-0.87708,False,False
Marinduque,2021-05,2020-05,264.0,212852.34,77679.72,,,,,False,False
Quezon,2021-05,2020-05,455.0,107308.61,106679.61,,,,,False,False
Batangas,2021-06,2020-06,104.98,38720.4528,32770.4528,141.0,35523.33,-0.255461,0.090001,False,False
Camarines Sur,2021-06,2020-06,29.0,2610.3,2610.3,,,,,False,False
Cavite,2021-06,2020-06,162.0,19470.46,17360.46,340.0,35166.37,-0.523529,-0.446333,False,False
Marinduque,2021-06,2020-06,18.0,10150.34,10500.0,167.0,60687.77,-0.892216,-0.832745,False,False
Quezon,2021-06,2020-06,280.0,63337.2,59305.08,447.0,97028.39,-0.373602,-0.34723,False,False
Batangas,2021-07,2020-07,131.0,42437.69,42374.09,71.0,23072.61,0.84507,0.83931,False,False
Camarines Norte,2021-07,2020-07,377.8,111047.6,98627.6,151.46,67339.62,1.494388,0.649068,False,False
Camarines Sur,2021-07,2020-07,92.61,24786.5236,23486.5236,34.0,20910.0,1.723824,0.185391,False,False
Cavite,2021-07,2020-07,112.0,35920.4,35920.4,372.0,43814.51,-0.698925,-0.180171,False,False
Laguna,2021-07,2020-07,84.0,16030.0,15910.0,,,,,False,False
Marinduque,2021-07,2020-07,125.0,28535.36,25655.36,203.0,44701.4,-0.384236,-0.361645,False,False
Quezon,2021-07,2020-07,565.4,85980.94,85983.39,166.0,36201.51,2.406024,1.375065,False,False
Albay,2021-08,2020-08,1050.0,160250.0,145250.0,164.0,41721.6,5.402439,2.840936,False,False
Batangas,2021-08,2020-08,78.0,16161.0,16161.0,76.0,33342.84,0.026316,-0.515308,False,False
Camarines Norte,2021-08,2020-08,158.2,50413.0,44943.0,-65.16,-6518.74,-3.42787,-8.73355,False,False
Camarines Sur,2021-08,2020-08,101.0,9332.7,9332.7,104.0,15937.28,-0.028846,-0.414411,False,False
Cavite,2021-08,2020-08,231.0,30231.63,28795.76,474.0,50451.17,-0.512658,-0.400774,False,False
Marinduque,2021-08,2020-08,1046.0,108473.0,96107.0,168.0,42686.69,5.22619,1.541143,False,False
Quezon,2021-08,2020-08,538.0,104516.18,103200.18,97.0,48271.26,4.546392,1.165184,False,False
Albay,2021-09,2020-09,17.0,807.5,807.5,,,,,False,False
Batangas,2021-09,2020-09,167.0,62690.13,62690.13,112.0,42474.73,0.491071,0.475939,False,False
Camarines Norte,2021-09,2020-09,224.5,49653.28,42198.28,,,,,False,False
Camarines Sur,2021-09,2020-09,27.05,15281.8504,15759.05,,,,,False,False
Cavite,2021-09,2020-09,126.0,12577.0,11727.0,415.33,53531.42,-0.696627,-0.765054,False,False
Marinduque,2021-09,2020-09,-21.0,-803.88,0.0,122.0,30816.82,-1.172131,-1.026086,False,False
Quezon,2021-09,2020-09,343.0,75652.87,75090.37,305.0,81060.83,0.12459,-0.066715,False,False
Batangas,2021-10,2020-10,102.0,45851.6,45851.6,103.0,30385.0,-0.009709,0.509021,False,False
Camarines Sur,2021-10,2020-10,87.0,20656.28,19356.28,-81.64,-13494.81,-2.065654,-2.530683,False,False
Cavite,2021-10,2020-10,282.0,21370.11,17915.11,285.0,45832.2,-0.010526,-0.533732,False,False
Laguna,2021-10,2020-10,4061.0,842721.9,460068.1,-1445.67,-140461.9,-3.809078,-6.999648,False,False
Marinduque,2021-10,2020-10,59.0,21570.92,21413.42,,,,,False,False
Quezon,2021-10,2020-10,472.0,99134.34,95809.62,308.0,96260.14,0.532468,0.029859,False,False
Batangas,2021-11,2020-11,74.0,25179.5,25179.5,61.0,27028.95,0.213115,-0.068425,False,False
Camarines Norte,2021-11,2020-11,311.8,60901.05,54086.05,85.8,37946.94,2.634033,0.6049,False,False
Camarines Sur,2021-11,2020-11,81.0,15349.3,14259.3,,,,,False,False
Cavite,2021-11,2020-11,223.0,22634.38,23631.98,149.0,11117.76,0.496644,1.035876,False,False
Marinduque,2021-11,2020-11,94.0,29794.22,29794.22,91.0,27627.95,0.032967,0.078409,False,False
Quezon,2021-11,2020-11,293.0,72911.31,69811.81,209.0,61425.76,0.401914,0.186983,False,False
Batangas,2021-12,2020-12,88.0,37340.43,37340.43,49.0,13045.12,0.795918,1.862406,False,False
Camarines Norte,2021-12,2020-12,193.6,54192.5,39673.5,,,,,False,False
Camarines Sur,2021-12,2020-12,65.0,9438.5,9178.5,73.0,13210.25,-0.109589,-0.285517,False,False
Cavite,2021-12,2020-12,100.0,8916.35,8700.71,65.33,21228.2,0.53069,-0.579976,False,False
Laguna,2021-12,2020-12,27.0,4360.0,3330.0,,,,,False,False
Quezon,2021-12,2020-12,452.0,82785.49,79023.49,323.0,85196.41,0.399381,-0.028298,False,False
Batangas,2022-01,2021-01,73.0,30771.42,30771.42,139.46,36404.86,-0.476552,-0.154744,False,False
Camarines Norte,2022-01,2021-01,132.0,33210.0,25590.0,186.0,70748.79,-0.290323,-0.530593,False,False
Cavite,2022-01,2021-01,65.0,10130.12,10013.87,158.0,29742.26,-0.588608,-0.659403,False,False
Marinduque,2022-01,2021-01,274.0,64658.2,61193.2,427.0,58463.16,-0.358314,0.105965,False,False
Quezon,2022-01,2021-01,365.0,60414.58,57311.08,293.0,77644.59,0.245734,-0.221909,False,False
Albay,2022-02,2021-02,8.0,11009.2,11009.2,18.0,1966.5,-0.555556,4.598373,False,False
Batangas,2022-02,2021-02,318.0,83504.04,78116.04,53.0,33088.23,5.0,1.523678,False,False
Camarines Norte,2022-02,2021-02,291.0,90238.5,70864.5,104.8,35773.3,1.776718,1.52251,False,False
Camarines Sur,2022-02,2021-02,221.0,32962.06,31431.9,213.0,18600.52,0.037559,0.772104,False,False
Cavite,2022-02,2021-02,131.0,7923.62,7920.49,253.0,42372.71,-0.482213,-0.813002,False,False
Laguna,2022-02,2021-02,90.0,15550.0,13550.0,76.0,19270.0,0.184211,-0.193046,False,False
Marinduque,2022-02,2021-02,2040.0,1177581.0,1140430.5,,,,,False,False
Quezon,2022-02,2021-02,512.0,121656.09,117293.09,370.0,77786.14,0.383784,0.563982,False,False
Batangas,2022-03,2021-03,151.0,51717.89,51717.89,133.0,24660.25,0.135338,1.097217,False,False
Camarines Norte,2022-03,2021-03,241.0,84091.72,63477.72,81.4,22503.0,1.960688,2.736912,False,False
Camarines Sur,2022-03,2021-03,103.7,25369.9,26959.5,86.0,12357.8,0.205814,1.052946,False,False
Cavite,2022-03,2021-03,165.0,24527.75,24527.75,32.0,3907.32,4.15625,5.277384,False,False
Marinduque,2022-03,2021-03,329.0,224524.96,146044.96,90.0,31623.9,2.655556,6.09985,False,False
Quezon,2022-03,2021-03,391.0,89990.79,88614.79,255.1,65639.76,0.532732,0.37098,False,False
Batangas,2022-04,2021-04,87.0,32167.9,32167.9,53.0,12818.46,0.641509,1.509498,False,False
Camarines Norte,2022-04,2021-04,224.0,79843.0,71379.0,231.4,49516.49,-0.031979,0.612453,False,False
Camarines Sur,2022-04,2021-04,131.56,17537.96,17644.76,149.0,15544.06,-0.117047,0.128274,False,False
Cavite,2022-04,2021-04,71.0,10119.12,10054.12,149.6,63105.43,-0.525401,-0.839647,False,False
Laguna,2022-04,2021-04,45.67,7300.5,7300.5,,,,,False,False
Marinduque,2022-04,2021-04,60.0,2790.0,2790.0,,,,,False,False
Quezon,2022-04,2021-04,443.38,86636.4,83757.12,384.0,80928.73,0.154635,0.070527,False,False
Batangas,2022-05,2021-05,145.0,53831.41,53831.41,15.0,7414.0,8.666667,6.260778,False,False
Camarines Norte,2022-05,2021-05,114.0,36629.0,26107.0,32.2,12900.0,2.540373,1.839457,False,False
Camarines Sur,2022-05,2021-05,100.0,22554.6,21254.6,69.0,17518.94,0.449275,0.287441,False,False
Cavite,2022-05,2021-05,29.0,8252.5,8238.37,39.0,10065.74,-0.25641,-0.18014,False,False
Marinduque,2022-05,2021-05,251.0,33729.0,33214.0,264.0,212852.34,-0.049242,-0.841538,False,False
Quezon,2022-05,2021-05,391.0,86583.86,85154.86,455.0,107308.61,-0.140659,-0.193132,False,False
Batangas,2022-06,2021-06,152.0,46542.3,46542.3,104.98,38720.4528,0.447895,0.202008,False,False
Camarines Norte,2022-06,2021-06,198.0,31522.0,24066.0,,,,,False,False
Camarines Sur,2022-06,2021-06,168.0,37220.0,35920.0,29.0,2610.3,4.793103,13.258897,False,False
Cavite,2022-06,2021-06,152.0,26497.06,26495.86,162.0,19470.46,-0.061728,0.360885,False,False
Laguna,2022-06,2021-06,34.0,5208.0,5208.0,,,,,False,False
Marinduque,2022-06,2021-06,222.0,42600.8,38600.8,18.0,10150.34,11.333333,3.196983,False,False
Quezon,2022-06,2021-06,609.0,115586.41,112423.27,280.0,63337.2,1.175,0.824937,False,False
Batangas,2022-07,2021-07,141.0,73000.26,73000.26,131.0,42437.69,0.076336,0.720175,False,False
Camarines Norte,2022-07,2021-07,288.0,75635.0,61650.0,377.8,111047.6,-0.237692,-0.318896,False,False
Camarines Sur,2022-07,2021-07,247.0,36307.0,35007.0,92.61,24786.5236,1.667099,0.464788,False,False
Cavite,2022-07,2021-07,232.0,20929.18,23729.18,112.0,35920.4,1.071429,-0.417346,False,False
Marinduque,2022-07,2021-07,212.0,55216.92,48974.92,125.0,28535.36,0.696,0.935035,False,False
Quezon,2022-07,2021-07,468.0,107098.16,104581.76,565.4,85980.94,-0.172267,0.245604,False,False
Batangas,2022-08,2021-08,97.0,44376.7,44376.7,78.0,16161.0,0.24359,1.745913,False,False
Camarines Norte,2022-08,2021-08,144.0,33890.0,30590.0,158.2,50413.0,-0.08976,-0.327753,False,False
Camarines Sur,2022-08,2021-08,61.0,17936.7,16636.7,101.0,9332.7,-0.39604,0.92192,False,False
Cavite,2022-08,2021-08,94.0,13371.18,13371.18,231.0,30231.63,-0.593074,-0.557709,False,False
Quezon,2022-08,2021-08,483.0,100116.94,92358.86,538.0,104516.18,-0.10223,-0.042091,False,False
Batangas,2022-09,2021-09,313.0,83063.56,79289.56,167.0,62690.13,0.874251,0.324986,False,False
Camarines Norte,2022-09,2021-09,166.0,43636.0,33059.0,224.5,49653.28,-0.260579,-0.121186,False,False
Camarines Sur,2022-09,2021-09,231.0,27857.92,26557.92,27.05,15281.8504,7.539741,0.822942,False,False
Cavite,2022-09,2021-09,142.0,23887.54,23887.54,126.0,12577.0,0.126984,0.899303,False,False
Marinduque,2022-09,2021-09,2916.0,506176.34,417441.38,-21.0,-803.88,-139.857143,-630.666542,False,False
Quezon,2022-09,2021-09,596.0,118089.33,114649.33,343.0,75652.87,0.737609,0.560937,False,False
Batangas,2022-10,2021-10,657.0,206738.32,131995.12,102.0,45851.6,5.441176,3.508857,False,False
Camarines Norte,2022-10,2021-10,118.0,26646.0,25004.0,,,,,False,False
Camarines Sur,2022-10,2021-10,103.0,19970.7,18670.7,87.0,20656.28,0.183908,-0.03319,False,False
Cavite,2022-10,2021-10,230.0,52516.53,40516.53,282.0,21370.11,-0.184397,1.457476,False,False
Marinduque,2022-10,2021-10,39.0,11886.92,11886.92,59.0,21570.92,-0.338983,-0.448938,False,False
Quezon,2022-10,2021-10,402.63,57297.68,55617.68,472.0,99134.34,-0.14697,-0.42202,False,False
Batangas,2022-11,2021-11,192.0,80518.18,80518.18,74.0,25179.5,1.594595,2.197767,False,False
Camarines Norte,2022-11,2021-11,189.0,41175.0,29954.0,311.8,60901.05,-0.393842,-0.323903,False,False
Cavite,2022-11,2021-11,155.0,14316.52,14316.52,223.0,22634.38,-0.304933,-0.367488,False,False
Marinduque,2022-11,2021-11,1490.0,280433.91,243050.89,94.0,29794.22,14.851064,8.41236,False,False
Quezon,2022-11,2021-11,502.0,122121.86,117081.86,293.0,72911.31,0.713311,0.674937,False,False
Batangas,2022-12,2021-12,239.0,99378.52,96123.72,88.0,37340.43,1.715909,1.661419,False,False
Camarines Norte,2022-12,2021-12,253.0,42613.3,36717.3,193.6,54192.5,0.306818,-0.213668,False,False
Camarines Sur,2022-12,2021-12,377.0,55158.2,51842.2,65.0,9438.5,4.8,4.843958,False,False
Cavite,2022-12,2021-12,4.0,1040.0,1040.0,100.0,8916.35,-0.96,-0.88336,False,False
Marinduque,2022-12,2021-12,41.0,12551.84,12551.84,,,,,False,False
Quezon,2022-12,2021-12,509.0,95934.17,95059.17,452.0,82785.49,0.126106,0.158828,False,False
Batangas,2023-01,2022-01,205.0,50910.54,50317.74,73.0,30771.42,1.808219,0.654475,False,False
Camarines Norte,2023-01,2022-01,106.3,49330.0,42730.0,132.0,33210.0,-0.194697,0.485396,False,False
Camarines Sur,2023-01,2022-01,122.0,18795.2,17495.2,,,,,False,False
Cavite,2023-01,2022-01,2.0,660.0,660.0,65.0,10130.12,-0.969231,-0.934848,False,False
Marinduque,2023-01,2022-01,3459.0,373566.0,274876.0,274.0,64658.2,11.624088,4.77755,False,False
Quezon,2023-01,2022-01,457.0,104762.83,102600.83,365.0,60414.58,0.252055,0.734065,False,False
Batangas,2023-02,2022-02,375.0,71229.79,69753.79,318.0,83504.04,0.179245,-0.14699,False,False
Camarines Norte,2023-02,2022-02,0.61,-6390.6,696.0,291.0,90238.5,-0.997904,-1.070819,False,False
Camarines Sur,2023-02,2022-02,-62.2,-7023.55,2425.0,221.0,32962.06,-1.281448,-1.21308,False,False
Cavite,2023-02,2022-02,51.0,14775.0,14775.0,131.0,7923.62,-0.610687,0.864678,False,False
Marinduque,2023-02,2022-02,123.0,21339.66,20790.66,2040.0,1177581.0,-0.939706,-0.981878,False,False
Quezon,2023-02,2022-02,311.5,92967.28,86281.28,512.0,121656.09,-0.391602,-0.235819,False,False
Batangas,2023-03,2022-03,615.4,99401.16,95600.28,151.0,51717.89,3.075497,0.921988,False,False
Camarines Norte,2023-03,2022-03,12.0,780.0,348.0,241.0,84091.72,-0.950207,-0.990724,False,False
Marinduque,2023-03,2022-03,123.0,40270.0,35520.0,329.0,224524.96,-0.62614,-0.820644,False,False
Quezon,2023-03,2022-03,789.0,151137.54,147522.74,391.0,89990.79,1.017903,0.679478,False,False
Batangas,2023-04,2022-04,249.5,63722.64,60538.09,87.0,32167.9,1.867816,0.980939,False,False
Camarines Norte,2023-04,2022-04,24.0,1560.0,696.0,224.0,79843.0,-0.892857,-0.980462,False,False
Cavite,2023-04,2022-04,8.0,1347.96,1347.96,71.0,10119.12,-0.887324,-0.866791,False,False
Laguna,2023-04,2022-04,2.0,3744.0,3744.0,45.67,7300.5,-0.956208,-0.487158,False,False
Marinduque,2023-04,2022-04,111.0,21408.84,18168.84,60.0,2790.0,0.85,6.673419,False,False
Quezon,2023-04,2022-04,364.3,58738.66,51809.96,443.38,86636.4,-0.178357,-0.322009,False,False
Batangas,2023-05,2022-05,535.0,119505.63,115489.63,145.0,53831.41,2.689655,1.219998,False,False
Marinduque,2023-05,2022-05,24.0,1308.0,1308.0,251.0,33729.0,-0.904382,-0.96122,False,False
Quezon,2023-05,2022-05,842.0,190950.56,183861.06,391.0,86583.86,1.153453,1.205383,False,False
Batangas,2023-06,2022-06,1319.2,186709.73,60807.27,152.0,46542.3,7.678947,3.011614,False,False
Camarines Norte,2023-06,2022-06,759.89,419472.0,0.0,198.0,31522.0,2.837828,12.307277,False,False
Camarines Sur,2023-06,2022-06,-47.2,-9522.69,0.0,168.0,37220.0,-1.280952,-1.255849,False,False
Cavite,2023-06,2022-06,254.7,177435.81,0.0,152.0,26497.06,0.675658,5.696434,False,False
Laguna,2023-06,2022-06,-31.75,-92292.0,0.0,34.0,5208.0,-1.933824,-18.721198,False,False
Marinduque,2023-06,2022-06,86.0,27401.92,25755.92,222.0,42600.8,-0.612613,-0.356775,False,False
Quezon,2023-06,2022-06,-500.47,452461.25,143377.16,609.0,115586.41,-1.82179,2.914485,False,False
Batangas,2023-07,2022-07,567.0,123885.92,118031.92,141.0,73000.26,3.021277,0.697061,False,False
Cavite,2023-07,2022-07,2.0,660.0,660.0,232.0,20929.18,-0.991379,-0.968465,False,False
Laguna,2023-07,2022-07,2.0,3744.0,3744.0,,,,,False,False
Marinduque,2023-07,2022-07,75.0,10415.52,10415.52,212.0,55216.92,-0.646226,-0.811371,False,False
Quezon,2023-07,2022-07,425.0,75100.49,69474.99,468.0,107098.16,-0.09188,-0.29877,False,False
Batangas,2023-08,2022-08,270.0,78096.56,77980.56,97.0,44376.7,1.783505,0.759855,False,False
Cavite,2023-08,2022-08,10.0,1146.6,1146.6,94.0,13371.18,-0.893617,-0.914248,False,False
Quezon,2023-08,2022-08,504.0,124522.88,110999.48,483.0,100116.94,0.043478,0.243774,False,False
Batangas,2023-09,2022-09,234.0,129582.32,71142.32,313.0,83063.56,-0.252396,0.560038,False,False
Camarines Norte,2023-09,2022-09,1.19,238.0,238.0,166.0,43636.0,-0.992831,-0.994546,False,False
Marinduque,2023-09,2022-09,131.0,48195.96,47570.96,2916.0,506176.34,-0.955075,-0.904784,False,False
Quezon,2023-09,2022-09,415.0,153522.24,123527.84,596.0,118089.33,-0.303691,0.300052,False,False
Batangas,2023-10,2022-10,538.8,127118.27,125990.47,657.0,206738.32,-0.179909,-0.385125,False,False
Laguna,2023-10,2022-10,5.0,14469.0,9519.0,,,,,False,False
Quezon,2023-10,2022-10,624.0,166131.51,163141.05,402.63,57297.68,0.54981,1.899446,False,False
Batangas,2023-11,2022-11,560.8,122256.36,107496.36,192.0,80518.18,1.920833,0.51837,False,False
Quezon,2023-11,2022-11,718.0,160380.3,143470.9,502.0,122121.86,0.430279,0.313281,False,False
Batangas,2023-12,2022-12,413.0,100389.28,99389.28,239.0,99378.52,0.728033,0.010171,False,False
Marinduque,2023-12,2022-12,97.0,33276.6,28796.6,41.0,12551.84,1.365854,1.651133,False,False
Quezon,2023-12,2022-12,404.0,123729.66,121494.66,509.0,95934.17,-0.206287,0.289735,False,False
Batangas,2024-01,2023-01,421.0,123892.5,123236.1,205.0,50910.54,1.053659,1.433533,False,False
Marinduque,2024-01,2023-01,110.0,26574.0,20574.0,3459.0,373566.0,-0.968199,-0.928864,False,False
Quezon,2024-01,2023-01,842.0,140842.76,135837.76,457.0,104762.83,0.842451,0.344396,False,False
Batangas,2024-02,2023-02,362.57,100978.68,97177.98,375.0,71229.79,-0.033147,0.417647,False,False
Marinduque,2024-02,2023-02,10.0,3250.0,2000.0,123.0,21339.66,-0.918699,-0.847701,False,False
Quezon,2024-02,2023-02,496.0,107797.0,86214.0,311.5,92967.28,0.592295,0.159515,False,False
Batangas,2024-03,2023-03,355.0,91845.62,88588.57,615.4,99401.16,-0.423139,-0.076011,False,False
Marinduque,2024-03,2023-03,101.0,30202.76,30202.76,123.0,40270.0,-0.178862,-0.249994,False,False
Quezon,2024-03,2023-03,443.0,76069.8,70761.8,789.0,151137.54,-0.43853,-0.496685,False,False
Batangas,2024-04,2023-04,519.0,119325.92,119136.92,249.5,63722.64,1.08016,0.872583,False,False
Marinduque,2024-04,2023-04,31.0,15430.0,15430.0,111.0,21408.84,-0.720721,-0.27927,False,False
Quezon,2024-04,2023-04,270.0,51737.5,49267.5,364.3,58738.66,-0.258853,-0.119192,False,False
Batangas,2024-05,2023-05,473.0,98646.96,97607.96,535.0,119505.63,-0.115888,-0.174541,False,False
Marinduque,2024-05,2023-05,65.0,23575.0,23575.0,24.0,1308.0,1.708333,17.0237,False,False
Quezon,2024-05,2023-05,441.0,97306.9,89016.9,842.0,190950.56,-0.476247,-0.490408,False,False
Batangas,2024-06,2023-06,546.0,137895.56,135656.56,1319.2,186709.73,-0.586113,-0.261444,False,False
Marinduque,2024-06,2023-06,154.0,20498.88,20466.96,86.0,27401.92,0.790698,-0.251918,False,False
Quezon,2024-06,2023-06,337.0,80591.9,60944.4,-500.47,452461.25,-1.673367,-0.821881,False,False
Batangas,2024-07,2023-07,319.0,81521.49,81151.49,567.0,123885.92,-0.43739,-0.341963,False,False
Marinduque,2024-07,2023-07,36.0,8885.92,7275.92,75.0,10415.52,-0.52,-0.146858,False,False
Quezon,2024-07,2023-07,527.0,81235.1,61431.1,425.0,75100.49,0.24,0.081685,False,False
Batangas,2024-08,2023-08,403.0,101713.7,100587.2,270.0,78096.56,0.492593,0.302409,False,False
Marinduque,2024-08,2023-08,65.0,24980.84,24980.84,,,,,False,False
Quezon,2024-08,2023-08,435.5,78340.0,73273.0,504.0,124522.88,-0.135913,-0.370879,False,False
Batangas,2024-09,2023-09,122.0,35901.0,35749.5,234.0,129582.32,-0.478632,-0.722948,False,False
Marinduque,2024-09,2023-09,268.0,66372.75,65122.75,131.0,48195.96,1.045802,0.377143,False,False
Quezon,2024-09,2023-09,445.0,92717.77,74093.61,415.0,153522.24,0.072289,-0.396063,False,False
Batangas,2024-10,2023-10,676.0,92861.39,92815.39,538.8,127118.27,0.25464,-0.269488,False,False
Marinduque,2024-10,2023-10,50.0,9250.0,9250.0,,,,,False,False
Quezon,2024-10,2023-10,280.5,57107.83,48684.67,624.0,166131.51,-0.550481,-0.656249,False,False
Batangas,2024-11,2023-11,228.0,64497.6,64401.6,560.8,122256.36,-0.593438,-0.47244,False,False
Quezon,2024-11,2023-11,564.0,95410.9,91200.9,718.0,160380.3,-0.214485,-0.405096,False,False
Batangas,2024-12,2023-12,158.0,58482.99,58282.99,413.0,100389.28,-0.617433,-0.417438,False,False
Quezon,2024-12,2023-12,340.0,80896.0,69456.0,404.0,123729.66,-0.158416,-0.346187,False,False
Batangas,2025-01,2024-01,286.0,97025.42,97025.42,421.0,123892.5,-0.320665,-0.216858,True,False
Quezon,2025-01,2024-01,752.0,197141.12,178190.02,842.0,140842.76,-0.106888,0.399725,True,False
Batangas,2025-02,2024-02,413.0,132665.76,122843.76,362.57,100978.68,0.13909,0.3138,True,False
Marinduque,2025-02,2024-02,162.0,46226.76,45326.76,10.0,3250.0,15.2,13.223618,True,False
Quezon,2025-02,2024-02,386.0,75013.72,66363.72,496.0,107797.0,-0.221774,-0.304121,True,False
Batangas,2025-03,2024-03,358.0,96562.55,96030.05,355.0,91845.62,0.008451,0.051357,True,False
Marinduque,2025-03,2024-03,39.0,6133.1,6133.1,101.0,30202.76,-0.613861,-0.796936,True,False
Quezon,2025-03,2024-03,516.0,74835.05,57792.05,443.0,76069.8,0.164786,-0.016232,True,False
Batangas,2025-04,2024-04,373.0,104124.45,104124.45,519.0,119325.92,-0.28131,-0.127395,True,False
Marinduque,2025-04,2024-04,4.0,2290.0,2290.0,31.0,15430.0,-0.870968,-0.851588,True,False
Quezon,2025-04,2024-04,534.0,107766.43,84321.73,270.0,51737.5,0.977778,1.082946,True,False
Batangas,2025-05,2024-05,170.0,51821.26,51591.26,473.0,98646.96,-0.640592,-0.47468,True,False
Marinduque,2025-05,2024-05,69.0,12674.0,12674.0,65.0,23575.0,0.061538,-0.462397,True,False
Quezon,2025-05,2024-05,459.0,112821.94,103461.94,441.0,97306.9,0.040816,0.159444,True,False
Batangas,2025-06,2024-06,700.97,164005.03,143870.79,546.0,137895.56,0.283828,0.189342,True,False
Marinduque,2025-06,2024-06,140.0,21096.0,21096.0,154.0,20498.88,-0.090909,0.029129,True,False
Quezon,2025-06,2024-06,426.0,64691.24,57511.24,337.0,80591.9,0.264095,-0.197298,True,False
Batangas,2025-07,2024-07,255.0,68764.34,68764.34,319.0,81521.49,-0.200627,-0.156488,True,True
Marinduque,2025-07,2024-07,176.0,694045.52,354775.92,36.0,8885.92,3.888889,77.106208,True,True
Quezon,2025-07,2024-07,561.0,147407.81,135602.71,527.0,81235.1,0.064516,0.814583,True,True
Batangas,2025-08,2024-08,303.0,98169.62,98169.62,403.0,101713.7,-0.248139,-0.034844,True,True
Marinduque,2025-08,2024-08,34.0,21005.0,18439.0,65.0,24980.84,-0.476923,-0.159156,True,True
Quezon,2025-08,2024-08,411.0,96874.35,84015.35,435.5,78340.0,-0.056257,0.236589,True,True
Batangas,2025-09,2024-09,292.0,84126.41,83656.41,122.0,35901.0,1.393443,1.343289,True,True
Quezon,2025-09,2024-09,709.5,113003.59,95686.19,445.0,92717.77,0.594382,0.218791,True,True
Batangas,2025-10,2024-10,312.0,86019.92,83425.92,676.0,92861.39,-0.538462,-0.073674,True,True
Marinduque,2025-10,2024-10,50.0,182738.24,107729.24,50.0,9250.0,0.0,18.755485,True,True
Quezon,2025-10,2024-10,745.0,147648.18,125630.48,280.5,57107.83,1.655971,1.585428,True,True
Batangas,2025-11,2024-11,285.0,68414.76,68414.76,228.0,64497.6,0.25,0.060733,True,True
Quezon,2025-11,2024-11,339.0,60406.64,49119.64,564.0,95410.9,-0.398936,-0.366879,True,True
Batangas,2025-12,2024-12,215.0,66145.92,65158.92,158.0,58482.99,0.360759,0.131028,True,True
Quezon,2025-12,2024-12,518.5,92358.46,77377.46,340.0,80896.0,0.525,0.141694,True,True
