YEAR,MONTH,DAY,RAINFALL,TMAX,TMIN,RH,WIND_SPEED,WIND_DIRECTION
2021,1,1,0,29.4,18.4,65,3,40
2021,1,2,0,31.5,20,66,2,40
2021,1,3,0,34.7,24,65,2,40
2021,1,4,0,34.4,21.5,63,2,40
2021,1,5,0,30.2,23.6,78,4,20
2021,1,6,0,31.3,22,72,3,20
2021,1,7,0,30.2,22.3,74,4,20
2021,1,8,0,27.3,21,72,5,20
2021,1,9,0,27.3,20.6,66,4,40
2021,1,10,0,30.1,17,60,2,40
2021,1,11,0,28.6,21,63,3,40
2021,1,12,0,25.4,16.8,75,4,20
2021,1,13,0,28.9,20.2,72,2,360
2021,1,14,0,29.4,21.7,73,2,40
2021,1,15,0,29.2,22.3,73,3,40
2021,1,16,0,32.2,21,60,2,40
2021,1,17,0,26.6,22.4,74,6,20
2021,1,18,0,29,24.3,61,3,40
2021,1,19,0,33.2,23.5,59,3,90
2021,1,20,-1,34.5,25.1,64,4,70
2021,1,21,10.4,31.7,24.5,82,2,220
2021,1,22,9.7,29,24,88,2,20
2021,1,23,5.7,25.5,24.1,90,2,40
2021,1,24,0,32.1,22.5,74,2,40
2021,1,25,0,31.6,23.6,74,3,40
2021,1,26,0,30.8,21.2,74,3,360
2021,1,27,0,31.6,22,73,3,90
2021,1,28,0,32,19.2,66,3,40
2021,1,29,0,30.6,17.6,64,3,40
2021,1,30,0,28.6,17.6,56,3,90
2021,1,31,0,29.3,17.7,65,3,90
2021,2,1,0,29.8,18,70,2,320
2021,2,2,0,29.2,21.3,71,4,40
2021,2,3,0,30.6,18.8,62,3,40
2021,2,4,0,30.8,18.6,68,3,40
2021,2,5,0,31,20,69,3,90
2021,2,6,0,30,21.5,72,2,320
2021,2,7,-1,32,23.1,73,2,90
2021,2,8,0,33.8,24.5,65,3,40
2021,2,9,0,32,24.4,58,4,40
2021,2,10,-1,31.8,23.7,73,3,110
2021,2,11,2.9,28.6,22,81,4,340
2021,2,12,0,25.8,19.7,78,1,70
2021,2,13,0,29.5,20.3,72,2,40
2021,2,14,0,28.6,19.4,74,3,40
2021,2,15,0,29.8,21,68,2,340
2021,2,16,0,29.8,20.5,73,2,340
2021,2,17,0,29.4,22.6,71,3,320
2021,2,18,0,28.2,19.4,60,4,40
2021,2,19,0,29.6,15,58,2,40
2021,2,20,0,28.3,16.8,60,2,40
2021,2,21,0,28.4,18.6,66,2,110
2021,2,22,0,29.5,21.4,72,2,90
2021,2,23,0,30.8,24,79,2,160
2021,2,24,0,31.6,25.4,73,1,360
2021,2,25,0,31.2,23.3,81,2,270
2021,2,26,0,30,24.4,81,2,40
2021,2,27,0,30.5,22.9,79,2,340
2021,2,28,0,32.6,23.6,72,2,320
2021,3,1,0,30.8,23.7,80,2,360
2021,3,2,0,30.5,24.8,78,4,20
2021,3,3,0,32.9,23.9,66,3,340
2021,3,4,0,30.8,22.8,76,2,90
2021,3,5,0,31,23.4,80,2,320
2021,3,6,0,29.9,22.5,81,2,270
2021,3,7,0,32.6,22.1,69,2,110
2021,3,8,0,31.8,21.6,72,2,320
2021,3,9,0,33.2,21.3,64,2,360
2021,3,10,0,33,22.4,58,3,340
2021,3,11,0,33.2,21.2,60,3,140
2021,3,12,0,33.6,21.9,58,2,40
2021,3,13,0,35.4,22.8,54,2,40
2021,3,14,0,34.1,22.8,56,3,70
2021,3,15,-1,32.8,26,68,2,360
2021,3,16,1.2,31,24.1,81,2,90
2021,3,17,-1,31.8,24.5,79,2,360
2021,3,18,0,33.2,25.3,75,2,360
2021,3,19,0,32.6,25.6,76,2,360
2021,3,20,0,31.4,26.1,76,2,360
2021,3,21,0,31.8,26.6,72,2,40
2021,3,22,0,32.2,24.8,64,5,360
2021,3,23,0,33.6,23.3,56,2,360
2021,3,24,0,32,24.4,67,2,290
2021,3,25,0,32,22.9,73,2,360
2021,3,26,0,31.5,23.2,70,2,110
2021,3,27,0,31.5,23.8,76,2,360
2021,3,28,0,31.6,22.9,78,2,340
2021,3,29,0,30.6,22.9,80,3,360
2021,3,30,0,30.8,22.4,75,2,320
2021,3,31,0,32.4,24.2,75,2,250
2021,4,1,0,31.2,24.1,81,3,320
2021,4,2,0,32,24,80,2,340
2021,4,3,0,31.5,24.1,77,2,360
2021,4,4,0,32.6,24.2,76,2,290
2021,4,5,0,35,24.4,64,3,40
2021,4,6,0,32.8,21.9,62,3,360
2021,4,7,0,33,23,63,2,360
2021,4,8,0,31.8,23.1,64,2,40
2021,4,9,0,32.8,23.4,62,2,20
2021,4,10,0,33.2,22.8,58,2,360
2021,4,11,0,34,22.4,59,2,360
2021,4,12,0,32,22.6,66,2,340
2021,4,13,0,32.2,24.9,73,2,290
2021,4,14,0,32,25.3,74,2,320
2021,4,15,0,32.2,23.3,77,2,290
2021,4,16,0,32.6,24.2,71,2,290
2021,4,17,0,33.7,23.4,59,3,360
2021,4,18,0,33,23.9,59,5,40
2021,4,19,0,32,24.3,59,5,20
2021,4,20,0,32.2,25,69,6,20
2021,4,21,-1,29.2,25.6,82,5,20
2021,4,22,0,29.5,22.9,84,3,360
2021,4,23,0,29.6,22,77,2,290
2021,4,24,0,30.1,20.9,75,3,340
2021,4,25,0,31,23.2,69,3,360
2021,4,26,0,33,24.1,63,2,340
2021,4,27,0,32.1,22.9,73,3,90
2021,4,28,0,31.3,23.1,74,2,290
2021,4,29,0,31.3,22.1,75,2,270
2021,4,30,0,31.6,22.5,73,2,40
2021,5,1,0,31.7,24.8,73,2,360
2021,5,2,0,32.4,25.2,72,3,360
2021,5,3,0,32.6,24.8,77,3,270
2021,5,4,0,33,25,75,3,110
2021,5,5,0,32.4,25.7,80,2,360
2021,5,6,0,32.8,25.1,77,2,290
2021,5,7,0,33.4,27,75,2,360
2021,5,8,0,33.2,26.1,74,2,340
2021,5,9,0,33.4,26,73,3,340
2021,5,10,0,33.3,25.8,76,3,110
2021,5,11,0,32.6,25.6,77,2,290
2021,5,12,0,33.2,25.7,77,2,320
2021,5,13,0,33,26.1,79,2,270
2021,5,14,0,33.8,26.7,76,2,340
2021,5,15,0,33.1,26.8,75,2,290
2021,5,16,0,33.8,26.6,76,3,360
2021,5,17,0,33.7,26.3,78,2,220
2021,5,18,0,33.8,26.2,74,2,270
2021,5,19,0,33.2,27.3,74,2,320
2021,5,20,0,33.8,26.5,73,2,340
2021,5,21,0.4,33.6,25.4,78,3,270
2021,5,22,-1,33.4,25.5,77,2,360
2021,5,23,0,34,25.8,72,3,340
2021,5,24,69.5,33.2,24,80,3,270
2021,5,25,0,32.4,26.7,78,3,110
2021,5,26,-1,33.4,26,73,2,110
2021,5,27,0,33.6,25.6,72,2,320
2021,5,28,0,33.5,25.8,72,2,340
2021,5,29,0,33.4,26.3,75,2,340
2021,5,30,0,33.2,26.2,75,2,270
2021,5,31,0,33.8,26.3,74,3,90
2021,6,1,0,33.6,26,75,3,90
2021,6,2,0,34.1,27.5,64,2,290
2021,6,3,0.7,34.6,25,72,5,220
2021,6,4,22.4,29.8,24.4,85,2,110
2021,6,5,0.6,32.4,26.8,78,3,220
2021,6,6,0.8,30.7,26.1,85,2,180
2021,6,7,36.8,32.7,24.2,83,2,250
2021,6,8,-1,32.1,25.6,80,2,270
2021,6,9,12.3,31.4,24.6,84,2,70
2021,6,10,6.1,31.2,24.1,84,3,290
2021,6,11,10,32.9,24.1,89,3,110
2021,6,12,0.5,32.4,26.1,80,2,90
2021,6,13,27.8,31.4,24.2,87,3,320
2021,6,14,9.4,30.5,23.6,86,3,220
2021,6,15,0.1,32,24.8,80,4,250
2021,6,16,0,32.4,25,74,4,220
2021,6,17,0,32.5,24.4,77,3,250
2021,6,18,-1,32.2,26.8,74,4,220
2021,6,19,1.4,32,25.9,73,4,220
2021,6,20,25.8,32.2,25.6,79,4,200
2021,6,21,2.4,32,24.3,89,4,220
2021,6,22,0.6,31.9,24.8,78,5,220
2021,6,23,10.8,32.1,22.9,78,3,220
2021,6,24,30,30.8,23.8,78,3,220
2021,6,25,6,31.2,23.8,84,2,220
2021,6,26,0,31,24.7,82,2,360
2021,6,27,-1,31.8,24.6,80,2,250
2021,6,28,0,32.2,24.6,79,3,220
2021,6,29,0,32.5,25,77,4,220
2021,6,30,-1,32.8,25.1,77,3,270
2021,7,1,0,32.2,25.8,79,3,270
2021,7,2,0,32,25.4,78,2,110
2021,7,3,0.1,32.6,26.4,80,2,340
2021,7,4,0,35.1,26.2,73,2,200
2021,7,5,4.6,32.7,24.3,87,3,90
2021,7,6,7.5,32.8,23.8,85,3,160
2021,7,7,0,32,25.6,83,2,340
2021,7,8,0,31.8,26.2,84,2,290
2021,7,9,0,32.5,26.5,79,2,360
2021,7,10,0.3,32.5,24.8,82,2,320
2021,7,11,0,32.5,25.8,82,3,270
2021,7,12,0.4,32.6,24.4,81,2,90
2021,7,13,22,33.3,24.5,85,3,90
2021,7,14,0,33,25,82,3,90
2021,7,15,4.6,30.8,24.6,85,3,110
2021,7,16,-1,31.8,25,85,3,110
2021,7,17,0.4,32.3,24.7,85,2,110
2021,7,18,19,31.6,24.9,87,2,360
2021,7,19,35,29.9,24,95,3,200
2021,7,20,28.4,31.1,23.3,91,5,220
2021,7,21,33,30,25.6,87,4,220
2021,7,22,14.5,28.7,25.3,93,4,220
2021,7,23,87,31,25,87,5,180
2021,7,24,74,27.2,25.8,95,5,200
2021,7,25,86,27.2,24.9,95,5,200
2021,7,26,108.5,29.4,25.7,95,5,200
2021,7,27,108.9,30.3,24.7,91,5,220
2021,7,28,24.4,29.8,24.6,95,3,220
2021,7,29,27.5,31,25.8,86,5,200
2021,7,30,13.8,29.4,25.6,92,5,200
2021,7,31,29.8,30.3,26.4,86,5,200
2021,8,1,45,30.4,25.7,94,5,180
2021,8,2,60.2,29.2,26.9,92,6,220
2021,8,3,38.5,29.8,26.8,91,6,220
2021,8,4,20.1,30.8,27,88,6,220
2021,8,5,47.6,30.3,25.8,90,5,220
2021,8,6,32.3,30.9,26.6,90,6,200
2021,8,7,6,30.6,27.1,88,6,220
2021,8,8,5.2,31,25.1,87,4,200
2021,8,9,0.4,31.8,25.6,85,3,220
2021,8,10,13.3,31.2,24.3,89,3,250
2021,8,11,4.2,30.8,24.8,86,2,360
2021,8,12,-1,30.2,24.9,86,3,110
2021,8,13,11.5,32,24,81,2,270
2021,8,14,0,30.7,23.9,84,2,320
2021,8,15,1.5,31.2,24.8,83,2,360
2021,8,16,0,31.7,25.5,84,3,110
2021,8,17,1.9,32.3,25.4,82,3,320
2021,8,18,5.2,31.6,24.8,87,2,110
2021,8,19,0.6,31.4,24.2,88,2,110
2021,8,20,11.4,32.1,23.8,87,2,250
2021,8,21,-1,31.7,24.4,86,2,220
2021,8,22,-1,31.4,24.4,82,3,110
2021,8,23,-1,32.1,24.4,81,3,110
2021,8,24,0.5,31.3,23.3,86,2,90
2021,8,25,0,31.2,25.2,85,2,270
2021,8,26,0,33.5,25.1,81,3,110
2021,8,27,-1,31,24.7,86,2,110
2021,8,28,0,31.9,25.8,81,2,360
2021,8,29,34.7,32.5,23.9,87,3,110
2021,8,30,0.2,30.7,24.7,89,3,110
2021,8,31,1.8,31.3,24,88,2,110
2021,9,1,0,31.5,24.6,83,3,90
2021,9,2,5,31.8,24.9,87,3,270
2021,9,3,1.4,31.3,23.6,88,3,90
2021,9,4,3,31.2,24,88,2,110
2021,9,5,30.4,30.8,24.1,89,2,360
2021,9,6,0.1,31.5,24,87,3,220
2021,9,7,0,32.2,25.4,83,3,110
2021,9,8,0.1,31.5,25.2,84,2,70
2021,9,9,0,31.6,26.4,86,3,90
2021,9,10,126,30.3,24.7,95,3,200
2021,9,11,61.7,27.2,24.6,91,5,200
2021,9,12,0.1,29.4,23.9,83,3,200
2021,9,13,-1,33.2,24.2,78,3,220
2021,9,14,0,32.1,24.8,82,2,90
2021,9,15,-1,32,24.9,83,3,110
2021,9,16,0,31.5,25,82,2,340
2021,9,17,0,31.9,25,85,2,270
2021,9,18,0,32.5,26,86,2,320
2021,9,19,1.4,32.1,24.4,87,3,110
2021,9,20,0,32.1,24.6,86,2,90
2021,9,21,0,31.9,24.7,82,3,270
2021,9,22,1.5,32.3,24.8,84,3,290
2021,9,23,0,33.2,24.9,82,3,340
2021,9,24,0,35.1,25.2,70,3,90
2021,9,25,1.6,34.3,24.2,80,2,320
2021,9,26,0,33.4,25.3,76,2,360
2021,9,27,0,33.8,24.6,76,2,250
2021,9,28,0,32.5,23.9,81,3,90
2021,9,29,0,32.1,24.4,80,3,320
2021,9,30,0,32.2,24.2,79,3,320
2021,10,1,0,32.1,24.5,82,3,90
2021,10,2,0,34.1,23.6,78,2,90
2021,10,3,-1,34.5,25.6,69,2,360
2021,10,4,0.7,29.8,26.1,78,2,40
2021,10,5,1.7,30.2,24.9,86,2,40
2021,10,6,9.5,32,23.6,89,2,90
2021,10,7,0.7,30.2,24.6,89,2,90
2021,10,8,-1,31.5,24.1,85,2,90
2021,10,9,0,33,25,78,2,320
2021,10,10,23.8,31.5,25.8,84,4,20
2021,10,11,123.4,28,23.6,94,7,360
2021,10,12,7.6,27.9,23.7,85,5,160
2021,10,13,0.2,30.6,24.6,86,2,90
2021,10,14,0.2,30.8,24.8,87,2,110
2021,10,15,0,31.5,23.6,81,2,70
2021,10,16,0,33.1,24.2,77,2,320
2021,10,17,0,34.5,23.8,69,2,40
2021,10,18,0,32.8,24.1,76,2,40
2021,10,19,-1,34,23.6,74,3,160
2021,10,20,0,32,24.6,78,2,270
2021,10,21,0,31.8,25.6,81,2,290
2021,10,22,0,33,23.1,76,3,40
2021,10,23,0,34,24.9,70,2,360
2021,10,24,0,34.5,23.4,74,2,90
2021,10,25,0,33.4,23.6,73,2,110
2021,10,26,0,33,23.2,76,2,140
2021,10,27,0,32.8,22.1,64,2,110
2021,10,28,0,33.4,21.6,65,3,90
2021,10,29,0,33.8,22.9,68,2,40
2021,10,30,0,31.9,21.5,71,2,360
2021,10,31,0,32.2,21.5,70,2,320
2021,11,1,0,33.4,22.2,70,3,40
2021,11,2,0,34.7,20.6,57,3,40
2021,11,3,0,34.1,21.6,68,1,360
2021,11,4,0,32.4,21.2,73,3,90
2021,11,5,0,32.1,24,77,2,90
2021,11,6,0,32,23.7,81,2,270
2021,11,7,0,33.2,24.5,76,2,90
2021,11,8,0,31.8,24.2,80,2,40
2021,11,9,0,33,25,74,3,40
2021,11,10,0,31.6,24.2,76,4,20
2021,11,11,0,32.2,24,77,2,20
2021,11,12,0,33.1,23.4,72,2,340
2021,11,13,0,31.6,24.1,75,1,320
2021,11,14,0,32.6,24.5,74,3,40
2021,11,15,0,32.2,26.9,68,4,20
2021,11,16,-1,31.9,26.4,74,4,20
2021,11,17,0.4,31.8,23.4,76,2,360
2021,11,18,0,33,23.9,74,2,320
2021,11,19,0,33.2,22.6,75,2,340
2021,11,20,0,34.2,21.6,68,1,90
2021,11,21,0,31.9,23.2,78,2,110
2021,11,22,0,31.8,22.6,76,4,20
2021,11,23,0,33.2,25.7,69,4,40
2021,11,24,0,34,23.7,69,4,20
2021,11,25,0,32.6,24.5,76,2,340
2021,11,26,0,32.8,24.1,79,2,320
2021,11,27,0,33,23.2,70,3,40
2021,11,28,0,33.2,24.3,76,1,360
2021,11,29,0,30.2,23.4,83,2,20
2021,11,30,-1,30.9,24.8,78,5,20
2021,12,1,0,28.7,22.4,64,6,20
2021,12,2,0,29.3,21.2,62,4,40
2021,12,3,0,30.6,21.4,61,3,40
2021,12,4,0,29,21.4,61,4,40
2021,12,5,0,29.7,22.6,61,2,40
2021,12,6,0,27.4,24,65,3,40
2021,12,7,0,31.4,18.8,59,4,40
2021,12,8,0,30.8,20,62,2,40
2021,12,9,0,29.2,19.5,66,3,40
2021,12,10,0,31.9,21,68,3,40
2021,12,11,0,32.3,21.4,68,2,40
2021,12,12,0,32.8,20.2,63,2,40
2021,12,13,0,32,19.1,64,3,40
2021,12,14,0,32.8,19.3,58,3,110
2021,12,15,0,31.5,18.3,66,2,290
2021,12,16,0,31,20.1,72,2,90
2021,12,17,0,31,23.9,74,6,20
2021,12,18,0,31.4,23.9,62,4,40
2021,12,19,0.2,30.6,24.3,66,3,40
2021,12,20,0,32.8,22.9,75,2,90
2021,12,21,2,30.4,24.3,80,2,290
2021,12,22,0,29,23.1,85,2,340
2021,12,23,0,30.5,23.4,83,2,320
2021,12,24,0,30,24.1,79,3,40
2021,12,25,0,33.9,24.8,64,2,40
2021,12,26,0,27.9,20.5,69,3,20
2021,12,27,0,30.5,20.1,65,2,40
2021,12,28,0,31.6,18.7,60,3,90
2021,12,29,0,32.5,17.5,67,2,320
2021,12,30,0,32.6,17.6,60,2,40
2021,12,31,0,31.8,20.3,63,2,40
2022,1,1,0,31.3,18.3,59,2,90
2022,1,2,0,32.1,19.4,56,2,90
2022,1,3,0,29.8,19.5,63,2,110
2022,1,4,-1,29.2,20.4,69,2,90
2022,1,5,0,28,22,77,1,90
2022,1,6,0,28.4,20.5,80,2,320
2022,1,7,0,30.7,21.4,74,2,320
2022,1,8,0,30.2,21.5,74,2,320
2022,1,9,0.1,29.8,20,79,2,40
2022,1,10,10.8,29.7,20.3,77,2,320
2022,1,11,7.8,26.3,17.6,83,2,40
2022,1,12,0,29.6,18.5,73,1,40
2022,1,13,0,27.9,17,72,3,40
2022,1,14,0,29,17.5,74,2,340
2022,1,15,0,29.7,18.6,73,2,90
2022,1,16,0,29,19.7,75,2,290
2022,1,17,0,30,18.7,74,2,90
2022,1,18,0,29.4,20.8,70,2,320
2022,1,19,0,29.6,19.6,73,1,320
2022,1,20,0,30.5,20.7,78,2,290
2022,1,21,0,29.8,21.9,80,2,90
2022,1,22,0,30,22.1,80,2,90
2022,1,23,0,31,23.1,81,2,320
2022,1,24,0,30.4,21.3,80,3,340
2022,1,25,0,32.6,21.6,69,2,40
2022,1,26,0,33.4,24.6,63,2,40
2022,1,27,1,31.8,24.6,81,2,360
2022,1,28,2.6,30.2,24.1,83,2,290
2022,1,29,64.6,31.4,23.6,86,3,270
2022,1,30,2.7,26.7,19.9,80,4,20
2022,1,31,0,31.5,20.5,70,2,40
2022,2,1,0,29.4,20.8,78,2,90
2022,2,2,0,29,21.5,81,2,320
2022,2,3,0,29,20.9,84,2,270
2022,2,4,0,30.8,23,75,4,360
2022,2,5,0,32.2,21.9,63,4,40
2022,2,6,0,32,21.7,65,3,90
2022,2,7,0,30.4,22,72,2,320
2022,2,8,0,29.8,22.5,78,3,40
2022,2,9,0,30.8,22.6,77,1,360
2022,2,10,0,31.5,20.6,81,2,320
2022,2,11,0,29.8,21.6,81,2,290
2022,2,12,0,29.5,22.2,84,2,320
2022,2,13,0,30,24,82,2,290
2022,2,14,0,29.1,21.7,81,4,40
2022,2,15,0,30.4,21.6,71,3,340
2022,2,16,0,30.4,20.5,73,2,40
2022,2,17,0,29,22.7,75,2,90
2022,2,18,0,29,23.6,84,2,340
2022,2,19,0,32.1,24.4,79,2,360
2022,2,20,0,32.9,22.4,62,3,40
2022,2,21,0,31.4,23.4,62,3,40
2022,2,22,0,31.9,24.2,71,2,320
2022,2,23,0,30.4,24.3,81,3,20
2022,2,24,0,31.8,21.3,66,4,20
2022,2,25,0,33.4,21.2,60,2,40
2022,2,26,0,31.8,21,70,2,340
2022,2,27,0,30.8,21.6,68,2,320
2022,2,28,0,30,21.9,79,2,320
2022,3,1,0,29.8,22.8,79,3,320
2022,3,2,0,30.7,21.8,78,3,290
2022,3,3,0,30.8,21.9,75,2,290
2022,3,4,0,30,21.9,80,2,290
2022,3,5,0,29.8,21.5,81,2,360
2022,3,6,0,32.1,22.4,69,2,320
2022,3,7,0,30.7,21.8,71,4,360
2022,3,8,0,30.9,22,61,4,40
2022,3,9,0,32.4,22.8,61,2,70
2022,3,10,0,32.8,24.9,59,2,40
2022,3,11,0,32.5,23.8,68,2,290
2022,3,12,0,36,23.8,57,2,90
2022,3,13,0,31,23.3,75,2,320
2022,3,14,0,31.2,23.4,77,3,320
2022,3,15,0,31.9,24.3,77,3,90
2022,3,16,0,31.6,25.5,79,2,270
2022,3,17,0,32.3,24.2,78,2,290
2022,3,18,0,30.6,23.2,78,2,320
2022,3,19,0,31.8,24.5,71,2,320
2022,3,20,0,32.4,23.9,72,2,340
2022,3,21,0,32.2,23.3,72,3,270
2022,3,22,0,31.4,23.8,76,3,320
2022,3,23,0,31.4,23.3,78,3,360
2022,3,24,0,33.2,23.7,67,2,320
2022,3,25,0,32.2,24.7,74,2,250
2022,3,26,0,32,24.5,76,2,320
2022,3,27,0,34,25.7,74,2,340
2022,3,28,0,31.7,24.8,76,2,90
2022,3,29,0,35.2,25.5,69,2,340
2022,3,30,0,33.6,25.4,71,2,320
2022,3,31,0,32.2,25.1,74,2,320
2022,4,1,-1,34.4,25.6,66,3,40
2022,4,2,0,32.7,25.1,72,5,20
2022,4,3,0,33.5,25,70,5,360
2022,4,4,0,34.4,25.4,58,4,40
2022,4,5,0,35.8,23.9,60,3,40
2022,4,6,0,33.5,25.5,62,2,40
2022,4,7,-1,33.2,25,64,5,20
2022,4,8,0.3,31,25.9,75,4,40
2022,4,9,0,33,24,71,2,340
2022,4,10,-1,32,24.7,73,2,110
2022,4,11,0,31.4,24.7,72,3,320
2022,4,12,0,31.6,24.2,76,2,290
2022,4,13,-1,31.6,25.2,76,2,290
2022,4,14,0,32,24.1,73,3,270
2022,4,15,0,32.3,23.3,67,3,340
2022,4,16,0,34,24.5,61,3,360
2022,4,17,0,33.3,22.7,63,2,340
2022,4,18,0,33.2,23.5,62,2,40
2022,4,19,0,32.8,24.2,64,2,290
2022,4,20,0,32.4,25,65,3,90
2022,4,21,0,33.6,24.7,74,3,290
2022,4,22,0,32.5,24.8,76,2,270
2022,4,23,-1,32.8,23.3,74,3,320
2022,4,24,0,32,24.7,72,3,320
2022,4,25,0,32.8,25.2,72,3,110
2022,4,26,0,33,25,72,2,110
2022,4,27,-1,33.4,24.5,75,2,90
2022,4,28,0,32.8,25.2,75,4,110
2022,4,29,0,34.4,27.1,73,3,340
2022,4,30,0,34.1,26.4,75,2,320
2022,5,1,0,33.6,25.2,76,2,90
2022,5,2,-1,33.4,24.6,71,2,70
2022,5,3,0,33.9,25.4,68,3,320
2022,5,4,0,32,24.6,74,2,110
2022,5,5,0,32,25,74,2,90
2022,5,6,0,33.7,25.4,74,2,360
2022,5,7,0,33.5,25.8,75,3,290
2022,5,8,0,34.4,26,75,2,270
2022,5,9,0,33.6,24.8,74,2,250
2022,5,10,0,33.1,23.7,72,3,90
2022,5,11,0,33.4,24.9,71,2,40
2022,5,12,0,33.8,26.5,69,3,250
2022,5,13,0,33.1,25.4,71,3,250
2022,5,14,0,33,25.8,71,2,110
2022,5,15,-1,33.7,25.5,72,2,270
2022,5,16,0,33.2,25.4,69,3,290
2022,5,17,-1,31.8,24.9,78,3,320
2022,5,18,5.3,29.4,25,90,2,110
2022,5,19,28.7,30.4,23.7,86,2,110
2022,5,20,73.5,29.2,23.8,94,3,110
2022,5,21,26,26.9,25,91,2,220
2022,5,22,1.2,31.5,25.2,84,2,90
2022,5,23,15.8,32.4,24.6,80,3,110
2022,5,24,12.1,32.5,24.3,79,3,250
2022,5,25,5.5,31.8,25,85,2,110
2022,5,26,2.8,32.5,25,83,3,110
2022,5,27,-1,32.7,26,76,2,250
2022,5,28,1.6,32.4,25.4,82,3,270
2022,5,29,10.2,31.6,25.5,82,2,220
2022,5,30,-1,32.2,24.2,80,3,220
2022,5,31,0.2,32.2,25.6,81,2,320
2022,6,1,20.4,32.3,24,84,2,90
2022,6,2,13,31.8,26,81,2,250
2022,6,3,13.6,31.2,24.6,85,3,220
2022,6,4,0,32.2,24.4,79,2,270
2022,6,5,0,32.1,24.5,77,3,220
2022,6,6,0,32.2,24.8,77,3,220
2022,6,7,0,32.3,25.9,75,3,110
2022,6,8,1.8,32.3,24.9,78,3,250
2022,6,9,0,32.2,24.8,78,2,110
2022,6,10,0.1,32.6,24.5,80,2,110
2022,6,11,1.2,32.9,24.5,80,2,110
2022,6,12,-1,32.5,26,77,2,360
2022,6,13,-1,32.6,24.9,79,2,270
2022,6,14,0,32.8,25.2,75,3,250
2022,6,15,0,32.3,24.5,79,3,110
2022,6,16,0,32.6,25.5,80,2,110
2022,6,17,-1,32.5,24.5,79,2,180
2022,6,18,0,32.6,25.8,78,2,220
2022,6,19,0,33.1,24.5,76,2,270
2022,6,20,0,33.2,23.9,77,2,110
2022,6,21,52.2,33.7,22.8,82,2,270
2022,6,22,7.7,32.4,23.2,85,3,90
2022,6,23,0.6,32,24.3,82,2,110
2022,6,24,2.6,32.6,24,82,3,90
2022,6,25,0.4,31.9,24.1,84,2,110
2022,6,26,0.2,32.9,25,83,1,110
2022,6,27,13.7,31.5,24.5,87,3,250
2022,6,28,4.5,31.7,24.9,85,3,110
2022,6,29,9,31.8,25.1,87,3,110
2022,6,30,-1,31.8,25.6,83,2,110
2022,7,1,0.9,31.9,24.5,79,3,200
2022,7,2,10.6,33.3,25.4,77,3,220
2022,7,3,0,32.4,26.2,78,2,200
2022,7,4,0,32.6,25.5,76,2,220
2022,7,5,1.8,32.2,23.5,80,2,110
2022,7,6,0.7,32.1,24.8,84,2,90
2022,7,7,14.3,32.1,25.9,86,2,250
2022,7,8,0,31,26.3,86,2,250
2022,7,9,8,32.2,25.6,87,2,90
2022,7,10,0,32.4,26.1,82,3,340
2022,7,11,0,32,27,79,3,140
2022,7,12,54.6,32.2,21.2,86,3,110
2022,7,13,24.8,29.4,21.8,87,2,200
2022,7,14,1.5,31.7,24.8,88,3,220
2022,7,15,0,31.4,25.2,83,2,110
2022,7,16,3.5,32.8,25.1,83,2,250
2022,7,17,0.1,31.4,24.2,85,1,110
2022,7,18,1.8,31.4,24.8,86,2,110
2022,7,19,0,32,26.9,81,2,250
2022,7,20,22.4,31.8,26.3,85,2,320
2022,7,21,3.3,31.4,25.1,90,2,110
2022,7,22,0,32.6,25.7,81,3,220
2022,7,23,0,32.4,26.2,78,2,320
2022,7,24,0,32.6,25.2,79,3,110
2022,7,25,0,32.6,25.9,79,2,90
2022,7,26,2.6,32.6,24.6,84,2,90
2022,7,27,-1,32.4,24.7,78,2,90
2022,7,28,0,32.2,24.7,82,2,110
2022,7,29,-1,33.1,25,81,2,320
2022,7,30,1.1,32.7,25,81,2,140
2022,7,31,0,33,24.9,82,3,250
2022,8,1,25.8,31.3,24.1,83,3,160
2022,8,2,0.6,31.9,24.6,86,3,160
2022,8,3,2.6,31.8,24.6,86,2,90
2022,8,4,0.2,31.3,25.2,85,2,90
2022,8,5,-1,32.6,25.3,81,2,110
2022,8,6,-1,32.4,26.7,82,3,250
2022,8,7,-1,30.9,25.1,87,3,360
2022,8,8,50,30.2,24.1,91,2,90
2022,8,9,0.2,29.8,24.2,89,1,90
2022,8,10,6.3,31.2,24,86,2,90
2022,8,11,23.4,31.4,24.1,86,3,270
2022,8,12,0.2,31.8,24.5,84,3,290
2022,8,13,15.6,32,25,87,3,320
2022,8,14,0,32.3,25.6,86,2,90
2022,8,15,7.1,32.1,24.1,86,2,110
2022,8,16,3.7,31.1,24.8,86,3,220
2022,8,17,12.8,31.6,24.3,85,4,220
2022,8,18,53.6,30.3,24.1,88,3,180
2022,8,19,0.2,30.6,24.2,87,2,220
2022,8,20,43,31.6,23.6,87,2,90
2022,8,21,0.4,31.8,25,83,2,270
2022,8,22,162.5,27.4,24,95,2,110
2022,8,23,117.2,29,24.2,94,5,180
2022,8,24,-1,32.2,25,80,3,200
2022,8,25,0.2,31.4,24.1,83,2,90
2022,8,26,-1,32,24.4,82,4,340
2022,8,27,0,32.3,25.3,83,3,360
2022,8,28,14.5,32.2,24.4,85,3,290
2022,8,29,0,31.4,24.1,86,3,250
2022,8,30,0,31.3,24.1,85,2,90
2022,8,31,-1,32,24.8,83,3,90
2022,9,1,91.8,31.9,25.1,87,4,250
2022,9,2,26.2,28.7,24.8,93,5,220
2022,9,3,22,30,25,87,6,200
2022,9,4,19.6,28.5,24,92,5,180
2022,9,5,-1,31.8,24.3,82,4,220
2022,9,6,0,30.4,25.1,83,2,90
2022,9,7,0,31.9,25.6,86,3,160
2022,9,8,0,33,23.4,77,3,20
2022,9,9,0,32.4,24.3,73,3,20
2022,9,10,0,32,24.6,82,2,320
2022,9,11,0.8,31.3,26.3,82,3,200
2022,9,12,34.4,32.2,23.1,77,3,220
2022,9,13,4.4,29.6,23.8,90,3,160
2022,9,14,0,31.7,23.8,83,3,220
2022,9,15,4.2,30.9,24.3,82,3,220
2022,9,16,-1,30.8,23.2,86,2,220
2022,9,17,-1,31,23.3,82,2,250
2022,9,18,0,30.9,24.5,84,3,220
2022,9,19,-1,30.5,23.4,85,3,140
2022,9,20,0,31.5,23,82,2,90
2022,9,21,18,30.3,21.8,86,2,90
2022,9,22,0,30.5,23.6,84,3,320
2022,9,23,0,31.3,22,73,3,40
2022,9,24,3.2,31.9,24.6,76,3,20
2022,9,25,5.3,31.8,25.4,82,3,20
2022,9,26,0.2,31.3,24.6,82,2,40
2022,9,27,17.6,31.7,24.4,87,2,110
2022,9,28,0,31,25.4,87,2,110
2022,9,29,0.2,30.4,24.9,88,3,110
2022,9,30,0.2,31.6,24.8,86,3,110
2022,10,1,0,31.4,25,85,2,270
2022,10,2,0.4,31.8,23.9,71,2,90
2022,10,3,0,34,24,71,2,90
2022,10,4,0,32.1,25.2,83,3,90
2022,10,5,0,32.7,25,79,2,40
2022,10,6,0,33.6,23.5,73,2,40
2022,10,7,0,34,25,73,2,70
2022,10,8,-1,33.4,24,78,2,90
2022,10,9,0,33.3,23.8,69,3,90
2022,10,10,11.9,29.9,24.3,75,5,20
2022,10,11,2.4,28.1,25.1,84,7,20
2022,10,12,35.9,28.8,23.7,94,3,20
2022,10,13,3.5,27.2,23.1,92,2,20
2022,10,14,-1,31.6,24,79,3,40
2022,10,15,95.4,27.5,24.2,93,6,340
2022,10,16,101.6,26.6,23.8,94,6,220
2022,10,17,-1,30.2,24.1,86,2,200
2022,10,18,16.9,31.5,24.9,84,3,40
2022,10,19,24.4,29.2,24.2,92,3,40
2022,10,20,32,26.7,24.5,95,3,40
2022,10,21,0.2,30,23.9,88,2,40
2022,10,22,-1,30.2,24.4,88,2,90
2022,10,23,0,31.4,24.4,85,2,110
2022,10,24,9.4,30.6,24.8,82,4,40
2022,10,25,0,31.2,24.2,73,3,40
2022,10,26,0,31.7,22.4,67,3,40
2022,10,27,0,31.8,25.7,71,5,20
2022,10,28,-1,31,27.2,76,6,20
2022,10,29,5.8,29.4,26,79,5,40
2022,10,30,1.4,29.8,25.4,86,3,40
2022,10,31,0.4,31.9,25.2,90,2,270
2022,11,1,0,32.1,23.3,78,3,200
2022,11,2,-1,30.9,24.2,81,3,250
2022,11,3,1.2,30.7,23,82,3,110
2022,11,4,0.7,31.2,23.3,86,2,90
2022,11,5,0,31.8,23,83,2,90
2022,11,6,0,31.2,24.1,81,2,90
2022,11,7,0,30.8,24,84,2,90
2022,11,8,0,31.1,24,85,2,90
2022,11,9,0,31.1,24.2,83,2,270
2022,11,10,0,32,23.2,83,2,340
2022,11,11,0,32.1,24.2,80,2,90
2022,11,12,0,32.6,24.5,82,1,140
2022,11,13,0,31.6,25,81,2,270
2022,11,14,0,35.1,24,67,3,40
2022,11,15,0,34.5,24.3,73,2,340
2022,11,16,0,32.7,22.5,76,2,320
2022,11,17,0,33.4,24.5,74,3,90
2022,11,18,0,34.9,23,63,2,110
2022,11,19,0,34.8,25.5,66,2,90
2022,11,20,0,32.6,24.9,75,2,40
2022,11,21,0,32.4,25.6,81,2,90
2022,11,22,0,32.2,24.5,81,3,90
2022,11,23,0,31.6,25,81,3,140
2022,11,24,0,31.9,24.5,82,2,90
2022,11,25,0,32.1,24.2,85,2,110
2022,11,26,0,32.2,23.5,80,3,70
2022,11,27,0,31.5,23.4,83,2,340
2022,11,28,0,31.4,23.7,81,2,340
2022,11,29,0,31.2,24.4,82,2,90
2022,11,30,0,33.5,24.5,74,3,110
2022,12,1,0,32,20.4,73,3,40
2022,12,2,0,33.1,22.5,72,2,40
2022,12,3,0,33.8,22.4,75,3,90
2022,12,4,0,31.9,23.1,78,2,320
2022,12,5,0,34.3,25.4,72,3,40
2022,12,6,0,31.9,23.4,70,4,40
2022,12,7,0.3,32.2,25.2,75,5,20
2022,12,8,-1,28.8,25.6,79,5,20
2022,12,9,0,28.1,22.4,80,5,20
2022,12,10,0,29.4,23.2,75,4,20
2022,12,11,0,30.4,21,78,3,40
2022,12,12,0,29.6,22.6,79,3,20
2022,12,13,0,32.7,23.4,69,3,40
2022,12,14,0,33.5,23.3,71,3,360
2022,12,15,0,32.8,24.5,68,2,340
2022,12,16,0,33.6,23.3,76,2,90
2022,12,17,0,32.4,23.8,73,5,20
2022,12,18,0,28.5,23,62,6,40
2022,12,19,0,30.2,23,63,4,40
2022,12,20,0,32.4,24.6,66,4,40
2022,12,21,-1,26.8,20.4,73,6,20
2022,12,22,0,30.2,21.5,65,5,40
2022,12,23,0,27.2,20.8,58,5,40
2022,12,24,0,26.9,20.3,56,4,40
2022,12,25,0,28,16.4,60,3,40
2022,12,26,0,28.6,17.2,66,2,40
2022,12,27,0,30.1,19.6,63,3,110
2022,12,28,0,30.7,19.7,66,3,40
2022,12,29,0.6,29.6,21.7,76,4,40
2022,12,30,0,28.8,24,66,5,40
2022,12,31,0,31.2,24.6,69,4,40
2023,1,1,5,28.4,23,92,2,40
2023,1,2,0,31.3,24.3,76,1,40
2023,1,3,0,32.2,24.5,67,4,40
2023,1,4,0,31,23.3,61,2,40
2023,1,5,-1,32.8,25.3,60,4,90
2023,1,6,-1,31,22.5,70,1,70
2023,1,7,0,31.4,20.1,61,3,90
2023,1,8,0,31.7,19.4,60,-999,-999
2023,1,9,0,30.1,19,66,3,320
2023,1,10,0,30.8,21.3,70,1,90
2023,1,11,0,30.4,19.7,73,1,290
2023,1,12,0,30,20.6,73,2,90
2023,1,13,0,29.5,20.9,80,1,110
2023,1,14,0,29.6,21,78,1,90
2023,1,15,0,30.4,23.2,75,5,360
2023,1,16,0,27.3,24,75,4,360
2023,1,17,0,32.3,24,61,4,40
2023,1,18,0,32.3,23.2,61,1,40
2023,1,19,0,33.8,20.5,62,3,40
2023,1,20,0,33.1,22,58,4,90
2023,1,21,0,32.2,21,58,3,110
2023,1,22,0,30.8,21.3,77,1,90
2023,1,23,0,29.8,24,78,4,360
2023,1,24,0,28.4,20.9,66,5,20
2023,1,25,0,29.6,16.8,58,2,40
2023,1,26,0,30.7,18.9,69,2,90
2023,1,27,0,28.2,21.7,67,4,20
2023,1,28,0,27.9,21.7,59,1,40
2023,1,29,0,28,22.1,60,2,40
2023,1,30,0,31.3,18.8,59,3,40
2023,1,31,0,30.8,20.8,67,2,110
2023,2,1,0,30,21.2,70,3,110
2023,2,2,0,31,21.2,74,2,40
2023,2,3,0,31.6,20,71,2,110
2023,2,4,0,30.1,19.4,75,2,340
2023,2,5,0,29.6,20.5,78,2,320
2023,2,6,0,30.1,23,80,3,340
2023,2,7,0,30.4,23.2,83,3,360
2023,2,8,0,31.8,20.8,83,3,110
2023,2,9,0,30,21.2,78,2,320
2023,2,10,0,29.5,21.2,80,3,110
2023,2,11,0,30.6,21.3,80,3,250
2023,2,12,0,30,20.5,83,2,110
2023,2,13,0,29.4,19.6,83,2,90
2023,2,14,0,32,22.2,68,5,20
2023,2,15,0,28.9,22.2,70,6,20
2023,2,16,0,31,17.2,58,4,40
2023,2,17,0,33.4,21.4,71,3,90
2023,2,18,0,32.1,22.4,59,3,40
2023,2,19,0,31.5,24,77,6,40
2023,2,20,0,28.8,22.9,69,7,20
2023,2,21,0,26.5,22.9,68,7,20
2023,2,22,0,28,22.8,75,6,360
2023,2,23,-1,27,23.2,88,5,360
2023,2,24,0,28.1,23.7,82,5,20
2023,2,25,0,27.8,24.2,71,6,360
2023,2,26,0,31.8,22.3,54,5,40
2023,2,27,0,32,17.4,55,3,40
2023,2,28,0,30.1,18.8,61,3,110
2023,3,1,0,31.4,20.4,66,2,360
2023,3,2,0,33.6,22.6,59,4,20
2023,3,3,0,31.3,22.1,61,3,20
2023,3,4,0,31,19.4,56,4,40
2023,3,5,0,31.6,18,53,3,40
2023,3,6,0,31.6,17.6,53,2,40
2023,3,7,0,29.6,18.6,59,3,70
2023,3,8,0,30.4,19.1,65,3,340
2023,3,9,0,29.6,20.4,68,4,40
2023,3,10,0,32,19.2,63,3,90
2023,3,11,0,30.2,19.4,65,3,320
2023,3,12,0,30.4,22.6,66,5,20
2023,3,13,0,32.1,19.2,55,3,40
2023,3,14,0,30.4,20.9,66,3,340
2023,3,15,0,30.2,21.4,70,3,340
2023,3,16,0,32.6,22.2,66,2,340
2023,3,17,0,30.4,22.2,75,3,90
2023,3,18,0,30.6,22.3,77,3,90
2023,3,19,0,31.2,23.2,77,3,290
2023,3,20,0,30.4,21.6,78,2,90
2023,3,21,0,30.8,21.3,71,3,320
2023,3,22,0,30.4,22.6,76,3,340
2023,3,23,0,31.2,23.4,77,2,20
2023,3,24,0,31.8,24.3,78,2,320
2023,3,25,0,31.7,23.7,79,3,220
2023,3,26,0,31.6,24.2,77,4,360
2023,3,27,0,32.4,24,71,2,290
2023,3,28,0,32.4,24,67,3,360
2023,3,29,0,32.2,24,77,2,290
2023,3,30,0,31.6,24.8,78,2,70
2023,3,31,0,31.5,23.2,79,3,340
2023,4,1,0,31.8,22.3,73,3,110
2023,4,2,0,32.2,23.8,65,3,340
2023,4,3,0,31.8,23.8,71,3,320
2023,4,4,0,31.8,23.6,74,3,90
2023,4,5,0,32.2,23.2,70,3,340
2023,4,6,0,32.2,21,72,3,90
2023,4,7,0,31.4,25.8,69,4,360
2023,4,8,0,35.2,22.1,58,4,40
2023,4,9,0,32.7,22,63,2,20
2023,4,10,0,32.1,23,68,2,320
2023,4,11,0,31.9,23.3,69,3,20
2023,4,12,0,34.4,25.2,73,3,140
2023,4,13,0,34.2,25.8,76,2,340
2023,4,14,-1,32.2,27.4,76,3,270
2023,4,15,-1,32.1,26.4,79,4,270
2023,4,16,0,32,24.9,75,3,340
2023,4,17,0,32.6,24.5,74,2,110
2023,4,18,0,32.3,26.2,76,2,110
2023,4,19,0,33.1,25.2,77,3,250
2023,4,20,-1,32.8,26.2,78,4,270
2023,4,21,0,33.8,24.8,77,3,90
2023,4,22,0,33.8,24.4,73,3,360
2023,4,23,0,34,23.8,69,3,70
2023,4,24,0,33.8,24,61,2,90
2023,4,25,0,33,24.8,62,3,340
2023,4,26,0,34.6,24.8,62,3,340
2023,4,27,0,32.9,24.9,64,3,320
2023,4,28,0,33.4,25.2,68,2,290
2023,4,29,0,33,24.9,79,2,250
2023,4,30,0,32.8,25.1,76,3,340
2023,5,1,0,34.9,25.4,69,3,340
2023,5,2,0,33.7,24.5,66,2,40
2023,5,3,0,34.2,24.8,67,3,90
2023,5,4,0,33.1,26.2,74,3,320
2023,5,5,0,33.2,26.3,75,3,340
2023,5,6,0,34.4,26.2,75,3,110
2023,5,7,0,33.7,27.3,72,3,290
2023,5,8,0,34.6,26.5,70,3,360
2023,5,9,0,34.4,26.1,64,2,40
2023,5,10,0,34.6,25.7,66,3,40
2023,5,11,0,33.4,25.4,69,2,340
2023,5,12,0,33.6,25.5,66,2,320
2023,5,13,0,33.4,24.9,72,3,270
2023,5,14,0,33.4,25.7,71,3,140
2023,5,15,-1,34,26.5,73,4,180
2023,5,16,8.5,33.6,27.4,77,4,220
2023,5,17,0,33.1,25.6,76,4,220
2023,5,18,0,34.2,26.5,73,3,250
2023,5,19,-1,34.2,26.2,74,2,270
2023,5,20,0,34.3,27.4,69,3,320
2023,5,21,-1,33.8,27,75,3,270
2023,5,22,-1,33.3,26.2,74,4,220
2023,5,23,7.2,33.9,25.2,79,3,90
2023,5,24,0,33.8,26.1,76,3,270
2023,5,25,0,34.3,26.4,73,3,90
2023,5,26,0,35.6,25,69,3,220
2023,5,27,0,35.6,26,54,4,40
2023,5,28,2.2,32.8,26.6,73,5,360
2023,5,29,2.3,32.4,28.6,78,6,320
2023,5,30,4,32.4,27,74,5,290
2023,5,31,5,31.9,27.8,82,4,270
2023,6,1,11,33.2,24.2,81,4,200
2023,6,2,0,33.4,26.9,77,4,220
2023,6,3,2.8,33.1,25.1,84,3,90
2023,6,4,0.6,32.8,25.6,78,2,320
2023,6,5,0.7,32.8,25.4,83,3,90
2023,6,6,5,33.1,24.6,87,3,110
2023,6,7,5.1,32.3,24.9,86,3,110
2023,6,8,0,32.4,25.6,81,2,110
2023,6,9,-1,33.4,26.1,78,3,200
2023,6,10,10.6,33.2,26.3,73,5,220
2023,6,11,11.3,29,26.5,86,5,180
2023,6,12,123.9,29.5,24.2,90,4,200
2023,6,13,19,30,25.2,91,4,180
2023,6,14,0.3,31.8,26.1,82,4,180
2023,6,15,0.1,32.6,25.8,84,3,110
2023,6,16,0,32.4,25.4,82,2,110
2023,6,17,0,32.4,25.6,80,3,320
2023,6,18,3.6,32.4,25.2,80,2,250
2023,6,19,0,32.4,25.3,78,3,110
2023,6,20,0,32.6,26.3,80,3,110
2023,6,21,-1,32.6,25.9,78,3,320
2023,6,22,-1,32.8,25,75,3,320
2023,6,23,0,32.7,25,80,2,320
2023,6,24,5.6,33,24.5,77,3,90
2023,6,25,0,32.4,26.2,82,3,90
2023,6,26,50.4,32.8,25.3,84,2,90
2023,6,27,0.1,32.3,26.5,82,2,340
2023,6,28,9.2,32.4,24.8,87,3,90
2023,6,29,18.9,32.1,26,83,3,220
2023,6,30,0.4,32.2,25.7,83,4,180
2023,7,1,0,32.2,25.8,81,2,220
2023,7,2,52.2,32.4,23.4,85,2,220
2023,7,3,0,32.2,25.6,79,2,270
2023,7,4,0,32.8,26,76,3,340
2023,7,5,0,33.1,26.5,75,3,320
2023,7,6,0,33.2,25.2,81,2,140
2023,7,7,0,33.2,25.2,76,2,110
2023,7,8,0,33.1,24.6,80,3,90
2023,7,9,0,33,24.2,74,3,90
2023,7,10,0,33.3,25,73,3,360
2023,7,11,-1,33,25.3,77,3,90
2023,7,12,0,32.5,26.5,80,3,320
2023,7,13,25.3,33.5,25.6,89,2,140
2023,7,14,21.4,28.2,25.8,95,2,90
2023,7,15,22.9,30.4,24.4,87,3,180
2023,7,16,-1,34.4,26.6,76,3,180
2023,7,17,-1,33,25.6,77,3,200
2023,7,18,3.6,32.2,25.1,85,3,110
2023,7,19,6.6,32.4,24.7,85,3,290
2023,7,20,-1,31.7,26,86,3,110
2023,7,21,0,32.4,25.9,80,3,290
2023,7,22,0,32.3,26,83,3,90
2023,7,23,0,34.9,25.5,80,3,40
2023,7,24,2.9,32.7,26.2,74,4,40
2023,7,25,206,28.9,25.2,90,8,340
2023,7,26,414,26.8,24.7,97,12,220
2023,7,27,9.4,28.7,24.8,91,4,180
2023,7,28,-1,30.8,25.3,81,4,180
2023,7,29,6,31.4,25.3,83,3,140
2023,7,30,0.1,30.6,25.2,88,3,250
2023,7,31,2.7,31.8,25.6,79,3,200
2023,8,1,8.9,29.1,26.4,89,4,180
2023,8,2,91.2,30.4,25.8,91,6,180
2023,8,3,27.9,31.3,27,83,7,220
2023,8,4,1.7,31.8,27.5,80,5,200
2023,8,5,6.7,31.8,27.6,86,6,220
2023,8,6,3.1,32.2,27.4,86,6,220
2023,8,7,0.9,31.6,27.8,84,4,220
2023,8,8,2.5,32,27.8,85,5,220
2023,8,9,0,32.2,26.9,84,5,220
2023,8,10,-1,32.2,27.2,80,4,200
2023,8,11,0,31.8,26,81,4,180
2023,8,12,0,32.4,25.4,80,4,220
2023,8,13,0,32.2,24.8,78,4,220
2023,8,14,0,32.5,25,77,3,220
2023,8,15,0,32.6,25.8,74,3,220
2023,8,16,0,32.9,25.4,77,3,220
2023,8,17,0,33.5,25.8,74,3,180
2023,8,18,0,32.6,25.3,79,3,220
2023,8,19,0.8,32.6,25,81,3,250
2023,8,20,-1,33,25.5,78,2,110
2023,8,21,-1,32.6,26.2,79,4,220
2023,8,22,0,32.3,26,78,3,220
2023,8,23,0.5,32.8,25.9,78,4,220
2023,8,24,0.1,32.4,26.6,79,4,200
2023,8,25,175.3,29.6,24.5,92,3,220
2023,8,26,46.2,31.1,25,89,3,40
2023,8,27,0.1,30.8,24.4,90,2,90
2023,8,28,18,30.9,24.6,89,3,140
2023,8,29,254.2,30.2,25.6,92,5,290
2023,8,30,82.2,27.2,24.2,94,5,180
2023,8,31,32.3,29.5,25.4,88,4,180
2023,9,1,35.9,27.7,25.4,95,4,160
2023,9,2,45.5,27.9,25.1,92,4,200
2023,9,3,50.2,27.8,26,92,4,200
2023,9,4,7,29.8,25.8,88,4,200
2023,9,5,25,30.5,25.6,92,4,180
2023,9,6,3.2,32,25,81,4,220
2023,9,7,-1,31.5,25.4,84,2,220
2023,9,8,0,32.3,25.3,81,2,200
2023,9,9,2.9,31.9,25.5,84,3,90
2023,9,10,27.8,31.6,24.4,84,3,220
2023,9,11,17,31.9,24,85,3,220
2023,9,12,3.8,31.4,24.5,86,3,110
2023,9,13,9.2,30.8,24.9,85,3,110
2023,9,14,-1,31.2,25.2,83,3,270
2023,9,15,11.2,31.4,25.2,85,3,110
2023,9,16,4.8,31.8,25.8,83,3,360
2023,9,17,0,31.4,24.8,87,2,90
2023,9,18,0,31.7,26.1,84,2,320
2023,9,19,0,33,26,79,3,110
2023,9,20,0,32.5,26.5,84,3,110
2023,9,21,0.8,32.4,25.2,85,2,140
2023,9,22,-1,33,26.5,81,2,110
2023,9,23,2.9,32.8,26.4,86,3,90
2023,9,24,0,32,26.5,83,2,110
2023,9,25,30.2,32.4,24.5,87,3,110
2023,9,26,0,32,25.4,86,3,110
2023,9,27,-1,32.5,25,83,3,270
2023,9,28,0,32,25.7,83,3,110
2023,9,29,0,33.6,25.8,79,3,90
2023,9,30,0,32.8,26.4,82,4,290
2023,10,1,23.2,32.4,25.8,82,3,110
2023,10,2,3.8,31.3,26.2,88,3,90
2023,10,3,1,31.6,26.5,82,3,270
2023,10,4,29,31.3,25,78,4,270
2023,10,5,28.1,28.3,23.7,95,3,180
2023,10,6,57.6,31,23.8,91,3,110
2023,10,7,0,32.2,24.8,81,3,90
2023,10,8,3.8,32.2,25.4,82,2,90
2023,10,9,0,31.9,26,86,2,90
2023,10,10,0,35.2,24.3,76,3,40
2023,10,11,0.8,34.4,25.8,70,3,40
2023,10,12,1.6,31.6,24.1,80,4,20
2023,10,13,0,33.4,25,78,5,340
2023,10,14,0,33.4,25.4,79,2,90
2023,10,15,5.8,32.6,24.8,86,3,90
2023,10,16,4,32,24.2,86,2,110
2023,10,17,0,32,24.6,82,2,290
2023,10,18,0,33.6,23.4,74,2,90
2023,10,19,0,34.6,24.8,74,2,110
2023,10,20,0,32.8,25.4,80,3,340
2023,10,21,7.6,32.4,23.9,89,3,90
2023,10,22,0,32.4,24,80,2,40
2023,10,23,0,33.8,24,72,3,180
2023,10,24,0,32.8,25,78,2,90
2023,10,25,0,32.1,25.4,81,2,110
2023,10,26,0,32.6,24.8,79,2,290
2023,10,27,0,32.4,24.4,77,2,90
2023,10,28,0,32.4,23.7,80,2,90
2023,10,29,0,32,24,78,2,90
2023,10,30,0,33.5,23.1,69,2,90
2023,10,31,0,34.4,23,62,3,90
2023,11,1,1,33.9,25.5,66,3,20
2023,11,2,-1,32.1,24.6,84,2,40
2023,11,3,0,32.3,24.4,79,2,90
2023,11,4,0,33,25,78,2,90
2023,11,5,0,32.5,25.5,83,2,90
2023,11,6,0,33.6,23.2,79,2,40
2023,11,7,0,35.1,23.5,64,2,20
2023,11,8,0,35.5,24.9,69,2,90
2023,11,9,0,34,24.3,76,2,90
2023,11,10,0,32.7,24,80,2,90
2023,11,11,0,34.2,23,72,2,160
2023,11,12,0,34,19.5,68,4,20
2023,11,13,0,32.7,24.6,75,5,360
2023,11,14,0,33.6,24,64,4,40
2023,11,15,0,34.1,22.3,62,3,40
2023,11,16,0,33.6,25.3,66,4,40
2023,11,17,0,33.4,25.3,64,5,20
2023,11,18,0,28.8,20.7,68,4,20
2023,11,19,0,31.8,19.5,62,2,40
2023,11,20,0,32.5,20.8,63,3,40
2023,11,21,0,31.9,20.6,68,2,40
2023,11,22,0,32.1,22.2,75,2,90
2023,11,23,0,32,24.4,72,3,20
2023,11,24,0,34,22.7,61,3,40
2023,11,25,0,33.2,22.5,65,3,40
2023,11,26,0,33.4,24,75,4,40
2023,11,27,0,33.6,23.8,78,3,20
2023,11,28,0,33.7,23.4,73,3,360
2023,11,29,0,32.2,25.2,74,2,320
2023,11,30,0,34,26.8,66,4,90
2023,12,1,0,34.4,25,66,3,20
2023,12,2,0,34.5,25.6,72,3,40
2023,12,3,0,33.8,23.8,74,2,110
2023,12,4,0,31.5,24.3,82,3,110
2023,12,5,0,30.9,23.3,81,3,40
2023,12,6,0,31.6,23.5,83,3,40
2023,12,7,0,31.7,23,76,2,90
2023,12,8,0,32,23.4,79,2,360
2023,12,9,0,31.2,23.6,81,2,140
2023,12,10,0,31.8,24.3,84,3,90
2023,12,11,0,31.8,23.7,85,2,110
2023,12,12,0,32.2,24.5,80,3,40
2023,12,13,0,33.2,22.9,73,4,20
2023,12,14,0,34.6,21.6,59,2,90
2023,12,15,0,31.2,22.5,77,2,90
2023,12,16,0,31.2,22.7,70,3,40
2023,12,17,0,31.8,25.7,63,4,40
2023,12,18,0,33.6,25.4,66,3,40
2023,12,19,0,33.4,24.6,79,2,360
2023,12,20,-1,30.5,25.1,81,5,360
2023,12,21,-1,30.8,23.1,66,6,40
2023,12,22,-1,28.9,23.7,57,5,40
2023,12,23,0,31.2,24,64,4,40
2023,12,24,0,26.4,23.2,75,6,360
2023,12,25,0,31.6,23.4,68,5,40
2023,12,26,-1,33.2,25,67,3,40
2023,12,27,-1,33,23.1,74,3,40
2023,12,28,0,31.2,22.1,75,2,40
2023,12,29,0,32.2,23,77,3,360
2023,12,30,0,32.4,24,77,3,40
2023,12,31,0,31.9,24.7,77,3,360
2024,1,1,0,31.7,25.6,68,5,20
2024,1,2,0,33.5,24.5,72,3,20
2024,1,3,0,28.6,24.3,72,5,20
2024,1,4,0,33.3,20.2,64,3,40
2024,1,5,0,31.1,21,73,2,340
2024,1,6,0,30.8,18.5,67,3,40
2024,1,7,0,30.6,20.4,66,2,340
2024,1,8,0,31.3,23,68,2,70
2024,1,9,0,31,24.1,75,3,290
2024,1,10,0,29.5,21.1,72,4,20
2024,1,11,0,31.5,20.7,62,3,40
2024,1,12,0,31,18.2,66,2,90
2024,1,13,0,32.1,19.2,63,2,90
2024,1,14,0,31.2,19.4,68,2,90
2024,1,15,0,31.8,19,64,2,40
2024,1,16,0,31,19,60,3,110
2024,1,17,0,31.6,19.2,60,2,110
2024,1,18,0,29.5,21,73,2,290
2024,1,19,0,29.6,21.5,81,2,90
2024,1,20,0,29.7,21.8,81,2,90
2024,1,21,0,30,23.8,77,4,340
2024,1,22,0,32.7,24.2,67,3,40
2024,1,23,0,29.5,22.4,68,6,20
2024,1,24,0,30.4,18.6,60,4,40
2024,1,25,0,31.4,17.2,59,2,40
2024,1,26,0,31.4,16.2,59,2,40
2024,1,27,0,30.1,16.8,60,2,70
2024,1,28,0,30,18.8,63,2,90
2024,1,29,0,30.6,18.5,66,2,90
2024,1,30,0,30,17.8,68,2,90
2024,1,31,0,29.5,20.1,74,2,90
2024,2,1,0,29.8,20.6,80,2,320
2024,2,2,0,29.2,21.6,83,2,90
2024,2,3,0,29.5,22,84,2,90
2024,2,4,0,29.7,22.5,83,2,250
2024,2,5,0,30.2,22.7,81,3,90
2024,2,6,0,30.5,22,85,2,90
2024,2,7,0,29.8,22.2,84,2,90
2024,2,8,0,30.2,21.5,79,2,290
2024,2,9,0,30.6,22.7,76,4,20
2024,2,10,0,30.4,20.2,65,4,360
2024,2,11,0,30.8,18.9,67,4,40
2024,2,12,0,31.7,18.4,59,3,40
2024,2,13,0,30.8,20.5,64,2,340
2024,2,14,0,30.2,21,76,2,340
2024,2,15,0,30.6,19.7,79,2,290
2024,2,16,0,32.4,21.3,69,3,90
2024,2,17,0,30.2,21.6,79,2,340
2024,2,18,0,30.6,21.5,80,2,90
2024,2,19,0,31,22,80,3,140
2024,2,20,0,30,20.4,82,2,270
2024,2,21,0,29.5,21.3,81,3,110
2024,2,22,0,29.8,22.2,82,2,270
2024,2,23,0,31.4,21.4,78,2,250
2024,2,24,0,31.6,22,70,2,70
2024,2,25,0,32.8,21.4,68,2,90
2024,2,26,0,33.2,21.5,64,2,90
2024,2,27,0,33.2,20.2,59,2,40
2024,2,28,0,31.4,21.8,67,2,320
2024,2,29,0,30.6,21.6,71,2,270
2024,3,1,0,30.5,24,75,5,340
2024,3,2,0,28.8,22.5,74,4,20
2024,3,3,0,30.8,22.2,71,3,360
2024,3,4,0,30.4,23.5,75,2,320
2024,3,5,0,30.2,22.3,78,2,290
2024,3,6,0,30.6,21.8,78,2,340
2024,3,7,0,31.6,22.8,72,2,110
2024,3,8,0,32.6,23.5,63,3,20
2024,3,9,0,33.2,21,62,3,40
2024,3,10,0,32.7,21,59,2,90
2024,3,11,0,30.7,23.8,72,2,90
2024,3,12,0,29.8,21.6,72,4,360
2024,3,13,0,32.4,22.3,58,2,110
2024,3,14,0,30.8,23,69,3,360
2024,3,15,0,30.2,22,75,2,290
2024,3,16,0,30.8,22,79,2,270
2024,3,17,0,29.9,21.4,79,2,90
2024,3,18,0,31.3,23.6,74,2,90
2024,3,19,0,31.3,22.1,67,3,20
2024,3,20,0,30.4,22,66,3,20
2024,3,21,0,31.2,22.6,62,2,90
2024,3,22,0,30.6,23,70,3,90
2024,3,23,0,31.1,24,78,2,110
2024,3,24,0,31.2,22.5,76,3,320
2024,3,25,0,31.7,24.6,79,2,250
2024,3,26,0,31.2,25.1,79,3,320
2024,3,27,0,33.8,24.6,77,2,290
2024,3,28,0,32,24.5,79,2,90
2024,3,29,0,31.6,24.9,81,3,340
2024,3,30,0,33,25.8,77,3,320
2024,3,31,0,32.2,25.8,80,2,250
2024,4,1,0,32.4,25.4,77,3,320
2024,4,2,0,32.6,24.6,79,3,250
2024,4,3,0,32.8,24.2,71,3,320
2024,4,4,0,32.4,25.3,74,3,340
2024,4,5,0,32.6,26,78,3,160
2024,4,6,0,32.4,26.2,79,2,160
2024,4,7,0,32.8,25.5,78,3,200
2024,4,8,0,32.6,23.8,76,3,90
2024,4,9,0,33,27.2,67,4,20
2024,4,10,0,34,25,65,3,20
2024,4,11,0,33.8,24.2,69,2,320
2024,4,12,0,33,25.4,76,2,270
2024,4,13,0,33.4,26,75,2,270
2024,4,14,0,33,25.7,77,2,290
2024,4,15,0,32.5,23.6,75,3,90
2024,4,16,0,33.7,25.2,74,3,340
2024,4,17,0,32.5,25,78,2,270
2024,4,18,0,33.2,23.4,72,3,320
2024,4,19,0,32.8,24.5,68,2,270
2024,4,20,0,33,26,75,3,270
2024,4,21,0,32.8,25.5,76,2,320
2024,4,22,0,33.1,25.2,76,2,320
2024,4,23,0,33.8,26.8,68,3,270
2024,4,24,0,34.6,26,66,3,360
2024,4,25,0,34,26.2,72,2,270
2024,4,26,0,34.4,28,72,3,270
2024,4,27,0,34.2,27,76,3,340
2024,4,28,0,34,26.4,76,2,340
2024,4,29,0,34.8,26.2,70,3,320
2024,4,30,0,34.8,26.7,68,2,320
2024,5,1,0,34.8,27,68,3,340
2024,5,2,0,34.8,26.5,67,2,290
2024,5,3,0,34.6,26.3,73,3,270
2024,5,4,0,34.5,27.7,70,2,270
2024,5,5,0,34.3,26,73,3,320
2024,5,6,0,34.3,24.5,70,3,360
2024,5,7,0,35.4,25.5,63,2,40
2024,5,8,0,34,25.6,68,2,340
2024,5,9,0,35.9,26.8,62,2,70
2024,5,10,0,34.5,26.5,67,2,90
2024,5,11,6.8,34.4,25.9,78,3,110
2024,5,12,0,34,25.6,77,3,250
2024,5,13,0,33.8,26.2,77,3,340
2024,5,14,0,34.2,25.9,71,2,90
2024,5,15,0,34.2,26.1,70,2,90
2024,5,16,-1,34.4,26,66,2,20
2024,5,17,3.6,34.4,24.7,75,3,290
2024,5,18,0,33.2,26,76,2,340
2024,5,19,-1,33,25.8,78,2,90
2024,5,20,0,34.1,27,72,2,90
2024,5,21,0,35,26.2,73,3,90
2024,5,22,0,34.5,26.2,71,2,90
2024,5,23,0,34.6,26.6,77,3,250
2024,5,24,-1,35,26.1,76,2,140
2024,5,25,2,34.8,27.2,81,3,180
2024,5,26,13.5,35,25.4,84,2,90
2024,5,27,-1,33.4,25.3,82,3,110
2024,5,28,22.7,34.9,24.8,77,5,180
2024,5,29,108,33.9,24,87,2,140
2024,5,30,-1,34.3,26.7,80,3,200
2024,5,31,3.8,34.4,25,78,2,270
2024,6,1,0,33.4,27.2,81,2,90
2024,6,2,0,33.5,27,77,2,270
2024,6,3,6.6,33.4,26.2,82,2,250
2024,6,4,3.4,32.4,26.8,87,2,160
2024,6,5,46,32.4,25.6,90,1,140
2024,6,6,5.4,32.4,24.6,83,3,110
2024,6,7,0.8,32.4,26,85,2,160
2024,6,8,3.6,31.8,26.1,85,2,110
2024,6,9,25.8,33.4,24.9,85,3,110
2024,6,10,-1,33,26.6,80,2,90
2024,6,11,0,33.6,26.7,81,3,110
2024,6,12,0.4,33.8,26.8,80,3,110
2024,6,13,0,33.6,26.6,79,2,220
2024,6,14,0,33.6,26.6,77,3,140
2024,6,15,-1,33,27.2,82,2,90
2024,6,16,0,33,26.4,79,2,250
2024,6,17,-1,34,26.2,78,2,90
2024,6,18,0.2,33.6,25.6,83,3,110
2024,6,19,8.6,33.3,26,86,3,140
2024,6,20,4.2,33.2,25.8,85,2,110
2024,6,21,12.6,33.6,26.4,84,2,320
2024,6,22,2,33,26.4,83,3,220
2024,6,23,8,33.4,26,88,2,250
2024,6,24,21,32.7,25.2,85,3,140
2024,6,25,0,32.9,26.8,85,2,110
2024,6,26,8.2,33.5,25,88,2,90
2024,6,27,0,33.4,27.1,79,1,340
2024,6,28,0,33.4,25.2,81,2,90
2024,6,29,0,33.4,25.9,80,2,90
2024,6,30,0,33.5,25.2,83,2,90
2024,7,1,0,33.2,26.5,79,3,110
2024,7,2,-1,34,25,77,3,140
2024,7,3,0,34,26.9,78,3,90
2024,7,4,0,33.8,26.4,78,3,140
2024,7,5,1,33.3,25.8,83,2,110
2024,7,6,0.4,33.4,25.1,80,3,110
2024,7,7,6,33,24.8,83,3,140
2024,7,8,0.5,32.4,24.4,83,3,270
2024,7,9,2.4,33,25.8,78,2,110
2024,7,10,0.2,33.2,26.2,83,2,110
2024,7,11,2,33.2,24.8,83,2,110
2024,7,12,0.2,32.8,25.7,81,2,110
2024,7,13,21.8,33.3,26.4,83,2,90
2024,7,14,7,33.2,25.8,85,2,160
2024,7,15,0.3,33.5,26.7,83,2,110
2024,7,16,0,33.5,27.8,80,3,160
2024,7,17,0,33.9,26.8,80,2,110
2024,7,18,1,33.8,26.3,84,2,90
2024,7,19,0,35.4,26.5,73,2,90
2024,7,20,70.2,33.6,24.6,84,4,90
2024,7,21,4.4,32.4,25.8,88,2,90
2024,7,22,199.8,28,23,96,3,140
2024,7,23,97.8,27,23.2,96,4,180
2024,7,24,131.4,29.6,24.4,95,5,180
2024,7,25,101.2,29.6,25.1,90,6,180
2024,7,26,7,29.4,25.8,88,4,200
2024,7,27,16.6,32.4,25.3,84,3,200
2024,7,28,87.2,31.8,25,86,2,270
2024,7,29,6.5,30.9,24.4,85,3,250
2024,7,30,2.3,32.2,25.1,84,3,110
2024,7,31,0.6,32.8,26.2,81,3,90
2024,8,1,0,32,26,83,2,220
2024,8,2,0,32.6,25.6,83,2,90
2024,8,3,2.6,32.6,25.4,83,2,140
2024,8,4,-1,31.4,25.2,85,1,90
2024,8,5,-1,32.4,25,82,2,90
2024,8,6,4.3,32.4,25,85,3,110
2024,8,7,6.4,31.2,26.3,80,3,220
2024,8,8,25.9,31.6,26.2,90,3,180
2024,8,9,40.1,32.4,25.8,85,3,180
2024,8,10,17,31.9,25.3,83,3,140
2024,8,11,-1,33.4,25.8,82,3,180
2024,8,12,59.6,32.9,25.2,83,3,220
2024,8,13,0.4,31.8,25.6,87,2,140
2024,8,14,13.1,32.4,24.8,83,2,140
2024,8,15,45.2,32.6,25.4,85,3,160
2024,8,16,2.1,33,25.3,85,3,220
2024,8,17,0,32.5,25,83,2,220
2024,8,18,0,32.6,26.3,81,2,250
2024,8,19,-1,32.6,26,80,3,140
2024,8,20,-1,32.9,25.9,82,3,90
2024,8,21,-1,33,25.2,79,2,110
2024,8,22,0,32.8,26.6,80,3,110
2024,8,23,0,33.2,24.4,80,2,110
2024,8,24,9.6,33,24.2,83,3,220
2024,8,25,0,32.6,25.2,82,2,140
2024,8,26,15,32.4,24.1,85,3,140
2024,8,27,0,31.6,25.2,82,2,250
2024,8,28,0,32.9,26.2,80,3,220
2024,8,29,12.2,32.2,25.4,89,2,110
2024,8,30,-1,32.6,27,83,2,320
2024,8,31,12.1,33.4,26,86,3,110
2024,9,1,0.3,33,25.2,85,2,110
2024,9,2,40.9,32.4,24.4,84,3,110
2024,9,3,33.9,26.4,24.6,92,4,160
2024,9,4,22.5,32.2,24.6,90,2,180
2024,9,5,8,28.2,25.3,93,2,110
2024,9,6,0.1,30.4,25.6,85,3,90
2024,9,7,3.1,31,25.1,92,2,90
2024,9,8,120.6,26.8,23.5,95,2,160
2024,9,9,-1,31,24.9,85,2,160
2024,9,10,4.6,31.2,24.9,86,3,110
2024,9,11,-1,31.6,24.8,85,2,110
2024,9,12,-1,32,25.3,83,3,90
2024,9,13,-1,32.8,25.3,82,3,90
2024,9,14,0,32.3,24.9,86,2,250
2024,9,15,1.6,31.8,22.5,84,2,90
2024,9,16,53.1,27.3,23.6,93,2,90
2024,9,17,3.6,28.3,25.4,94,2,110
2024,9,18,0.8,32.2,25.4,87,3,110
2024,9,19,5.8,30.6,25.6,88,3,140
2024,9,20,43.7,31.5,25,85,4,180
2024,9,21,1.9,27.3,24.8,89,3,180
2024,9,22,0.1,30.9,25,86,2,220
2024,9,23,0,32.4,25,82,1,90
2024,9,24,0,32.4,26,84,2,360
2024,9,25,0,33,26.2,84,3,140
2024,9,26,0,32.2,26.1,84,2,360
2024,9,27,1.1,30.6,25.8,87,2,320
2024,9,28,17.8,30.9,26.4,85,3,220
2024,9,29,207,28.9,25.5,93,5,270
2024,9,30,481.6,26.6,23.8,95,6,220
2024,10,1,59,26.7,24.7,90,5,180
2024,10,2,7.1,26.4,24.2,94,2,90
2024,10,3,10.4,30,24.8,87,3,20
2024,10,4,0,30.4,24.9,86,2,360
2024,10,5,0,31.6,24,87,2,140
2024,10,6,0,33.8,22.5,76,2,40
2024,10,7,0,33.1,24.1,75,2,90
2024,10,8,-1,31.6,25,82,3,290
2024,10,9,2.4,29.5,24.6,91,2,110
2024,10,10,0,32,24.2,80,2,320
2024,10,11,0,31.2,24.8,82,2,290
2024,10,12,0.4,31.4,24,87,2,90
2024,10,13,0,33.2,24.3,77,2,360
2024,10,14,0,34.1,25.6,73,2,90
2024,10,15,-1,32.6,24.6,82,2,110
2024,10,16,0,32.5,23.6,82,3,90
2024,10,17,0,32.8,24.9,80,3,110
2024,10,18,0,33.4,25.5,76,1,40
2024,10,19,0,34.4,27,71,2,40
2024,10,20,0,35.3,27,68,2,20
2024,10,21,0,35,27.8,64,4,40
2024,10,22,42.2,31.5,26,76,6,40
2024,10,23,15.9,27.5,25.9,91,7,20
2024,10,24,7,27.2,25.6,91,4,20
2024,10,25,12.2,31.3,24.2,87,2,220
2024,10,26,0,33,23.5,82,2,110
2024,10,27,-1,30.8,24.4,83,2,90
2024,10,28,6.6,30.6,24.5,84,2,90
2024,10,29,0.5,29.6,25.6,85,5,360
2024,10,30,6.4,28.4,25.7,85,6,290
2024,10,31,0.2,29.6,25,80,4,220
2024,11,1,-1,31.8,25,83,3,220
2024,11,2,0,32.2,24,84,2,40
2024,11,3,0,34.8,23.7,70,2,40
2024,11,4,0.9,32.8,24.6,77,4,40
2024,11,5,7.6,32.5,24.6,78,5,20
2024,11,6,-1,29,24.6,82,6,20
2024,11,7,85.9,26.4,24.7,89,8,20
2024,11,8,9,29.4,24.4,89,3,180
2024,11,9,0,30.3,23.6,86,2,140
2024,11,10,0.5,33,26.2,79,3,40
2024,11,11,31.6,28.2,24.3,90,4,40
2024,11,12,0,30.4,24.7,88,3,200
2024,11,13,0.8,30.6,25.3,86,2,90
2024,11,14,52.2,29.4,25.8,92,4,220
2024,11,15,1.4,30.2,25.1,92,3,200
2024,11,16,0,30.2,24,89,2,40
2024,11,17,7.2,28.5,25.4,83,3,40
2024,11,18,0,30,23.6,88,2,90
2024,11,19,0,32.4,24,80,3,40
2024,11,20,0,32.2,24.3,85,2,360
2024,11,21,0,31.2,24,83,2,90
2024,11,22,0,31,23.4,79,3,360
2024,11,23,0,31.5,25.8,77,3,40
2024,11,24,0,33.5,24.6,74,3,40
2024,11,25,0,34.2,25.3,67,2,20
2024,11,26,0,32.6,25.4,75,3,40
2024,11,27,-1,29.4,25.7,73,5,20
2024,11,28,0,28.8,25.2,74,5,40
2024,11,29,0,31.5,24.1,67,3,40
2024,11,30,0,32.8,21.6,69,2,40
2024,12,1,0,31.4,22.1,73,2,70
2024,12,2,0,31.8,24,76,3,20
2024,12,3,0.1,31.1,25.4,82,2,40
2024,12,4,0,28,24.2,76,4,40
2024,12,5,0,32,24.2,71,3,40
2024,12,6,0,32.8,24.3,74,2,90
2024,12,7,0,33,26.4,75,3,20
2024,12,8,0,30.8,25.2,70,5,20
2024,12,9,0,31.8,23.1,68,3,40
2024,12,10,0,34,22.9,68,2,110
2024,12,11,0,32.4,23.2,73,2,70
2024,12,12,0,32.6,23.2,74,3,40
2024,12,13,0,32,24.8,73,3,40
2024,12,14,0,31,24.2,73,6,20
2024,12,15,0,30.2,23.7,71,4,20
2024,12,16,0,32,21.6,71,2,40
2024,12,17,0,32.7,21.8,68,2,40
2024,12,18,0,32.5,23.3,64,4,40
2024,12,19,0,29.9,23.3,69,5,40
2024,12,20,0,31.4,21,69,4,40
2024,12,21,0,31.6,23.8,71,2,40
2024,12,22,0,32,23,65,2,40
2024,12,23,0,32.8,23.2,69,2,90
2024,12,24,0,31.6,25.2,69,3,40
2024,12,25,0,32.3,23,69,2,110
2024,12,26,-1,31.6,25.8,75,3,20
2024,12,27,0,32,24.3,73,4,20
2024,12,28,0,29.3,23.1,69,5,40
2024,12,29,0,31,25.2,62,4,40
2024,12,30,-1,32.1,24.7,75,2,40
2024,12,31,0,31.2,24.6,78,4,40
