period,territory,row_count,unique_products,unique_dr_numbers,estimated_rows,quantity,total_trade_price,net_income,net_cost,discount,total_cost
2000-01,Batangas,5,5,5,0,20.0,3696.6,7715.4,0.0,0.5,12680.0
2001-03,Cavite,1,1,1,0,3.0,1035.0,1265.0,0.0,0.0,2300.0
2007-11,Camarines Sur,5,1,1,0,19.0,3833.9,6156.1,0.0,0.0,9990.0
2016-01,Camarines Sur,2,2,2,0,4.0,1983.6,3371.4,0.0,0.0,5355.0
2016-09,Marinduque,2,2,1,0,20.0,6150.0,4600.0,0.0,0.0,10750.0
2016-11,Camarines Norte,3,3,3,0,5.0,1555.0,4155.0,0.0,0.0,5710.0
2016-12,Camarines Sur,7,4,4,0,118.0,3333.97,5984.03,0.0,0.0,9318.0
2016-12,Quezon,3,3,2,0,30.0,7285.0,18715.0,0.0,0.0,26000.0
2017-01,Batangas,153,65,116,0,1017.0,166930.71,346632.69,0.0,1.6,522253.0
2017-01,Camarines Norte,119,54,54,0,674.0,91021.35,189242.65,0.0,0.0,279632.0
2017-01,Camarines Sur,59,33,33,0,551.0,72067.2,136657.8,0.0,0.0,208725.0
2017-01,Cavite,2,2,2,0,4.0,1296.5,2898.5,0.0,0.0,4195.0
2017-01,Laguna,67,33,48,0,680.0,87587.9,194643.9,0.0,0.0,282231.8
2017-01,Marinduque,13,10,3,0,128.0,27266.0,58934.0,0.0,0.0,86200.0
2017-01,Quezon,39,29,20,0,370.0,68734.0,142332.68,0.0,0.5,215019.24
2017-02,Batangas,128,57,100,0,694.0,130179.57,281617.43,0.0,0.0,411797.0
2017-02,Camarines Norte,57,34,25,0,397.0,37052.32,92979.68,0.0,0.0,130032.0
2017-02,Camarines Sur,60,30,47,0,505.0,53650.51,89676.49,0.0,0.0,143327.0
2017-02,Cavite,31,28,26,0,72.0,28394.64,42535.36,0.0,0.3,72370.0
2017-02,Laguna,70,42,40,0,3460.0,201212.35,571012.65,0.0,0.0,772225.0
2017-02,Marinduque,15,13,7,0,137.0,21102.0,43168.0,0.0,0.0,64270.0
2017-02,Quezon,22,17,13,0,182.0,36994.2,83662.0,0.0,0.0,120656.2
2017-03,Batangas,93,49,79,0,585.0,91347.58,228149.02,0.0,1.55,322480.0
2017-03,Camarines Norte,60,29,33,0,259.0,43015.24,85966.56,0.0,0.9,128081.0
2017-03,Camarines Sur,75,34,62,0,1130.0,67286.97,120238.33,0.0,0.6,188355.3
2017-03,Cavite,31,23,19,0,114.0,44912.51,74547.49,0.0,0.3,122400.0
2017-03,Laguna,213,161,66,0,35198.0,333978.1,858767.92,0.0,0.0,1190466.02
2017-03,Marinduque,10,10,5,0,125.0,13334.65,30641.35,0.0,0.0,43976.0
2017-03,Quezon,29,23,13,0,182.0,36314.4,75896.8,0.0,1.4,114629.0
2017-04,Batangas,108,55,88,0,622.0,119771.51,253421.69,0.0,2.3,380606.0
2017-04,Camarines Norte,77,28,32,0,285.0,49766.37,98550.63,0.0,1.5,149802.0
2017-04,Camarines Sur,62,25,59,0,502.0,55064.88,111618.12,0.0,0.3,168483.0
2017-04,Cavite,11,10,6,0,53.0,25670.55,40949.45,0.0,0.7,75020.0
2017-04,Laguna,73,60,27,0,1672.0,244882.96,335837.04,0.0,0.5,580918.0
2017-04,Marinduque,12,10,4,0,102.0,9658.9,19557.1,0.0,0.6,31346.0
2017-04,Quezon,12,8,7,0,133.0,29067.5,58452.5,0.0,0.0,86280.0
2017-05,Batangas,89,1,80,0,845.0,160723.18,415458.82,0.0,3.7,613554.0
2017-05,Camarines Norte,44,1,21,0,120.2,28717.79,64102.21,0.0,0.0,92650.0
2017-05,Camarines Sur,66,1,65,0,321.0,44191.52,78956.48,0.0,0.65,124033.0
2017-05,Cavite,11,1,6,0,46.0,21977.5,31145.5,0.0,2.2,78230.0
2017-05,Laguna,58,1,31,0,823.0,91942.9,225346.6,0.0,0.0,317289.5
2017-05,Marinduque,5,1,5,0,43.0,5865.0,13098.0,0.0,0.0,18963.0
2017-05,Quezon,12,1,8,0,99.0,15243.0,37395.0,0.0,0.3,53286.0
2017-06,Batangas,107,1,94,0,602.0,133292.76,296595.34,0.0,1.85,435160.0
2017-06,Camarines Norte,78,1,36,0,387.0,49669.51,107740.49,0.0,0.0,157230.0
2017-06,Camarines Sur,70,1,48,0,486.0,61236.64,104374.03,0.0,0.0,165260.67
2017-06,Cavite,18,1,14,0,64.0,30859.42,44142.58,0.0,2.0,88420.0
2017-06,Laguna,85,1,36,0,1986.0,160559.33,501406.37,0.0,0.0,661965.7
2017-07,Batangas,110,1,75,0,11274.82,742177.94,2011726.06,0.0,1.5,2757904.0
2017-07,Camarines Norte,113,1,70,0,1245.4,106892.11,244467.64,0.0,0.65,348206.0
2017-07,Camarines Sur,82,1,65,0,557.0,61394.57,121162.43,0.0,0.35,182865.0
2017-07,Cavite,20,1,10,0,118.0,20253.03,23696.37,0.0,1.5,49229.4
2017-07,Laguna,63,1,35,0,1974.0,147700.02,379755.59,0.0,0.0,527455.61
2017-07,Marinduque,9,1,4,0,174.0,17619.8,37506.2,0.0,0.0,55126.0
2017-07,Quezon,17,1,9,0,133.0,41771.0,77173.0,0.0,0.3,119334.0
2017-08,Batangas,111,1,84,0,1832.2,335580.37,749027.13,0.0,0.9,1075407.0
2017-08,Camarines Norte,75,1,40,0,1695.0,63462.81,135252.19,0.0,0.8,199708.0
2017-08,Camarines Sur,96,1,78,0,575.9,73540.87,133545.43,0.0,0.7,211026.9
2017-08,Cavite,10,1,7,0,32.0,9106.56,18208.44,0.0,2.1,36280.0
2017-08,Laguna,58,1,26,0,677.1,113312.56,215314.44,0.0,0.0,328627.0
2017-08,Marinduque,41,1,10,0,271.0,37561.12,61751.63,0.0,2.5,108096.0
2017-08,Quezon,64,1,22,0,398.0,90047.57,185045.93,0.0,3.9,284920.0
2017-09,Batangas,79,1,55,0,5161.8,478229.65,799574.41,0.0,0.6,1278908.86
2017-09,Camarines Norte,23,1,14,0,134.2,30278.66,53252.94,0.0,0.0,83531.6
2017-09,Camarines Sur,56,1,47,0,496.0,53084.79,98300.21,0.0,1.8,152942.0
2017-09,Cavite,36,2,15,0,161.0,26248.7,41292.3,0.0,6.3,87200.0
2017-09,Laguna,27,1,21,0,298.0,38007.18,79608.82,0.0,0.0,117616.0
2017-09,Marinduque,41,1,13,0,163.0,57685.68,67132.17,0.0,3.07,160281.0
2017-09,Quezon,59,1,27,0,530.0,105238.34,221172.8,0.0,1.7,330287.14
2017-10,Batangas,68,1,40,0,1742.0,167808.46,353000.24,0.0,1.15,481618.0
2017-10,Camarines Norte,30,1,24,0,137.2,32026.6,62889.8,0.0,0.3,95154.0
2017-10,Camarines Sur,62,1,50,0,465.0,52550.9,113210.16,0.0,0.3,166077.86
2017-10,Cavite,26,1,12,0,176.0,42282.12,55372.66,0.0,2.25,105210.98
2017-10,Laguna,39,1,18,0,752.0,127367.15,271155.85,0.0,0.0,398523.0
2017-10,Marinduque,42,1,14,0,429.0,51607.24,100002.12,0.0,2.81,162223.0
2017-10,Quezon,46,1,19,0,566.0,57447.65,120813.15,0.0,3.9,190598.0
2017-11,Batangas,65,1,54,0,392.0,64921.34,154452.06,0.0,1.15,221185.0
2017-11,Camarines Norte,50,1,28,0,233.0,67901.04,84254.16,0.0,0.6,132358.2
2017-11,Camarines Sur,59,1,45,0,352.0,47047.88,73987.92,0.0,0.0,114001.0
2017-11,Cavite,35,1,10,0,328.5,44976.36,72257.45,0.0,3.0,113394.81
2017-11,Laguna,99,1,31,0,1918.5,265186.4,599835.6,0.0,0.0,830782.0
2017-11,Marinduque,36,1,12,0,212.32,82884.91,106275.78,0.0,2.72,213756.14
2017-11,Quezon,49,1,26,0,381.0,76382.13,169130.63,0.0,3.1,251762.16
2017-12,Batangas,99,1,76,0,3233.0,349437.4,1226236.6,0.0,1.2,1570880.2
2017-12,Camarines Norte,43,1,21,0,149.8,41830.72,81020.68,0.0,0.3,123301.4
2017-12,Camarines Sur,39,1,27,0,274.0,41450.59,63635.01,0.0,0.2,97221.6
2017-12,Cavite,25,1,13,0,162.0,19122.35,25603.75,0.0,3.15,50451.0
2017-12,Laguna,69,1,18,0,1432.0,207971.55,483043.45,0.0,0.0,680105.0
2017-12,Marinduque,15,1,9,0,236.0,49843.85,113940.65,0.0,0.62,169480.0
2017-12,Quezon,41,1,19,0,469.0,82230.1,116199.23,0.0,4.3,235488.0
2018-03,Batangas,93,37,40,0,2752.0,282652.38,958555.23,598483.8,0.0,1235607.6
2018-03,Camarines Norte,60,31,15,0,244.4,46521.76,87876.64,67199.2,0.0,134398.4
2018-03,Camarines Sur,36,16,11,0,184.0,26595.82,28288.18,27442.0,0.0,54884.0
2018-03,Cavite,22,15,8,0,548.0,61255.05,123775.35,92661.2,292.0,185030.4
2018-03,Laguna,146,59,13,0,2182.6,264990.51,1213885.51,739438.0,0.0,1478876.0
2018-03,Marinduque,22,16,9,0,439.0,9805.96,97717.04,0.0,0.0,107523.0
2018-03,Quezon,98,46,26,0,1091.0,94792.38,278112.62,240214.0,8928.0,377369.0
2018-04,Batangas,102,37,46,0,540.0,99596.93,241911.47,170754.2,0.0,341508.4
2018-04,Camarines Norte,100,37,25,0,313.56,85868.64,138545.37,112207.0,0.0,224414.0
2018-04,Camarines Sur,126,40,43,0,771.04,82886.21,158880.19,120516.0,0.0,241032.0
2018-04,Cavite,26,14,10,0,520.0,75932.65,117017.35,96475.0,1800.0,193850.0
2018-04,Laguna,165,64,20,0,2993.6,548676.12,1230420.68,879948.4,0.0,1779096.8
2018-04,Marinduque,33,26,8,0,300.11,50846.64,86760.15,0.0,14803.2,137606.79
2018-04,Quezon,209,74,51,0,2139.9833,302767.84,617738.54,524576.29,61198.2,954875.99
2018-05,Batangas,94,40,45,0,598.0,104733.62,282150.38,193442.0,2288.0,388028.0
2018-05,Camarines Norte,114,46,18,0,285.6,74129.92,178205.28,126167.6,0.0,252335.2
2018-05,Camarines Sur,142,43,44,0,789.96,98692.7,184963.0,141606.0,1960.0,284192.0
2018-05,Cavite,44,22,15,0,708.0,143214.83,217125.17,180170.0,16461.0,368570.5
2018-05,Laguna,239,79,25,0,4918.0,557573.43,1913500.59,1223987.0,0.0,2456974.0
2018-05,Marinduque,14,11,7,0,300.0,26316.82,32335.78,0.0,11409.4,58652.6
2018-05,Quezon,136,59,37,0,1456.0,156504.84,292633.86,253895.64,49472.8,479579.78
2018-06,Batangas,152,66,53,0,2134.0,295378.76,1191459.04,743418.9,1695.0,1487685.3
2018-06,Camarines Norte,72,34,17,0,286.8,66975.58,151156.9,109066.24,450.0,218357.48
2018-06,Camarines Sur,154,38,55,0,964.0,114239.58,194116.93,153987.0,4890.0,310419.0
2018-06,Cavite,24,12,8,0,418.0,34215.94,76904.06,55560.0,5040.0,113640.0
2018-06,Laguna,70,23,17,0,868.0,103365.17,217233.63,160299.4,0.0,320598.8
2018-06,Marinduque,26,22,11,0,350.0,57735.28,105840.97,0.0,7546.75,163576.25
2018-06,Quezon,132,60,37,0,1259.0,174839.56,381460.69,374953.75,19175.75,569661.5
2018-07,Batangas,118,41,47,0,1046.0,122018.23,322908.99,222463.6,550.8,445202.6
2018-07,Camarines Norte,75,29,30,0,313.2,264836.21,600765.79,432651.0,0.0,865602.0
2018-07,Camarines Sur,168,42,54,0,848.0,115420.02,191397.98,150794.0,5680.0,309046.0
2018-07,Cavite,14,8,6,0,262.0,21157.55,1154183.13,587670.34,3780.0,1177230.68
2018-07,Laguna,42,12,12,0,444.2,48532.73,89977.27,69255.0,0.0,138510.0
2018-07,Marinduque,38,30,10,0,420.0,56111.94,99931.66,0.0,11525.4,156043.6
2018-07,Quezon,160,64,41,0,1562.0,216888.79,412333.61,392633.0,71540.6,670755.4
2018-08,Batangas,164,54,59,0,1175.0,191889.68,444884.32,326389.5,1803.0,637675.5
2018-08,Camarines Norte,108,42,38,0,419.2,238679.4,436807.32,351591.36,7293.12,681020.28
2018-08,Camarines Sur,105,30,33,0,786.3,86274.93,151571.88,116034.0,1800.0,238196.0
2018-08,Cavite,18,10,8,0,436.0,48508.13,79478.27,63993.2,6900.0,131436.4
2018-08,Laguna,118,56,14,0,1726.6,147294.16,431646.95,292230.0,0.0,578660.0
2018-08,Marinduque,21,19,11,0,168.0,59220.5,76687.68,0.0,41581.82,135908.18
2018-08,Quezon,159,64,43,0,1316.0,204935.05,354011.13,347427.18,64631.82,612053.0
2018-09,Batangas,174,54,80,0,3718.0,414057.46,963209.77,688633.6,0.0,1377267.2
2018-09,Camarines Norte,157,65,54,0,886.0,250756.22,663036.28,505714.5,12718.5,926511.0
2018-09,Camarines Sur,150,42,43,0,734.5,233899.11,436729.69,335039.0,750.0,670453.0
2018-09,Cavite,38,20,15,0,782.0,61496.57,115260.91,88378.74,15996.0,184755.48
2018-09,Laguna,96,38,16,0,768.0,126672.11,328935.89,227804.0,0.0,455608.0
2018-09,Marinduque,13,11,5,0,105.0,31116.9,49134.7,0.0,8955.4,80251.6
2018-09,Quezon,110,55,32,0,1073.0,158709.77,344722.77,297691.07,35542.38,525681.43
2018-10,Batangas,98,43,41,0,1108.0,187452.71,577391.31,382422.0,2004.0,765846.0
2018-10,Camarines Norte,134,56,61,0,915.4,441105.38,1165162.32,852532.7,34099.8,1632567.5
2018-10,Camarines Sur,125,40,41,0,803.8,204994.95,392955.07,298250.0,5256.0,600578.0
2018-10,Cavite,26,19,9,0,940.0,90270.49,150782.91,120526.7,21082.2,251594.5
2018-10,Laguna,164,55,22,0,2675.2,236557.39,871362.61,549210.0,0.0,1107920.0
2018-10,Marinduque,8,8,4,0,119.0,47412.34,44061.31,0.0,28811.36,91473.65
2018-10,Quezon,144,65,37,0,1343.0,226876.29,458359.16,388354.55,43386.56,721334.4
2018-11,Batangas,247,89,85,0,6330.8195,1224496.64,1996523.07,1610289.84,0.0,3221019.68
2018-11,Camarines Norte,175,74,64,0,1369.0,418179.25,1143107.35,815436.0,11845.6,1573132.2
2018-11,Camarines Sur,151,47,45,0,1042.0,247439.82,537802.18,375890.0,3276.0,786880.0
2018-11,Cavite,25,14,15,0,420.0,72859.7,105435.74,49498.4,1500.0,178295.44
2018-11,Laguna,138,51,13,0,1622.0,147408.56,727509.44,432509.0,0.0,874918.0
2018-11,Marinduque,44,30,13,0,640.0,48469.17,101512.84,0.0,9133.5,149495.35
2018-11,Quezon,134,62,32,0,1481.0,147013.17,308323.58,277403.55,22393.1,471100.05
2018-12,Batangas,50,30,43,0,615.0,50411.98,312432.03,0.0,0.0,362844.0
2018-12,Camarines Norte,49,33,31,0,350.17,128532.36,876958.67,0.0,0.0,1005491.03
2018-12,Camarines Sur,42,28,15,0,235.77,49560.71,218124.49,0.0,2050.8,267685.2
2018-12,Cavite,10,9,8,0,184.0,17579.42,70187.5,0.0,1050.0,87766.92
2018-12,Laguna,65,45,18,0,1002.0,94205.88,303176.12,0.0,0.0,397382.0
2018-12,Marinduque,24,18,12,0,382.0,52001.87,58336.73,0.0,21681.4,110338.6
2018-12,Quezon,33,29,15,0,314.0,61005.34,112272.08,0.0,7966.62,173277.42
2019-01,Batangas,112,42,98,0,1728.0,119273.19,699519.83,0.0,0.0,818793.0
2019-01,Camarines Norte,35,24,24,0,208.18,76769.61,366212.09,0.0,355.5,442981.7
2019-01,Camarines Sur,68,34,34,0,528.0,57573.28,127275.73,0.0,0.0,184849.0
2019-01,Cavite,18,14,13,0,468.0,30134.15,54866.09,0.0,3310.0,85000.24
2019-01,Laguna,61,39,21,0,803.0,86363.08,259505.92,0.0,0.0,345869.0
2019-01,Marinduque,18,16,7,0,396.0,73378.44,77654.52,0.0,44307.04,151032.96
2019-01,Quezon,101,62,34,0,839.5,78441.28,188362.44,0.0,3045.4,262750.6
2019-02,Batangas,79,34,69,0,518.0,82281.63,208226.4,0.0,0.0,290508.0
2019-02,Camarines Norte,29,21,16,0,181.6,57593.37,270991.43,0.0,928.2,328584.8
2019-02,Camarines Sur,73,35,33,0,420.12,61163.0,263140.02,0.0,2160.0,324303.0
2019-02,Cavite,37,17,26,0,939.24,55052.77,120816.91,0.0,2786.85,175869.67
2019-02,Laguna,42,34,13,0,588.2,242316.27,356308.73,0.0,0.0,250825.0
2019-02,Marinduque,13,12,4,0,138.0,11535.63,30482.14,0.0,8750.23,42017.77
2019-02,Quezon,58,41,21,0,739.0,83222.11,174145.79,0.0,17480.1,257367.9
2019-03,Batangas,66,43,52,0,1121.3,110056.27,533214.14,0.0,0.0,643270.4
2019-03,Camarines Norte,7,7,3,0,62.0,12597.32,14010.68,0.0,1092.0,26608.0
2019-03,Camarines Sur,92,54,31,0,577.0,110615.3,402433.71,0.0,1470.0,513049.0
2019-03,Cavite,56,32,29,0,589.0,44703.91,130805.97,0.0,0.0,170133.92
2019-03,Laguna,92,65,26,0,1126.28,433971.92,741670.08,0.0,0.0,480042.0
2019-03,Marinduque,44,28,14,0,651.0,65244.17,128146.95,0.0,25772.88,193391.12
2019-03,Quezon,37,31,22,0,342.0,44323.31,137699.85,0.0,14611.84,182023.16
2019-04,Batangas,72,36,64,0,637.46,104963.39,277593.62,0.0,0.0,382557.0
2019-04,Camarines Norte,65,35,40,0,348.6,79875.39,287240.61,0.0,0.0,367116.0
2019-04,Camarines Sur,58,33,20,0,360.0,70145.94,273731.07,0.0,0.0,343877.0
2019-04,Cavite,50,39,32,0,725.0,73536.0,158714.4,0.0,3115.0,232250.39
2019-04,Laguna,120,69,26,0,2009.3,173612.8,860968.2,0.0,0.0,1034581.0
2019-04,Marinduque,15,13,6,0,237.12,42449.77,63853.27,0.0,12056.96,106303.04
2019-04,Quezon,74,50,33,0,745.2,91450.02,205452.8,0.0,4703.97,290152.82
2019-05,Batangas,37,24,26,0,259.0,64219.87,165674.13,0.0,0.0,229894.0
2019-05,Camarines Norte,55,33,40,0,332.7,56789.75,145127.25,0.0,1001.0,201917.0
2019-05,Camarines Sur,36,24,16,0,290.0,49138.98,220691.02,0.0,0.0,269830.0
2019-05,Cavite,43,33,33,0,601.0,104348.66,167908.38,0.0,6235.0,272257.04
2019-05,Laguna,112,78,23,0,2191.13,211607.58,890327.22,0.0,0.0,1080244.0
2019-05,Marinduque,9,6,3,0,77.0,16770.95,30429.05,0.0,0.0,47200.0
2019-05,Quezon,78,50,34,0,792.0,137721.74,337777.13,0.0,18191.13,470198.87
2019-06,Batangas,75,51,40,0,1355.0,173761.73,379012.08,0.0,0.0,552773.8
2019-06,Camarines Norte,27,18,20,0,198.8,56808.36,226295.64,0.0,270.0,283104.0
2019-06,Camarines Sur,21,12,10,0,123.0,18974.29,27927.71,0.0,0.0,46902.0
2019-06,Cavite,37,21,27,0,577.1,61193.01,149242.59,0.0,14812.5,210178.0
2019-06,Laguna,87,53,23,0,1298.6,105061.32,429114.68,0.0,0.0,534176.0
2019-06,Marinduque,19,16,7,0,266.0,39239.32,78676.68,0.0,10650.0,117916.0
2019-06,Quezon,52,41,21,0,395.0,56784.04,120713.26,0.0,13800.7,177497.3
2019-07,Batangas,88,40,78,0,585.92,97974.95,395387.06,0.0,0.0,493362.0
2019-07,Camarines Norte,38,22,29,0,303.7,57765.57,138059.43,0.0,0.0,195825.0
2019-07,Camarines Sur,37,30,14,0,214.0,22382.71,44889.3,0.0,0.0,67272.0
2019-07,Cavite,57,33,31,0,642.0,71048.1,148430.79,0.0,3815.7,219478.89
2019-07,Laguna,79,57,23,0,1380.79,217022.92,475931.08,0.0,0.0,692904.0
2019-07,Marinduque,7,6,3,0,75.0,15245.0,21405.0,0.0,0.0,36650.0
2019-07,Quezon,81,46,33,0,773.0,116544.19,232373.22,0.0,13214.79,348917.41
2019-08,Batangas,77,50,57,0,1142.33,281416.08,439421.14,0.0,0.0,714875.0
2019-08,Camarines Norte,30,19,17,0,191.4,39671.58,77220.92,0.0,682.5,116892.5
2019-08,Camarines Sur,43,28,15,0,278.0,44102.62,70754.38,0.0,0.0,114857.0
2019-08,Cavite,41,29,27,0,820.0,92747.7,167187.96,0.0,11022.0,259935.65
2019-08,Laguna,67,53,12,0,686.0,87984.77,212885.57,0.0,0.0,283529.0
2019-08,Marinduque,4,3,4,0,128.0,15472.0,11158.0,0.0,0.0,26630.0
2019-08,Quezon,32,27,18,0,519.43,72266.33,120299.89,0.0,1980.0,187128.0
2019-09,Batangas,87,42,78,0,875.0,113960.47,244387.53,0.0,0.0,358348.0
2019-09,Camarines Norte,60,32,27,0,311.2,68207.41,142159.59,0.0,858.0,210367.0
2019-09,Camarines Sur,24,20,11,0,294.0,17624.67,34729.33,0.0,3000.0,52354.0
2019-09,Cavite,48,31,31,0,518.0,94035.27,212596.59,0.0,6300.0,306631.86
2019-09,Laguna,23,20,13,0,249.3,35812.13,68592.87,0.0,0.0,104405.0
2019-09,Marinduque,23,15,11,0,135.0,31281.24,44363.86,0.0,21372.9,75645.1
2019-09,Quezon,68,46,30,0,629.0,114416.22,210353.78,0.0,19260.0,324770.0
2020-01,Batangas,13,12,11,0,120.0,19638.03,35777.97,55416.0,0.0,55416.0
2020-01,Camarines Norte,38,17,27,0,197.8,79398.36,104326.64,183725.0,0.0,183725.0
2020-01,Camarines Sur,20,17,6,0,141.0,19496.39,35394.61,54891.0,0.0,54891.0
2020-01,Cavite,22,16,16,0,298.0,41615.2,129831.39,171446.59,1044.0,172490.59
2020-01,Laguna,8,8,3,0,102.0,4857.1,21052.9,25910.0,0.0,25910.0
2020-01,Marinduque,44,27,11,0,610.0,63530.32,105489.68,169020.0,15690.0,184710.0
2020-01,Quezon,61,42,29,0,512.0,101762.53,169757.26,271519.79,41058.0,312577.79
2020-02,Batangas,26,17,21,0,170.0,54049.78,130414.22,184464.0,0.0,184464.0
2020-02,Camarines Norte,32,24,15,0,322.2,120204.4,139905.6,260110.0,0.0,260110.0
2020-02,Camarines Sur,74,64,15,0,452.41,54076.19,137262.8,191338.99,2520.0,193858.99
2020-02,Cavite,23,19,15,0,259.0,36090.62,103899.37,139989.99,0.0,139989.99
2020-02,Laguna,3,3,2,0,6.0,421.93,1674.07,2096.0,0.0,2096.0
2020-02,Marinduque,16,15,8,0,269.0,27269.69,54997.41,82267.1,8533.24,90800.34
2020-02,Quezon,72,49,31,0,612.63,113148.19,210145.31,323293.5,31174.5,354468.0
2020-03,Batangas,43,29,23,0,173.0,48511.71,131146.37,179573.0,0.0,179573.0
2020-03,Camarines Norte,12,12,4,0,73.0,5774.61,10692.39,-13267.0,0.0,16467.0
2020-03,Camarines Sur,96,72,17,0,801.38,74826.1,154779.51,-56480.35,0.0,226823.59
2020-03,Cavite,30,22,18,0,264.0,51604.36,127386.38,178990.74,6580.0,185570.74
2020-03,Laguna,6,6,3,0,24.29,8171.8,17296.2,25468.0,0.0,25468.0
2020-03,Marinduque,15,13,7,0,129.0,21598.43,39351.17,60949.6,11486.4,72436.0
2020-03,Quezon,34,20,26,0,283.0,96202.94,161127.56,257330.5,24457.5,281788.0
2020-04,Batangas,25,17,18,0,149.0,31950.83,72889.17,104840.0,0.0,104840.0
2020-04,Camarines Sur,1,1,1,0,10.0,6150.0,4850.0,11000.0,0.0,11000.0
2020-04,Cavite,15,10,9,0,232.0,55915.99,114753.93,170669.92,21000.0,191669.92
2020-04,Quezon,8,7,6,0,110.0,38370.51,75929.49,114300.0,0.0,114300.0
2020-05,Batangas,2,2,1,0,4.0,2350.13,5269.87,7620.0,0.0,7620.0
2020-05,Camarines Norte,36,17,31,0,251.8,99828.28,177561.72,277390.0,455.0,277845.0
2020-05,Cavite,12,11,7,0,173.0,41096.29,42162.43,63778.4,1412.5,65190.9
2020-05,Quezon,3,3,3,0,56.0,14462.5,34460.0,48922.5,652.5,49575.0
2020-06,Batangas,21,14,17,0,141.0,35523.33,72099.67,107623.0,0.0,107623.0
2020-06,Camarines Norte,17,13,2,0,65.16,6518.74,19879.76,-26398.5,0.0,26398.5
2020-06,Cavite,31,20,23,0,340.0,35166.37,106137.81,141304.18,4775.0,146079.18
2020-06,Laguna,9,9,1,0,56.1,7519.32,21990.68,29510.0,0.0,29510.0
2020-06,Marinduque,18,14,7,0,167.0,60687.77,77045.35,88568.38,6614.82,95183.2
2020-06,Quezon,52,35,21,0,456.0,97724.39,224081.11,321805.5,5672.5,327478.0
2020-07,Batangas,35,25,27,0,228.0,67799.46,144962.74,212762.2,1510.8,214273.0
2020-07,Camarines Norte,30,22,16,0,151.46,67339.62,114729.78,182069.4,0.0,182069.4
2020-07,Camarines Sur,5,4,5,0,51.0,27601.08,25788.92,53390.0,4320.0,57710.0
2020-07,Cavite,48,30,38,0,581.33,63768.09,185133.5,248901.59,5613.75,254515.34
2020-07,Marinduque,36,24,11,0,368.0,68926.09,108299.66,177225.75,12459.53,189685.28
2020-07,Quezon,44,25,26,0,351.0,98317.63,154053.3,246966.93,20050.07,267017.0
2020-08,Batangas,25,18,19,0,182.0,44773.65,100156.35,144930.0,0.0,144930.0
2020-08,Camarines Sur,25,21,10,0,159.0,29398.11,50769.89,80168.0,2592.0,82760.0
2020-08,Cavite,21,15,18,0,474.0,50451.17,152343.83,202795.0,3800.0,206595.0
2020-08,Laguna,6,6,3,0,23.0,9695.67,19464.33,29160.0,0.0,29160.0
2020-08,Marinduque,18,16,7,0,156.0,36193.83,74104.92,110298.75,16485.53,126784.28
2020-08,Quezon,10,10,8,0,46.0,15569.1,30732.9,46302.0,1011.0,47313.0
2020-09,Batangas,6,6,5,0,83.0,16488.72,43921.28,60410.0,0.0,60410.0
2020-09,Cavite,36,27,21,0,479.0,60532.98,139174.25,158407.23,5700.0,164107.23
2020-09,Marinduque,12,9,5,0,122.0,30816.82,40045.93,70862.75,8727.53,79590.28
2020-09,Quezon,22,13,17,0,186.0,47585.5,63508.0,111093.5,5611.5,116705.0
2020-10,Batangas,8,8,7,0,55.0,16548.33,32597.67,49146.0,0.0,49146.0
2020-10,Camarines Norte,52,22,43,0,457.6,156895.03,239794.97,396690.0,0.0,396690.0
2020-10,Camarines Sur,47,33,16,0,287.64,63811.11,103666.89,156428.0,1620.0,158048.0
2020-10,Cavite,13,11,10,0,178.0,17102.67,50718.68,67821.35,0.0,67821.35
2020-10,Laguna,119,119,12,0,1445.67,140461.9,430554.38,555004.1,0.0,555004.1
2020-10,Quezon,22,18,15,0,193.0,51804.39,64246.11,116050.5,20428.5,136479.0
2020-11,Batangas,34,20,26,0,234.0,67434.46,156865.54,224300.0,0.0,224300.0
2020-11,Camarines Norte,21,17,11,0,85.8,37946.94,53863.46,91810.4,0.0,91810.4
2020-11,Cavite,15,13,11,0,220.0,36146.09,91978.09,128124.18,3800.0,131924.18
2020-11,Laguna,22,19,9,0,264.2,34904.24,60962.76,95867.0,0.0,95867.0
2020-11,Marinduque,10,7,3,0,91.0,27627.95,47454.05,75082.0,11724.0,86806.0
2020-11,Quezon,76,44,40,0,765.0,135286.27,210890.19,346176.46,56647.5,402823.96
2020-12,Batangas,5,5,4,0,49.0,13045.12,26184.88,39230.0,0.0,39230.0
2020-12,Camarines Sur,14,14,3,0,63.0,7060.25,23746.75,30807.0,0.0,30807.0
2020-12,Cavite,18,12,15,0,167.33,68099.23,154446.7,222545.93,522.0,223067.93
2020-12,Quezon,30,18,19,0,289.0,73657.62,136328.53,209986.15,20350.5,230336.65
2021-01,Batangas,21,16,11,0,146.46,42423.05,132688.56,153369.01,0.0,153369.01
2021-01,Camarines Norte,23,10,19,0,186.0,70748.79,126941.21,197690.0,0.0,197690.0
2021-01,Camarines Sur,19,15,5,0,149.0,23702.17,68355.83,92058.0,0.0,92058.0
2021-01,Cavite,10,9,6,0,77.0,10108.87,52966.13,63075.0,0.0,63075.0
2021-01,Laguna,11,8,3,0,74.0,27848.02,26271.98,42620.0,0.0,42620.0
2021-01,Marinduque,17,9,9,0,427.0,58463.16,69413.49,126852.65,22540.29,149392.94
2021-01,Quezon,43,24,36,0,318.0,85558.93,176139.57,261698.5,32668.0,294366.5
2021-02,Batangas,17,11,9,0,53.0,33088.23,83806.77,116895.0,0.0,116895.0
2021-02,Camarines Norte,18,13,11,0,104.8,35773.3,72446.7,108220.0,0.0,108220.0
2021-02,Camarines Sur,14,11,11,0,213.0,18600.52,20361.48,38962.0,1068.0,40030.0
2021-02,Cavite,31,21,23,0,265.0,43152.71,121981.21,163845.4,10622.0,174467.4
2021-02,Laguna,7,5,3,0,76.0,19270.0,21354.0,36024.0,0.0,36024.0
2021-02,Quezon,31,23,23,0,415.0,96479.64,179387.3,275866.94,24550.8,300417.74
2021-03,Batangas,15,12,8,0,133.0,24660.25,65919.75,90580.0,0.0,90580.0
2021-03,Camarines Norte,9,4,9,0,81.4,22503.0,35572.0,58075.0,0.0,58075.0
2021-03,Camarines Sur,12,9,4,0,86.0,12357.8,24383.2,36741.0,0.0,36741.0
2021-03,Cavite,4,4,4,0,32.0,3907.32,4172.43,8079.75,0.0,8079.75
2021-03,Laguna,2,2,1,0,39.0,7090.0,14078.0,21168.0,0.0,21168.0
2021-03,Marinduque,12,10,7,0,90.0,31623.9,45709.1,77333.0,18562.0,95895.0
2021-03,Quezon,55,31,37,0,395.1,85721.76,192459.03,269866.75,41838.5,311705.25
2021-04,Batangas,7,6,5,0,53.0,12818.46,32881.54,45700.0,0.0,45700.0
2021-04,Camarines Norte,29,21,15,0,231.4,49516.49,91599.51,141116.0,0.0,141116.0
2021-04,Camarines Sur,8,8,5,0,46.0,6415.6,10050.4,16466.0,0.0,16466.0
2021-04,Cavite,18,13,14,0,137.4,30355.61,98244.13,128599.74,522.0,129121.74
2021-04,Quezon,25,19,17,0,245.0,45128.17,102869.33,147997.5,20596.5,168594.0
2021-05,Batangas,11,9,7,0,56.0,25043.77,57366.23,82410.0,0.0,82410.0
2021-05,Camarines Norte,16,7,16,0,206.4,62297.6,118017.4,180315.0,0.0,180315.0
2021-05,Camarines Sur,5,4,3,0,52.0,8318.42,11161.58,19480.0,0.0,19480.0
2021-05,Cavite,12,11,7,0,59.0,15665.74,45294.67,54435.41,0.0,54435.41
2021-05,Marinduque,17,14,8,0,174.0,43200.62,65115.38,108316.0,17864.0,126180.0
2021-05,Quezon,49,24,37,0,621.0,139192.88,351896.07,491088.95,41368.0,532456.95
2021-06,Batangas,16,10,11,0,86.98,31919.08,61553.81,81572.89,0.0,81572.89
2021-06,Camarines Norte,6,5,6,0,60.3,10792.5,13737.5,24530.0,0.0,24530.0
2021-06,Camarines Sur,8,6,3,0,50.0,13632.7,23414.3,37047.0,0.0,37047.0
2021-06,Cavite,15,13,9,0,131.0,16336.23,33260.9,49597.13,1044.0,50641.13
2021-06,Marinduque,3,3,2,0,22.0,10849.66,11535.34,22385.0,9240.0,31625.0
2021-06,Quezon,24,18,16,0,189.0,45085.72,78692.42,123769.5,15319.5,139089.0
2021-07,Batangas,28,17,18,0,163.0,45070.62,117168.38,162239.0,0.0,162239.0
2021-07,Camarines Norte,21,13,13,0,171.4,48750.0,88074.32,136824.32,0.0,136824.32
2021-07,Camarines Sur,6,6,4,0,21.61,5377.42,12870.08,18247.5,0.0,18247.5
2021-07,Cavite,10,8,8,0,120.0,36242.4,91466.44,127708.84,1000.5,128709.34
2021-07,Laguna,5,5,1,0,84.0,16030.0,21130.0,37160.0,0.0,37160.0
2021-07,Marinduque,10,6,5,0,125.0,28535.36,54390.64,82926.0,84.0,83010.0
2021-07,Quezon,43,33,26,0,466.6,73339.56,177655.4,250994.96,27457.5,278452.46
2021-08,Batangas,19,15,9,0,88.0,22005.5,54863.5,76869.0,0.0,76869.0
2021-08,Camarines Norte,18,7,18,0,272.6,67683.0,140212.0,207895.0,0.0,207895.0
2021-08,Camarines Sur,9,9,3,0,99.0,8912.7,20869.3,29782.0,0.0,29782.0
2021-08,Cavite,22,18,14,0,214.0,25721.4,65730.28,91451.68,0.0,91451.68
2021-08,Marinduque,17,16,6,0,1046.0,108473.0,231082.0,339555.0,24018.0,363573.0
2021-08,Quezon,36,23,27,0,349.0,66838.95,136906.55,203745.5,34649.5,238395.0
2021-09,Batangas,23,14,16,0,145.0,55087.03,136486.97,191574.0,0.0,191574.0
2021-09,Camarines Norte,20,15,16,0,164.2,38860.78,71289.22,110150.0,0.0,110150.0
2021-09,Camarines Sur,4,4,2,0,19.0,3846.35,18923.65,22770.0,0.0,22770.0
2021-09,Cavite,30,26,12,0,183.0,26269.51,57711.56,83981.07,0.0,83981.07
2021-09,Quezon,39,28,27,0,434.0,88404.05,245777.45,334181.5,16212.0,350393.5
2021-10,Batangas,15,12,11,0,97.0,42776.6,115267.4,158044.0,0.0,158044.0
2021-10,Camarines Norte,4,3,4,0,32.2,12900.0,27500.0,40400.0,0.0,40400.0
2021-10,Camarines Sur,38,18,20,0,333.95,50395.3,94333.7,144729.0,0.0,144729.0
2021-10,Cavite,35,28,25,0,324.0,57939.93,171076.64,226604.07,261.0,226865.07
2021-10,Laguna,9,9,3,0,1031.0,678374.5,319873.5,998248.0,0.0,998248.0
2021-10,Marinduque,22,16,11,0,234.0,196881.28,114018.72,310900.0,7570.0,318470.0
2021-10,Quezon,38,22,29,0,354.0,85466.56,186752.14,272218.7,26523.3,298742.0
2021-11,Batangas,12,9,8,0,66.0,21727.5,51047.5,72775.0,0.0,72775.0
2021-11,Camarines Norte,19,14,12,0,197.4,43631.05,86637.95,130269.0,0.0,130269.0
2021-11,Camarines Sur,14,14,5,0,82.0,15559.3,30378.7,45938.0,0.0,45938.0
2021-11,Cavite,22,19,14,0,300.0,36897.72,96451.82,133349.54,261.0,133610.54
2021-11,Marinduque,6,5,4,0,94.0,29794.22,48385.78,78180.0,23000.0,101180.0
2021-11,Quezon,45,24,33,0,520.0,117509.7,266911.26,384420.96,51843.6,436264.56
2021-12,Batangas,11,9,8,0,51.0,26146.51,67488.99,93635.5,1144.5,94780.0
2021-12,Camarines Norte,13,6,13,0,193.6,54192.5,61353.5,115546.0,0.0,115546.0
2021-12,Camarines Sur,14,12,7,0,136.0,28847.6,57798.4,86646.0,0.0,86646.0
2021-12,Cavite,10,10,5,0,100.0,8916.35,35067.11,43983.46,0.0,43983.46
2021-12,Laguna,3,3,1,0,27.0,4360.0,3330.0,7690.0,0.0,7690.0
2021-12,Quezon,31,25,19,0,405.0,66779.98,150245.22,216785.2,28765.8,245551.0
2022-01,Batangas,16,12,11,0,73.0,30771.42,70840.58,101612.0,0.0,101612.0
2022-01,Camarines Norte,6,4,6,0,132.0,33210.0,48480.0,81690.0,0.0,81690.0
2022-01,Cavite,12,12,8,0,65.0,10130.12,26467.37,36597.49,0.0,36597.49
2022-01,Marinduque,8,7,4,0,196.0,35378.2,47776.8,83155.0,22595.0,105750.0
2022-01,Quezon,12,10,9,0,173.0,29482.77,76743.73,106226.5,11798.5,118025.0
2022-02,Batangas,31,21,23,0,236.0,64566.44,129716.56,194227.0,0.0,194227.0
2022-02,Camarines Norte,24,11,20,0,291.0,90238.5,107835.5,198074.0,0.0,198074.0
2022-02,Camarines Sur,17,16,4,0,137.0,16335.04,42684.96,59020.0,0.0,59020.0
2022-02,Cavite,9,8,8,0,126.0,7248.62,23937.25,31185.87,522.0,31707.87
2022-02,Marinduque,17,17,4,0,1915.0,1148703.0,1403123.25,2549015.75,0.0,2549015.75
2022-02,Quezon,32,23,22,0,464.0,108626.09,233272.91,341899.0,46670.0,388569.0
2022-03,Batangas,29,18,26,0,154.0,50429.76,115526.24,165956.0,0.0,165956.0
2022-03,Camarines Norte,12,5,12,0,238.0,76710.0,85626.0,162336.0,11370.0,173706.0
2022-03,Camarines Sur,46,32,16,0,517.3,67271.5,167412.5,232512.0,0.0,232512.0
2022-03,Cavite,9,9,8,0,156.0,22507.75,44677.25,67185.0,0.0,67185.0
2022-03,Marinduque,8,8,4,0,86.0,184732.0,191876.8,376608.8,20359.2,396968.0
2022-03,Quezon,45,24,33,0,494.0,113992.55,221832.95,335825.5,56263.5,392089.0
2022-04,Batangas,14,12,12,0,82.0,29092.9,71301.1,100394.0,0.0,100394.0
2022-04,Camarines Norte,18,12,14,0,224.0,79843.0,122802.0,202645.0,7750.0,210395.0
2022-04,Camarines Sur,21,16,7,0,134.44,20351.56,43470.44,63822.0,1428.0,65250.0
2022-04,Cavite,9,8,7,0,33.0,7024.12,17923.62,24947.74,0.0,24947.74
2022-04,Laguna,5,4,3,0,45.67,7300.5,13660.9,20961.4,0.0,20961.4
2022-04,Marinduque,2,2,1,0,60.0,2790.0,14710.0,17500.0,0.0,17500.0
2022-04,Quezon,34,22,24,0,385.62,74398.47,154176.03,227784.5,24927.0,252711.5
2022-05,Batangas,33,20,26,0,146.0,59969.79,138294.21,198264.0,0.0,198264.0
2022-05,Camarines Norte,11,7,11,0,154.0,40579.0,45607.0,86186.0,1728.0,87914.0
2022-05,Camarines Sur,13,12,5,0,100.0,22554.6,40975.4,63530.0,0.0,63530.0
2022-05,Cavite,18,16,10,0,58.0,12094.5,39379.62,51474.12,0.0,51474.12
2022-05,Marinduque,46,40,4,0,1963.0,277070.73,592895.27,869966.0,0.0,869966.0
2022-05,Quezon,24,17,17,0,252.0,51162.2,87041.8,138204.0,17599.0,155803.0
2022-06,Batangas,22,17,19,0,152.0,46542.3,110227.7,156770.0,0.0,156770.0
2022-06,Camarines Norte,9,6,9,0,198.0,31522.0,47826.0,79348.0,0.0,79348.0
2022-06,Camarines Sur,17,10,8,0,168.0,37220.0,77565.0,114785.0,0.0,114785.0
2022-06,Cavite,23,19,18,0,162.0,29297.06,82798.88,112095.94,0.0,112095.94
2022-06,Laguna,3,3,2,0,34.0,5208.0,11704.0,16912.0,0.0,16912.0
2022-06,Marinduque,7,6,5,0,212.0,36450.8,50579.2,87030.0,13860.0,100890.0
2022-06,Quezon,48,22,38,0,619.0,116733.01,262361.21,379094.22,25262.0,404356.22
2022-07,Batangas,47,22,41,0,236.0,94951.21,237800.79,332752.0,0.0,332752.0
2022-07,Camarines Norte,34,19,23,0,331.0,97196.72,155414.28,252611.0,12225.0,264836.0
2022-07,Camarines Sur,34,20,19,0,353.0,68762.02,116949.98,185712.0,0.0,185712.0
2022-07,Cavite,21,16,15,0,176.0,19926.68,53482.76,73409.44,180.0,73589.44
2022-07,Laguna,4,4,1,0,90.0,15550.0,25790.0,41340.0,0.0,41340.0
2022-07,Marinduque,19,13,10,0,465.0,101159.88,118006.12,219166.0,30097.0,249263.0
2022-07,Quezon,32,21,24,0,320.0,74416.7,128937.3,203354.0,29262.0,232616.0
2022-08,Batangas,48,29,33,0,365.0,157215.82,232254.18,389470.0,0.0,389470.0
2022-08,Camarines Norte,9,6,9,0,154.0,35740.0,71185.0,106925.0,3875.0,110800.0
2022-08,Camarines Sur,12,9,5,0,61.0,17936.7,30758.3,48695.0,0.0,48695.0
2022-08,Cavite,16,12,14,0,129.0,30371.18,54248.52,84619.7,261.0,84880.7
2022-08,Marinduque,6,6,4,0,30.0,6351.92,14333.08,20685.0,0.0,20685.0
2022-08,Quezon,49,29,35,0,628.0,111461.94,227292.56,337514.5,35561.0,373075.5
2022-09,Batangas,50,33,36,0,283.0,60985.2,128534.56,189499.76,0.0,189499.76
2022-09,Camarines Norte,7,7,7,0,120.0,25122.0,38662.0,63784.0,5600.0,69384.0
2022-09,Camarines Sur,10,7,7,0,164.0,15439.72,24754.28,40194.0,0.0,40194.0
2022-09,Cavite,10,10,6,0,104.0,13363.04,29900.62,43263.66,0.0,43263.66
2022-09,Marinduque,11,9,6,0,87.0,38720.42,52459.58,91180.0,17550.0,108730.0
2022-09,Quezon,59,27,35,0,748.0,152968.57,342428.68,495397.25,32702.0,528099.25
2022-10,Batangas,52,35,36,0,515.0,148814.12,238361.88,387176.0,0.0,387176.0
2022-10,Camarines Norte,17,8,17,0,214.0,48110.0,67590.0,115700.0,0.0,115700.0
2022-10,Camarines Sur,10,8,4,0,103.0,19970.7,39919.3,59890.0,0.0,59890.0
2022-10,Cavite,29,23,26,0,213.0,42969.03,83425.19,126394.22,0.0,126394.22
2022-10,Marinduque,22,19,8,0,685.0,75899.32,114098.68,189998.0,4620.0,194618.0
2022-10,Quezon,45,24,32,0,409.63,74955.15,136218.05,211173.2,35011.0,246184.2
2022-11,Batangas,38,18,30,0,153.0,68118.94,178173.06,246292.0,0.0,246292.0
2022-11,Camarines Norte,2,2,2,0,32.0,9730.0,8170.0,17900.0,0.0,17900.0
2022-11,Cavite,16,14,10,0,134.0,11702.5,42797.5,54500.0,0.0,54500.0
2022-11,Marinduque,6,6,4,0,118.0,30640.0,48090.0,78730.0,19860.0,98590.0
2022-11,Quezon,42,24,32,0,417.0,93906.35,170556.65,264463.0,36333.0,300796.0
2022-12,Batangas,35,18,28,0,170.0,74152.6,173495.4,247648.0,0.0,247648.0
2022-12,Camarines Norte,10,4,10,0,270.0,51128.3,72389.7,123518.0,5600.0,129118.0
2022-12,Camarines Sur,7,7,4,0,107.0,18006.0,43429.0,61435.0,0.0,61435.0
2022-12,Cavite,7,7,4,0,134.0,12476.52,23412.61,35889.13,0.0,35889.13
2022-12,Marinduque,6,6,3,0,1941.0,372551.84,452843.16,825395.0,0.0,825395.0
2022-12,Quezon,47,24,28,0,785.0,162169.27,381736.73,543906.0,50623.0,594529.0
2023-01,Batangas,27,21,14,0,222.0,49596.7,99833.3,149430.0,0.0,149430.0
2023-01,Camarines Norte,5,4,5,0,64.0,18220.0,36150.0,54370.0,3875.0,58245.0
2023-01,Camarines Sur,5,4,4,0,122.0,18795.2,45204.8,64000.0,0.0,64000.0
2023-01,Cavite,1,1,1,0,2.0,660.0,1860.0,2520.0,0.0,2520.0
2023-01,Marinduque,25,24,8,0,3459.0,373566.0,530888.7,837631.7,23376.3,861008.0
2023-01,Quezon,42,28,31,0,465.0,95937.33,204297.17,300234.5,28709.5,328944.0
2023-02,Batangas,29,24,16,0,260.0,44736.67,88775.93,133512.6,0.0,133512.6
2023-02,Camarines Norte,7,5,7,0,47.39,9510.6,27630.4,37141.0,0.0,37141.0
2023-02,Camarines Sur,18,18,18,0,67.2,10098.55,39716.45,46611.0,0.0,46611.0
2023-02,Cavite,1,1,1,0,2.0,660.0,1500.0,2160.0,0.0,2160.0
2023-02,Marinduque,10,8,6,0,123.0,21339.66,35073.74,56413.4,9828.6,66242.0
2023-02,Quezon,26,18,22,0,148.5,48530.38,70778.12,119308.5,21446.5,140755.0
2023-03,Batangas,56,43,31,0,534.4,70446.06,151124.9,220250.96,0.0,220250.96
2023-03,Marinduque,6,6,5,0,123.0,40270.0,59375.0,99645.0,17460.0,117105.0
2023-03,Quezon,38,26,26,0,462.0,102442.52,217205.48,319648.0,25985.0,345633.0
2023-04,Batangas,41,31,28,0,213.1,63972.84,123410.21,187383.05,0.0,187383.05
2023-04,Camarines Sur,1,1,1,0,5.0,3075.0,2425.0,5500.0,0.0,5500.0
2023-04,Cavite,7,7,4,0,54.0,14892.96,48717.04,63610.0,0.0,63610.0
2023-04,Laguna,1,1,1,0,2.0,3744.0,5856.0,9600.0,0.0,9600.0
2023-04,Marinduque,7,6,5,0,111.0,21408.84,27926.56,49335.4,7071.6,56407.0
2023-04,Quezon,49,33,34,0,535.3,79025.5,114359.4,192784.5,26215.5,219000.0
2023-05,Batangas,62,43,36,0,287.0,95835.07,208267.93,304103.0,0.0,304103.0
2023-05,Marinduque,2,2,1,0,24.0,1308.0,1752.0,3060.0,1020.0,4080.0
2023-05,Quezon,72,43,46,0,921.0,238240.89,496548.41,734789.3,36230.7,771020.0
2023-06,Batangas,213,164,47,0,3367.4,663129.73,762584.43,317956.12,0.0,317956.12
2023-06,Camarines Norte,25,25,1,0,954.49,436898.0,436898.0,0.0,0.0,0.0
2023-06,Camarines Sur,26,26,1,0,222.8,41095.49,41095.49,0.0,0.0,0.0
2023-06,Cavite,66,66,1,0,910.3,271107.05,271107.05,0.0,0.0,0.0
2023-06,Laguna,4,4,1,0,33.75,92438.0,92438.0,0.0,0.0,0.0
2023-06,Marinduque,5,5,4,0,86.0,27401.92,28568.08,55970.0,22446.0,78416.0
2023-06,Quezon,225,172,40,0,6069.03,1803051.38,1950107.84,479987.66,53944.74,533932.4
2023-07,Batangas,105,47,72,0,606.0,167061.69,352617.51,519679.2,0.0,519679.2
2023-07,Camarines Norte,7,4,7,0,42.3,31110.0,51677.5,82787.5,4912.5,87700.0
2023-07,Laguna,1,1,1,0,2.0,3744.0,5856.0,9600.0,0.0,9600.0
2023-07,Marinduque,3,2,3,0,75.0,10415.52,15684.48,26100.0,0.0,26100.0
2023-07,Quezon,56,36,37,0,565.0,115142.79,214761.91,329904.7,45884.8,375789.5
2023-08,Batangas,68,38,33,0,388.0,85237.6,170452.4,255690.0,0.0,255690.0
2023-08,Cavite,2,2,2,0,12.0,1806.6,2853.4,4660.0,0.0,4660.0
2023-08,Quezon,61,41,38,0,571.0,136118.38,232296.72,368415.1,42885.4,411300.5
2023-09,Batangas,47,27,30,0,234.0,129582.32,118123.68,247706.0,0.0,247706.0
2023-09,Marinduque,8,5,5,0,131.0,48195.96,75181.04,123377.0,21153.0,144530.0
2023-09,Quezon,52,37,32,0,405.0,149147.24,215735.36,364882.6,33081.4,397964.0
2023-10,Batangas,76,56,36,0,554.2,111600.1,213535.9,325136.0,0.0,325136.0
2023-10,Camarines Norte,1,1,1,0,24.0,1560.0,696.0,2256.0,0.0,2256.0
2023-10,Laguna,2,2,2,0,5.0,14469.0,11631.0,26100.0,0.0,26100.0
2023-10,Quezon,66,51,49,0,686.0,172995.5,419617.1,592612.6,44143.8,636756.4
2023-11,Batangas,104,67,55,0,712.2,162291.78,343821.98,478113.76,0.0,478113.76
2023-11,Camarines Norte,2,2,2,0,13.19,1018.0,705.0,1723.0,0.0,1723.0
2023-11,Cavite,1,1,1,0,3.0,570.0,1320.0,1890.0,0.0,1890.0
2023-11,Quezon,75,51,47,0,921.0,202265.98,356762.47,559028.45,55736.4,614764.85
2023-12,Batangas,39,24,24,0,268.0,61701.48,120871.52,182573.0,0.0,182573.0
2023-12,Marinduque,10,7,7,0,97.0,33276.6,50420.4,83697.0,15546.0,99243.0
2023-12,Quezon,13,13,8,0,128.0,45371.33,95356.67,140728.0,8712.0,149440.0
2024-01,Batangas,86,61,30,0,669.57,110143.03,244574.97,354718.0,1692.6,356410.6
2024-01,Marinduque,20,12,12,0,246.0,66007.6,122746.08,188753.68,168.0,188921.68
2024-01,Quezon,35,26,25,0,387.0,101360.76,244317.74,314728.5,26863.5,341592.0
2024-02,Batangas,106,41,52,0,529.0,168833.42,387055.88,555889.3,2284.0,558173.3
2024-02,Marinduque,1,1,1,0,10.0,3250.0,2000.0,5250.0,2250.0,7500.0
2024-02,Quezon,38,29,20,0,626.0,89606.25,254319.75,343926.0,16975.0,360901.0
2024-03,Batangas,44,31,22,0,283.0,71283.7,172720.85,244004.55,0.0,244004.55
2024-03,Quezon,44,32,30,0,529.0,111194.55,195054.45,306249.0,49989.0,356238.0
2024-04,Batangas,71,39,35,0,448.0,118848.48,262406.92,381255.4,1782.0,383037.4
2024-04,Marinduque,6,5,5,0,31.0,15430.0,36576.0,52006.0,2124.0,54130.0
2024-04,Quezon,14,13,9,0,172.0,30120.0,77341.5,107461.5,2458.5,109920.0
2024-05,Batangas,58,30,28,0,391.0,87320.72,180588.78,267909.5,2720.0,270629.5
2024-05,Marinduque,10,9,5,0,65.0,23575.0,45701.0,69276.0,3954.0,73230.0
2024-05,Quezon,63,36,38,0,810.5,157391.25,404437.62,561828.87,29344.63,591173.5
2024-06,Batangas,60,43,24,0,436.0,103061.4,227605.9,330667.3,610.0,331277.3
2024-06,Marinduque,9,7,7,0,154.0,20498.88,34380.4,54879.28,768.0,55647.28
2024-06,Quezon,30,25,17,0,491.0,102910.82,185632.93,288543.75,17035.5,305579.25
2024-07,Batangas,42,25,22,0,240.0,76465.3,188680.7,265146.0,305.0,265451.0
2024-07,Marinduque,4,4,3,0,36.0,8885.92,7884.08,16770.0,3330.0,20100.0
2024-07,Quezon,36,25,27,0,329.0,58834.18,66503.82,125281.0,28518.0,153799.0
2024-08,Batangas,50,35,23,0,306.0,77995.2,167101.8,245097.0,3028.5,248125.5
2024-08,Marinduque,1,1,1,0,50.0,9250.0,23100.0,32350.0,0.0,32350.0
2024-08,Quezon,33,25,22,0,319.0,51612.0,124614.0,176226.0,14271.5,190497.5
2024-09,Batangas,49,30,21,0,262.0,80811.55,178340.2,259151.75,753.5,259905.25
2024-09,Marinduque,17,11,14,0,298.0,82122.75,123311.8,205434.55,37141.95,242576.5
2024-09,Quezon,35,22,27,0,317.0,54877.0,124962.16,179839.16,11791.24,191630.4
2024-10,Batangas,36,24,13,0,372.0,49323.82,103486.58,152810.4,731.1,153541.5
2024-10,Quezon,35,23,21,0,348.5,59217.53,109502.97,168720.5,17786.5,186507.0
2024-11,Batangas,74,42,32,0,408.0,90580.8,212874.45,303455.25,2537.25,305992.5
2024-11,Quezon,46,33,32,0,629.0,106890.82,232654.18,339545.0,28496.0,368041.0
2024-12,Batangas,43,27,22,0,238.0,72895.99,162134.01,235030.0,1339.0,236369.0
2024-12,Quezon,43,33,22,0,463.0,116038.3,273839.2,389877.5,31233.5,421111.0
2025-01,Batangas,49,23,28,0,286.0,97025.42,223305.98,320331.4,4234.6,324566.0
2025-01,Quezon,50,38,31,0,752.0,197141.12,410361.98,607503.1,23573.9,631077.0
2025-02,Batangas,68,36,32,0,413.0,132665.76,264241.74,396907.5,4510.5,401418.0
2025-02,Marinduque,12,10,5,0,162.0,46226.76,80739.24,126966.0,23970.0,150936.0
2025-02,Quezon,36,27,19,0,386.0,75013.72,143275.28,218289.0,23695.0,241984.0
2025-03,Batangas,56,30,24,0,358.0,96562.55,211500.45,308063.0,1826.5,309889.5
2025-03,Marinduque,2,2,2,0,39.0,6133.1,6998.9,13132.0,2828.0,15960.0
2025-03,Quezon,43,35,26,0,516.0,74835.05,127255.06,202090.11,20098.6,222188.71
2025-04,Batangas,52,23,29,0,311.0,97763.12,218935.78,316698.9,3841.1,320540.0
2025-04,Marinduque,2,2,1,0,4.0,2290.0,2666.0,4956.0,2124.0,7080.0
2025-04,Quezon,36,30,27,0,532.0,106706.43,152750.07,259456.5,20137.5,279594.0
2025-05,Batangas,31,20,14,0,170.0,51821.26,115542.74,167364.0,2256.0,169620.0
2025-05,Marinduque,7,5,4,0,69.0,12674.0,25521.0,38195.0,3648.0,41843.0
2025-05,Quezon,34,24,22,0,461.0,113881.94,203064.46,316946.4,17362.0,334308.4
2025-06,Batangas,87,47,31,0,740.97,179820.03,297379.68,477199.71,4873.3,482073.01
2025-06,Marinduque,6,4,4,0,140.0,21096.0,28554.0,49650.0,6930.0,56580.0
2025-06,Quezon,37,26,29,0,575.5,102295.1,189857.7,292152.8,23433.2,315586.0
2025-07,Batangas,44,22,18,0,255.0,68764.34,153651.16,222415.5,3459.5,225875.0
2025-07,Marinduque,17,13,9,8,176.5452,361342.62,301212.71,662555.32,3948.0,666503.32
2025-07,Quezon,40,32,24,0,561.0,147407.81,326321.29,473729.1,19535.9,493265.0
2025-08,Batangas,52,20,28,0,303.0,98169.62,228386.38,326556.0,3851.0,330407.0
2025-08,Marinduque,6,5,3,0,34.0,21005.0,28149.0,49154.0,4776.0,53930.0
2025-08,Quezon,33,26,23,0,411.0,96874.35,190036.65,286911.0,23575.0,310486.0
2025-09,Batangas,55,36,25,0,292.0,84126.41,209235.59,293362.0,2525.0,295887.0
2025-09,Quezon,54,33,34,0,709.5,113003.59,196420.41,309424.0,21516.0,330940.0
2025-10,Batangas,50,23,22,0,312.0,86019.92,186537.98,272557.9,4524.1,277082.0
2025-10,Marinduque,9,8,5,5,50.0,182738.24,116166.76,298905.0,9722.0,308627.0
2025-10,Quezon,55,32,42,0,745.0,147648.18,285705.92,433354.1,42564.9,475919.0
2025-11,Batangas,41,21,21,0,285.0,68414.76,146470.74,214885.5,2899.5,217785.0
2025-11,Quezon,33,21,26,0,339.0,60406.64,86823.36,147230.0,20582.0,167812.0
2025-12,Batangas,39,34,15,0,237.0,56692.25,122068.25,178760.5,1967.5,180728.0
2025-12,Quezon,28,18,22,0,369.0,54754.6,59244.2,113998.8,25654.6,139653.4
2047-11,Laguna,1,1,1,0,2.0,1300.0,6700.0,0.0,0.0,8000.0
