allocation_number,area_label,original_area,original_product,embedded_area_amount,source_workbook,source_row_number,dr_number,date_delivered,original_quality_status,allocation_profile_level,allocation_profile_rows,allocation_profile_products,child_count,child_quantity_total,child_net_cost_total,child_total_trade_price_total,child_net_income_total
1,Pagbilao,Government,"PAGBILAO # 11,077.00",11077,2024s.csv,2662,DR-RT0686,2024-02-07,valid,same_area_same_channel_prior_3y,594,373,5,1,10997,6455,4542
2,Pagbilao,Government,"PAGBILAO # 31,350.00",31350,2024s.csv,2654,DR-RT0685,2024-02-07,valid,same_area_same_channel_prior_3y,594,373,5,1,31229.999999999996,15649.2,15580.800000000001
3,Pagbilao,Government,"PAGBILAO # 8,930.00",8930,2024s.csv,2652,DR-RT0684,2024-02-07,valid,same_area_same_channel_prior_3y,594,373,5,0.9999999999999999,8830,4811,4019
4,Pagbilao,Government,"PAGBILAO # 43,790.00",43790,2024s.csv,2676,DR-RT0737,2024-02-08,valid,same_area_same_channel_prior_3y,594,373,5,1,43790,25501.72,18288.28
5,Pagbilao,Government,"PAGBILAO # 46,930.00",46930,2024s.csv,2679,DR-RT0734,2024-02-08,warning,same_area_same_channel_prior_3y,594,373,5,1,14690.25,30936,16245.75
6,Pagbilao,Government,"PAGBILAO # 21,950.00",21950,2024s.csv,2765,DR-RT0826,2024-02-10,valid,same_area_same_channel_prior_3y,594,373,5,1,21791,14325,7466
7,Pagbilao,Government,"PAGBILAO # 85,000.00",85000,2024s.csv,2764,DR-RT0900,2024-02-10,valid,same_area_same_channel_prior_3y,594,373,5,1,84850,23000,61850.00000000001
8,QMC,Hospital,"QMC # 162,922.00",162922,2024s.csv,2389,DR-RT0880,2024-02-10,valid,same_area_prior_3y,1962,400,5,1,161999.8,92220,69779.8
9,Pagbilao,Government,"PAGBILAO # 80,216.00 LOT 4",80216,2024s.csv,2591,DR-RT0592,2024-04-26,valid,same_area_same_channel_prior_3y,638,404,5,1,79967.5,47295,32672.500000000004
10,Pagbilao,Government,"PAGBILAO #246,628.00",246628,2024s.csv,2623,DR-RT0643,2024-05-06,valid,same_area_same_channel_prior_3y,638,404,5,1,24500,128293.99999999999,103794
11,Pagbilao,Government,"PAGBILAO # 34,405.00",34405,2024s.csv,2655,DR-RT0688,2024-05-07,valid,same_area_same_channel_prior_3y,638,404,5,0.9999999999999999,35890,22178.000000000004,13712
12,Pagbilao,Government,"PAGBILAO # 42,960.00",42960,2024s.csv,2675,DR-RT0744,2024-05-08,valid,same_area_same_channel_prior_3y,638,404,5,1,42651,20550,22101
13,Pagbilao,Government,"PAGBILAO # 43,240.00",43240,2024s.csv,2673,DR-RT0738,2024-05-08,valid,same_area_same_channel_prior_3y,638,404,5,1,28636.5,21762.17,6874.330000000002
14,Pagbilao,Government,"PAGBILAO # 20,695.00",20695,2024s.csv,2725,DR-RT0742,2024-05-09,valid,same_area_same_channel_prior_3y,638,404,5,0.9999999999999999,18815.25,14541.2,4274.05
15,QMC,Hospital,"QMC # 64,459.00",64459,2024s.csv,2242,DR-RT0787,2024-05-09,valid,same_area_prior_3y,2162,547,5,1,64399.999999999985,33771,30629.000000000004
16,Pagbilao,Government,"PAGBILAO # 61,024.00 LOT 14",61024,2024s.csv,2612,DR-RT0606,2024-05-14,valid,same_area_same_channel_prior_3y,638,404,5,0.9999999999999999,26000.000000000004,30096.500000000004,4096.5
17,Pagbilao,Government,"PAGBILAO # 154,415.00 LOT 15",154415,2024s.csv,2615,DR-RT0609,2024-05-16,valid,same_area_same_channel_prior_3y,638,404,5,1,21910,70452.75,48542.75
18,Pagbilao,Government,"PAGBILAO # 124,234.25",124234.25,2024s.csv,2620,DR-RT0600,2024-05-20,valid,same_area_same_channel_prior_3y,638,404,5,1,70794,76895.34999999999,6101.35
19,Padre Burgos,Government,"PADRE BURGOS # 74,500.00",74500,2024s.csv,2619,DR-RT0631,2024-05-23,valid,same_area_same_channel_prior_3y,638,404,5,1,74380,50889,23491
20,Pagbilao,Government,"PAGBILAO # 80,000.00",80000,2024s.csv,2627,DR-RT0633-0634,2024-05-24,valid,same_area_same_channel_prior_3y,638,404,5,0.9999999999999999,79900,62244,17656
21,Pagbilao,Government,"PAGBILAO # 63,225.00",63225,2024s.csv,2626,DR-RT0632,2024-05-28,valid,same_area_same_channel_prior_3y,638,404,5,1,63150,35299,27851
22,Pagbilao,Government,"PAGBILAO # 500,000.00",500000,2024s.csv,2628,DR-RT0646,2024-06-06,valid,same_area_same_channel_prior_3y,638,404,5,0.9999999999999999,43200,226726,183526
23,Pagbilao,Government,"PAGBILAO # 30,250.00",30250,2024s.csv,2751,DR-RT0790,2024-06-09,valid,same_area_same_channel_prior_3y,638,404,5,1,28628.5,17875,10753.5
24,Pagbilao,Government,"PAGBILAO # 449,000.00",449000,2024s.csv,2755,DR-RT0791,2024-06-09,valid,same_area_same_channel_prior_3y,638,404,5,1,314300,208223.75,106076.25
25,Pagbilao,Government,"PAGBILAO # 34,405.00",34405,2024s.csv,2634,DR-RT0670,2024-06-21,valid,same_area_same_channel_prior_3y,639,405,5,1,14475,22178,7703
26,Pagbilao,Government,"PAGBILAO # 69,660.00",69660,2024s.csv,2637,DR-RT0678,2024-06-21,valid,same_area_same_channel_prior_3y,639,405,5,1,47520,37764.5,9755.5
27,Pagbilao,Government,"PAGBILAO # 83,090.00",83090,2024s.csv,2640,DR-RT0675,2024-06-21,valid,same_area_same_channel_prior_3y,639,405,5,1,37590,49399,11809
28,Pagbilao,Government,"PAGBILAO # 17,220.00",17220,2024s.csv,2651,DR-RT0635,2024-06-24,valid,same_area_same_channel_prior_3y,641,407,5,1,17046,11514,5532
29,Provincial Tourism Office,Government,"PROVINCIAL TOURISM OFFICE # 306,000.00",306000,2024s.csv,2687,DR-RT0682,2024-06-24,valid,same_area_same_channel_prior_3y,641,407,5,1,305800,202592.5,103207.5
30,Provincial Tourism Office,Government,"PROVINCIAL TOURISM OFFICE # 71,500.00",71500,2024s.csv,2688,DR-RT0699,2024-06-24,valid,same_area_same_channel_prior_3y,641,407,5,1,71000,47037.5,23962.500000000004
31,Pagbilao,Government,"PAGBILAO # 102,060.00",102060,2024s.csv,2653,DR-RT0683,2024-06-25,valid,same_area_same_channel_prior_3y,641,407,5,1.0000000000000002,101749.99999999999,60566.2,41183.799999999996
32,Pagbilao,Government,"PAGBILAO # 37,143.00 LOT 6",37143,2024s.csv,2593,DR-RT0619,2024-07-05,valid,same_area_same_channel_prior_3y,641,407,5,1,23621,20506.25,3114.75
33,Pagbilao,Government,"PAGBILAO # 5,511 LOT 5",5511,2024s.csv,2592,DR-RT0593,2024-07-05,valid,same_area_same_channel_prior_3y,641,407,5,1,5441,2210.25,3230.75
34,Pagbilao,Government,"PAGBILAO # 55,000 LOT 2",55000,2024s.csv,2586,DR-RT0604,2024-07-05,valid,same_area_same_channel_prior_3y,641,407,5,1,39800,22400,17400
35,Pagbilao,Government,"PAGBILAO # 731,538.00 LOT 7",731538,2024s.csv,2596,DR-RT0596,2024-07-05,valid,same_area_same_channel_prior_3y,641,407,5,1,726900,232232.6,494667.4
36,Pagbilao,Government,"PAGBILAO # 88,528.00 LOT 3",88528,2024s.csv,2588,DR-RT0597,2024-07-05,valid,same_area_same_channel_prior_3y,641,407,5,1,47751,48330.5,579.5000000000001
37,Pagbilao,Government,"PAGBILAO # 16,620.00 -1",16620,2024s.csv,2689,DR-RT0745,2024-07-08,valid,same_area_same_channel_prior_3y,641,407,5,1,16551,13077,3474
38,Pagbilao,Government,"PAGBILAO # 10,000.00 -0.3",10000,2024s.csv,2766,DR-RT0835,2024-07-10,valid,same_area_same_channel_prior_3y,641,407,5,1,9900,5890.5,4009.499999999999
39,Pagbilao,Government,"PAGBILAO # 5,166.00",5166,2024s.csv,2661,DR-RT0713,2024-07-16,valid,same_area_same_channel_prior_3y,641,407,5,0.9999999999999999,5125.75,2952.9799999999996,2172.77
40,Pagbilao,Government,"PAGBILAO # 16,223.00",16223,2024s.csv,2658,DR-RT0707,2024-07-22,valid,same_area_same_channel_prior_3y,641,407,5,1,13363.000000000002,5530,7833
41,Pagbilao,Government,"PAGBILAO # 35,796.00",35796,2024s.csv,2663,DR-RT0709,2024-07-22,valid,same_area_same_channel_prior_3y,641,407,5,1,35645.25,29219.249999999996,6426
42,Provincial Tourism Office,Government,"PROVINCIAL TOURISM OFFICE # 769,210.00",769210,2024s.csv,2690,DR-RT0716,2024-07-29,valid,same_area_same_channel_prior_3y,642,408,5,1,313390,509462.5,196072.5
43,Pagbilao,Government,"PAGBILAO # 16,930.00",16930,2024s.csv,2670,DR-RT0728,2024-07-31,valid,same_area_same_channel_prior_3y,642,408,5,1,16880,11994.999999999998,4885
44,Pagbilao,Government,"PAGBILAO # 179,894.00",179894,2024s.csv,2671,DR-RT0732,2024-07-31,valid,same_area_same_channel_prior_3y,642,408,5,1,97280,117350.00000000001,20070
45,Pagbilao,Government,"PAGBILAO # 21,787.00",21787,2024s.csv,2664,DR-RT0729,2024-07-31,valid,same_area_same_channel_prior_3y,642,408,5,1,16058,12018,4040.0000000000005
46,Pagbilao,Government,"PAGBILAO # 258,380.00",258380,2024s.csv,2677,DR-RT0722,2024-07-31,valid,same_area_same_channel_prior_3y,642,408,5,1,151200,127165.5,24034.5
47,Pagbilao,Government,"PAGBILAO # 56,546.00",56546,2024s.csv,2668,DR-RT0725,2024-07-31,warning,same_area_same_channel_prior_3y,642,408,5,1,20056,41156,21100
48,Pagbilao,Government,"PAGBILAO # 6,210.00",6210,2024s.csv,2667,DR-RT0727,2024-07-31,valid,same_area_same_channel_prior_3y,642,408,5,1,6115,4592,1523
49,Pagbilao,Government,"PAGBILAO # 17,785.00 LOT 8",17785,2024s.csv,2597,DR-RT0575,2024-08-04,valid,same_area_same_channel_prior_3y,642,408,5,1,17636.25,11500,6136.25
50,Pagbilao,Government,"PAGBILAO # 231,000.00 LOT 9",231000,2024s.csv,2603,DR-RT0624,2024-08-05,valid,same_area_same_channel_prior_3y,642,408,5,0.9999999999999999,230250,156000,74250
51,Pagbilao,Government,"PAGBILAO # 200,000.00 -1",200000,2024s.csv,2753,DR-RT0801,2024-08-14,valid,same_area_same_channel_prior_3y,642,408,5,1,149850,130800,19050
52,QMC,Hospital,"QMC # 27,190.00",27190,2024s.csv,2202,DR-RT0714,2024-08-15,valid,same_area_prior_3y,2316,587,5,1,27150,14378,12772
53,Pagbilao,Government,"PAGBILAO # 10,000.00 -0.1",10000,2024s.csv,2719,DR-RT0748,2024-08-16,valid,same_area_same_channel_prior_3y,642,408,5,1,9925,6575.3099999999995,3349.6900000000005
54,Pagbilao,Government,"PAGBILAO # 10,000.00 -0.2",10000,2024s.csv,2720,DR-RT0762,2024-08-16,valid,same_area_same_channel_prior_3y,642,408,5,1,9790,6485.879999999999,3304.12
55,Pagbilao,Government,"PAGBILAO # 200,000.00",200000,2024s.csv,2722,DR-RT0765,2024-08-16,valid,same_area_same_channel_prior_3y,642,408,5,1,199800.00000000003,132367.5,67432.5
56,Pagbilao,Government,"PAGBILAO # 275,000.00",275000,2024s.csv,2714,DR-RT0774,2024-08-16,warning,same_area_same_channel_prior_3y,642,408,5,1,67550,182071.56,114521.56
57,Pagbilao,Government,PAGBILAO # 3000.00,3000,2024s.csv,2721,DR-RT0764,2024-08-16,valid,same_area_same_channel_prior_3y,642,408,5,1,1985.51,1985.51,0
58,Pagbilao,Government,"PAGBILAO # 325,000.00",325000,2024s.csv,2708,DR-RT0768,2024-08-16,valid,same_area_same_channel_prior_3y,642,408,5,1,45990,215166.75,169176.75000000003
59,Pagbilao,Government,"PAGBILAO # 390,100.00",390100,2024s.csv,2706,DR-RT0766,2024-08-16,valid,same_area_same_channel_prior_3y,642,408,5,1,317500,258341.88,59158.119999999995
60,Pagbilao,Government,PAGBILAO # 5000.00,5000,2024s.csv,2705,DR-RT0763,2024-08-16,valid,same_area_same_channel_prior_3y,642,408,5,1,4995,3309.19,1685.81
61,Pagbilao,Government,"PAGBILAO # 46,000.00",46000,2024s.csv,2724,DR-DAI0001,2024-08-28,valid,same_area_prior_3y,4127,1806,5,1,45800,35600,10200
62,Pagbilao,Government,"PAGBILAO # 2,422,600.00",2422600,2024s.csv,2835,DR-RT0697,2024-09-07,valid,same_area_same_channel_prior_3y,638,404,5,1,783575,1150432.5,366857.5
63,Pagbilao,Government,"PAGBILAO # 45,500.00",45500,2024s.csv,2767,DR-RT0837,2024-09-10,valid,same_area_same_channel_prior_3y,638,404,5,1,45110,26840.45,18269.55
64,Pagbilao,Government,"PAGBILAO # 67,060.00",67060,2024s.csv,2760,DR-RT0808,2024-09-18,valid,same_area_same_channel_prior_3y,638,404,5,1,66872.5,44976,21896.5
65,Pagbilao,Government,"PAGBILAO # 18,785.00",18785,2024s.csv,2758,DR-RT0869,2024-09-20,valid,same_area_same_channel_prior_3y,638,404,5,1,18755,11159.23,7595.7699999999995
66,Pagbilao,Government,"PAGBILAO # 21,156.00",21156,2024s.csv,2757,DR-RT0814,2024-09-20,valid,same_area_same_channel_prior_3y,638,404,5,0.9999999999999999,20919,12446.81,8472.189999999999
67,Pagbilao,Government,PAGBILAO # 5000.00-1,5000,2024s.csv,2756,DR-RT0812,2024-09-20,valid,same_area_same_channel_prior_3y,638,404,5,1,4990,2969.0499999999997,2020.95
68,Pagbilao,Government,"PAGBILAO # 71,155.00",71155,2024s.csv,2759,DR-RT0815,2024-09-20,valid,same_area_same_channel_prior_3y,638,404,5,1,70948.75,42214.509999999995,28734.240000000005
69,Pagbilao,Government,"PAGBILAO # 239,771.40 LOT 10",239771.4,2024s.csv,2604,DR-RT0614,2024-10-05,valid,same_area_same_channel_prior_3y,638,404,5,1,70535,137005.19999999998,66470.20000000001
70,Pagbilao,Government,"PAGBILAO # 240,000.00 LOT 12",240000,2024s.csv,2610,DR-RT0627-0628,2024-10-05,valid,same_area_same_channel_prior_3y,638,404,5,1,239000,111700,127300
71,Pagbilao,Government,"PAGBILAO # 41,850.00 LOT 13",41850,2024s.csv,2611,DR-RT0625,2024-10-05,valid,same_area_same_channel_prior_3y,638,404,5,1,41242.5,21384,19858.5
72,QMC,Hospital,"QMC # 49,855.00",49855,2024s.csv,2186,DR-RT0664,2024-10-06,valid,same_area_prior_3y,2326,602,5,1,45912.5,33634,12278.5
73,QMC,Hospital,"QMC # 268,979.00",268979,2024s.csv,2243,DR-RT0792,2024-10-09,warning,same_area_prior_3y,2329,604,5,0.9999999999999999,82230,196367,114137
74,Pagbilao,Government,"PAGBILAO # 75,000.00",75000,2024s.csv,2831,DR-RT0749,2024-10-10,valid,same_area_same_channel_prior_3y,638,404,5,1,74750,50000,24750
75,Pagbilao,Government,"PAGBILAO # 37,500.00",37500,2024s.csv,2834,DR-RT0850,2024-10-16,valid,same_area_same_channel_prior_3y,638,404,5,1,37350,22223.249999999996,15126.75
76,Pagbilao,Government,"PAGBILAO # 69,000.00",69000,2024s.csv,2828,DR-RT0851,2024-10-16,valid,same_area_same_channel_prior_3y,638,404,5,1,21260,40913.990000000005,19653.99
77,Pagbilao,Government,"PAGBILAO # 7,500.00",7500,2024s.csv,2832,DR-RT0849,2024-10-16,valid,same_area_same_channel_prior_3y,638,404,5,1,7400.000000000001,5999.999999999999,1400
78,Pagbilao,Government,"PAGBILAO # 84,000.00",84000,2024s.csv,2833,DR-RT0854,2024-10-16,valid,same_area_same_channel_prior_3y,638,404,5,1,83920,49932.4,33987.600000000006
79,Pagbilao,Government,"PAGBILAO # 93,792.00",93792,2024s.csv,2769,DR-RT0856,2024-10-16,warning,same_area_same_channel_prior_3y,638,404,5,1,23420,55332.03,31912.030000000002
80,QMC,Hospital,"QMC # 799,200.00",799200,2024s.csv,2371,DR-RT0846,2024-10-16,valid,same_area_prior_3y,2336,604,5,1,796815,571140,225675
81,Pagbilao,Government,"PAGBILAO # 19,000.00",19000,2024s.csv,2768,DR-RT0858,2024-10-17,valid,same_area_same_channel_prior_3y,638,404,5,1,18844,11212.18,7631.82
82,Pagbilao,Government,"PAGBILAO # 37,260.00",37260,2024s.csv,2839,DR-RT0883,2024-10-22,valid,same_area_same_channel_prior_3y,638,404,5,1,36915,21964.43,14950.57
83,QMC,Hospital,"QMC # 201,300.00",201300,2024s.csv,2478,DR-RT0871,2024-10-24,valid,same_area_prior_3y,2326,605,5,1,200780,157200,43580
84,Pagbilao,Government,"PAGBILAO # 51,261.00 LOT 1",51261,2024s.csv,2562,DR-RT0576/0577/0578/0579,2024-11-04,valid,same_area_same_channel_prior_3y,633,399,5,1,51160,29427.049999999996,21732.949999999997
85,Pagbilao,Government,"PAGBILAO # 28,000",28000,2024s.csv,2633,DR-RT0653,2024-11-06,valid,same_area_same_channel_prior_3y,633,399,5,1,27840,16500,11340
86,Pagbilao,Government,"PAGBILAO # 90,240.00",90240,2024s.csv,2632,DR-MS02651,2024-11-06,valid,same_area_same_channel_prior_3y,3308,1395,5,1,90100,59691.25,30408.749999999996
87,Pagbilao,Government,"PAGBILAO # 112,990.00",112990,2024s.csv,2911,DR-RT0885,2024-11-11,valid,same_area_same_channel_prior_3y,633,399,5,0.9999999999999999,112738,67079.11,45658.89
88,Pagbilao,Government,"PAGBILAO # 19,000.00-0.1",19000,2024s.csv,2904,DR-RT0886,2024-11-11,valid,same_area_same_channel_prior_3y,633,399,5,1,18680,11114.6,7565.4
89,Pagbilao,Government,"PAGBILAO # 4,800.00",4800,2024s.csv,2905,DR-RT0887,2024-11-11,valid,same_area_same_channel_prior_3y,633,399,5,1,4740,2820.3,1919.7
90,Pagbilao,Government,"PAGBILAO # 31,075.00",31075,2024s.csv,2840,DR-RT0899,2024-11-13,valid,same_area_same_channel_prior_3y,633,399,5,1,30835,20425,10410
91,Pagbilao,Government,"PAGBILAO # 10,000.00-3",10000,2024s.csv,2901,DR-RT0906,2024-11-18,valid,same_area_same_channel_prior_3y,633,399,5,1,9950,5990.000000000001,3959.9999999999995
92,Pagbilao,Government,"PAGBILAO # 22,500.00",22500,2024s.csv,2903,DR-RT0907,2024-11-18,valid,same_area_same_channel_prior_3y,633,399,5,1,22310,13372.029999999999,8937.97
93,Pagbilao,Government,"PAGBILAO # 444,400.00",444400,2024s.csv,2902,DR-RT0905,2024-11-18,valid,same_area_same_channel_prior_3y,633,399,5,1,442287.99999999994,287400,154888
94,Pagbilao,Government,"PAGBILAO # 27,000.00",27000,2024s.csv,2915,DR-RT0918,2024-11-26,valid,same_area_same_channel_prior_3y,633,399,5,1,26865,14850,12015
95,Pagbilao,Government,"PAGBILAO # 90,730.00",90730,2024s.csv,2910,DR-RT0884,2024-11-26,valid,same_area_same_channel_prior_3y,633,399,5,1,90510,53853.450000000004,36656.55
96,Pagbilao,Government,"PAGBILAO # 102,000.00",102000,2024s.csv,2917,DR-RT0921,2024-11-28,valid,same_area_same_channel_prior_3y,633,399,5,1,101600,69000,32600
97,Pagbilao,Government,"PAGBILAO # 21,000.00",21000,2024s.csv,2916,DR-RT0422A,2024-11-28,valid,same_area_same_channel_prior_3y,633,399,5,1,20760,13799.999999999998,6960
98,Pagbilao,Government,"PAGBILAO # 11,000.00-03",11000,2024s.csv,2907,DR-RT0895,2024-12-11,valid,same_area_same_channel_prior_3y,634,400,5,1,10940,6509.299999999999,4430.700000000001
99,Pagbilao,Government,"PAGBILAO # 282,000.00",282000,2024s.csv,2912,DR-RT0890,2024-12-11,valid,same_area_same_channel_prior_3y,634,400,5,1,18695,165477.24,146782.24000000002
100,Pagbilao,Government,"PAGBILAO # 35,550.00",35550,2024s.csv,2908,DR-RT0897,2024-12-11,valid,same_area_same_channel_prior_3y,634,400,5,0.9999999999999999,35195,20941.03,14253.970000000001
101,Pagbilao,Government,"PAGBILAO # 40,000.00",40000,2024s.csv,2906,DR-RT0894,2024-12-11,valid,same_area_same_channel_prior_3y,634,400,5,1,39900,23740.500000000004,16159.5
102,Pagbilao,Government,"PAGBILAO # 6,000.00",6000,2024s.csv,2909,DR-RT0896,2024-12-11,valid,same_area_same_channel_prior_3y,634,400,5,1,5955,3543.2300000000005,2411.7700000000004
103,Pagbilao,Government,"PAGBILAO # 2,316,267",2316267,2024s.csv,2927,DR-RT0950,2024-12-13,valid,same_area_same_channel_prior_3y,634,400,5,1,2084640.3000000003,1660000,424640.30000000005
104,Pagbilao,Government,"PAGBILAO # 11,000",11000,2024s.csv,2851,DR-RT0934,2024-12-31,valid,same_area_same_channel_prior_3y,634,400,5,1,10960,6521.2,4438.8
105,Pagbilao,Government,"PAGBILAO # 16,000",16000,2024s.csv,2849,DR-RT0888,2024-12-31,valid,same_area_same_channel_prior_3y,634,400,5,1,5895,9353.400000000001,3458.4
106,Pagbilao,Government,"PAGBILAO # 16,620",16620,2024s.csv,2863,DR-RT0959,2024-12-31,valid,same_area_same_channel_prior_3y,634,400,5,1,16566,13077,3489
107,Pagbilao,Government,"PAGBILAO # 16,620-2",16620,2024s.csv,2864,DR-RT0958,2024-12-31,valid,same_area_same_channel_prior_3y,634,400,5,1,16575,13077,3498
108,Pagbilao,Government,"PAGBILAO # 17,000",17000,2024s.csv,2852,DR-RT0938,2024-12-31,valid,same_area_same_channel_prior_3y,634,400,5,1,16930,9463.42,7466.58
109,Pagbilao,Government,"PAGBILAO # 2,070,000",2070000,2024s.csv,2873,DR-RT0002003-2004,2024-12-31,valid,same_area_same_channel_prior_3y,634,400,5,1,2069000,1374000,695000.0000000001
110,Pagbilao,Government,"PAGBILAO # 27,738.60",27738.6,2024s.csv,2867,DR-RT0933,2024-12-31,valid,same_area_same_channel_prior_3y,634,400,5,1,27293,7547.349999999999,19745.65
111,Pagbilao,Government,"PAGBILAO # 298,999.7",298999.7,2024s.csv,2847,DR-RT0949,2024-12-31,valid,same_area_same_channel_prior_3y,634,400,5,1,203319.80000000002,134699.36,68620.44
112,Pagbilao,Government,"PAGBILAO # 3,658,000",3658000,2024s.csv,2876,DR-RT0872,2024-12-31,valid,same_area_same_channel_prior_3y,634,400,5,0.9999999999999999,764600,2459741.63,1695141.63
113,Pagbilao,Government,"PAGBILAO # 411,290",411290,2024s.csv,2870,DR-RT2009,2024-12-31,warning,same_area_same_channel_prior_3y,634,400,5,1,104995,213312.00000000003,108317
114,Pagbilao,Government,"PAGBILAO # 443,131.29",443131.29,2024s.csv,2853,DR-RT0939,2024-12-31,valid,same_area_same_channel_prior_3y,634,400,5,1,44132,263305.35,219173.35
115,Pagbilao,Government,"PAGBILAO # 47,375",47375,2024s.csv,2924,DR-RT0746,2024-12-31,valid,same_area_same_channel_prior_3y,634,400,5,1,46896.25,15725,31171.25
116,Pagbilao,Government,"PAGBILAO # 474,160",474160,2024s.csv,2875,DR-RT0002007-2008,2024-12-31,valid,same_area_same_channel_prior_3y,634,400,5,1,469000,415000,54000
117,Pagbilao,Government,"PAGBILAO # 6,334,470",6334470,2024s.csv,2874,DR-RT0002005-2006,2024-12-31,valid,same_area_same_channel_prior_3y,634,400,5,1,6333000,3149999.9999999995,3183000
118,Pagbilao,Government,"PAGBILAO # 6,475",6475,2024s.csv,2926,DR-RT0923,2024-12-31,valid,same_area_same_channel_prior_3y,634,400,5,1,6400,4455,1945
119,Pagbilao,Government,"PAGBILAO # 66,564.5",66564.5,2024s.csv,2865,DR-RT0002001,2024-12-31,valid,same_area_same_channel_prior_3y,634,400,5,1,7247,44374,37127
120,Pagbilao,Government,"PAGBILAO # A- 11,000",11000,2024s.csv,2925,DR-RT0747,2024-12-31,valid,same_area_same_channel_prior_3y,634,400,5,1,10770,5327,5443
121,Pagbilao,Government,"PAGBILAO #65,520",65520,2024s.csv,2848,DR-RT0893,2024-12-31,valid,same_area_same_channel_prior_3y,634,400,5,0.9999999999999999,65384.99999999999,38904.08,26480.920000000002
122,QMC,Government,"QMC # 108,880",108880,2024s.csv,2841,DR-RT0909,2024-12-31,valid,same_area_same_channel_prior_3y,634,400,5,1,97268,61282.68,35985.32
123,QMC,Government,"QMC # 30,270",30270,2024s.csv,2843,DR-RT0911,2024-12-31,valid,same_area_same_channel_prior_3y,634,400,5,1,30000,16802,13197.999999999998
124,Pagbilao,Government,"PAGBILAO # 145,973",145973,2025s.csv,3379,DR-RM0002166,2025-06-12,valid,same_area_prior_3y,3128,1676,5,1,145669.1,73797,71872.1
125,Pagbilao,Government,"PAGBILAO # 107,500.00",107500,2025s.csv,2486,DR-MEI0000006,2025-09-20,valid,same_area_prior_3y,2873,1589,5,1,107124.99999999999,70488.25,36636.75
126,PESO,Government,"PESO # 3,450,000.00",3450000,2025s.csv,2480,DR-RT0001238,2025-09-20,valid,same_area_same_channel_prior_3y,599,383,5,1,3448500,2269113,1179387
127,PPDC,Government,"PPDC # 15,000.00",15000,2025s.csv,2484,DR-RT0001236,2025-09-20,valid,same_area_same_channel_prior_3y,599,383,5,1,14725,9689.050000000001,5035.95
128,PPDC,Government,"PPDC # 50,000.00",50000,2025s.csv,2485,DR-MEI0000005,2025-09-20,valid,same_area_prior_3y,2873,1589,5,1,49500,0,49500
129,Pagbilao,Government,"PAGBILAO # 10,620",10620,2025s.csv,3497,DR-RT0001455,2025-11-29,valid,same_area_same_channel_prior_3y,589,376,5,1,10511.999999999998,6394.900000000001,4117.1
130,Pagbilao,Government,"PAGBILAO # 102,500",102500,2025s.csv,3501,DR-RT0001431,2025-11-29,valid,same_area_same_channel_prior_3y,589,376,5,1,102220,72350.26000000001,29869.74
131,Pagbilao,Government,"PAGBILAO # 103,100",103100,2025s.csv,3496,DR-RM0002164,2025-11-29,valid,same_area_prior_3y,2602,1493,5,0.9999999999999999,102960,67716.75000000001,35243.25
132,Pagbilao,Government,"PAGBILAO # 11,000-1",11000,2025s.csv,3360,DR-RT0001452,2025-11-29,valid,same_area_same_channel_prior_3y,589,376,5,1,10956,7209.049999999999,3746.9500000000003
133,Pagbilao,Government,"PAGBILAO # 11,000-2",11000,2025s.csv,3362,DR-RT0001450,2025-11-29,valid,same_area_same_channel_prior_3y,589,376,5,1,10960,7211.679999999999,3748.3199999999997
134,Pagbilao,Government,"PAGBILAO # 122,514.80",122514.8,2025s.csv,3261,DR-MS03584,2025-11-29,valid,same_area_same_channel_prior_3y,1998,1129,5,1,63105,45900.5,17204.5
135,Pagbilao,Government,"PAGBILAO # 125,790",125790,2025s.csv,3495,DR-RT0001456,2025-11-29,valid,same_area_same_channel_prior_3y,589,376,5,1,125346,82213.15000000001,43132.85
136,Pagbilao,Government,"PAGBILAO # 155,000",155000,2025s.csv,3231,DR-RT0001368,2025-11-29,valid,same_area_same_channel_prior_3y,589,376,5,1,154660,61000,93660
137,Pagbilao,Government,"PAGBILAO # 17,000-1",17000,2025s.csv,3498,DR-RT0001453,2025-11-29,valid,same_area_same_channel_prior_3y,589,376,5,1,16923,11135.329999999998,5787.67
138,Pagbilao,Government,"PAGBILAO # 175,000",175000,2025s.csv,3494,DR-RT0001460,2025-11-29,valid,same_area_same_channel_prior_3y,589,376,5,1,174500,112500,62000
139,Pagbilao,Government,"PAGBILAO # 2,900,746.89",2900746.89,2025s.csv,3263,DR-RM0002095,2025-11-29,valid,same_area_prior_3y,2602,1493,5,1,143700,233362,-89662
140,Pagbilao,Government,"PAGBILAO # 20,000-2",20000,2025s.csv,3492,DR-RT0001417,2025-11-29,valid,same_area_same_channel_prior_3y,589,376,5,1,19900,9999,9901
141,Pagbilao,Government,"PAGBILAO # 28,500",28500,2025s.csv,3245,DR-RT0001364,2025-11-29,valid,same_area_same_channel_prior_3y,589,376,5,1,28343,17493,10850
142,Pagbilao,Government,"PAGBILAO # 32,050",32050,2025s.csv,3361,DR-RT0001448,2025-11-29,valid,same_area_same_channel_prior_3y,589,376,5,1,31785,17073.9,14711.1
143,Pagbilao,Government,"PAGBILAO # 32,250",32250,2025s.csv,3500,DR-RT0001418,2025-11-29,valid,same_area_same_channel_prior_3y,589,376,5,1,32000,21056,10944
144,Pagbilao,Government,"PAGBILAO # 4,500",4500,2025s.csv,3252,DR-RT0001403,2025-11-29,valid,same_area_same_channel_prior_3y,589,376,5,1,4500,2951.13,1548.87
145,Pagbilao,Government,"PAGBILAO # 400,000",400000,2025s.csv,3259,DR-RT0001429,2025-11-29,valid,same_area_same_channel_prior_3y,589,376,5,1,399500.00000000006,262871,136629
146,Pagbilao,Government,"PAGBILAO # 45,000",45000,2025s.csv,3359,DR-RT0001402,2025-11-29,valid,same_area_same_channel_prior_3y,589,376,5,1,44850,13800.000000000002,31049.999999999996
147,Pagbilao,Government,"PAGBILAO # 500,000",500000,2025s.csv,3250,DR-RM0002133,2025-11-29,valid,same_area_prior_3y,2602,1493,5,1,498000,318838,179162
148,Pagbilao,Government,"PAGBILAO # 53,000",53000,2025s.csv,3493,DR-RT0001457,2025-11-29,valid,same_area_same_channel_prior_3y,589,376,5,1,52920,34821.36,18098.64
149,Pagbilao,Government,"PAGBILAO # 6,000-1",6000,2025s.csv,3499,DR-RT0001451,2025-11-29,valid,same_area_same_channel_prior_3y,589,376,5,1,5970,3928.26,2041.7400000000002
150,Pagbilao,Government,"PAGBILAO # 652,997.00",652997,2025s.csv,3246,DR-RM0002138,2025-11-29,valid,same_area_prior_3y,2602,1493,5,1,590020.9999999999,425830,164191
151,Pagbilao,Government,"PAGBILAO # 67,060",67060,2025s.csv,3253,DR-RT0001409,2025-11-29,valid,same_area_same_channel_prior_3y,589,376,5,1,66950,38420,28530
152,Pagbilao,Government,"PAGBILAO # 7,500",7500,2025s.csv,3377,DR-RT0001366,2025-11-29,valid,same_area_same_channel_prior_3y,589,376,5,1,7400,4869.2,2530.8
153,Pagbilao,Government,"PAGBILAO # 86,000",86000,2025s.csv,3260,DR-RT0001434,2025-11-29,valid,same_area_same_channel_prior_3y,589,376,5,1,85810,60800,25010
154,Pagbilao,Government,"PAGBILAO # 882,000.00",882000,2025s.csv,3251,DR-RT0001350,2025-11-29,valid,same_area_same_channel_prior_3y,589,376,5,1,875000,514500,360500
155,Pagbilao,Government,"PAGBILAO # 9,000",9000,2025s.csv,3321,DR-RT0001458,2025-11-29,valid,same_area_same_channel_prior_3y,589,376,5,1,8940,4194,4746
156,Pagbilao,Government,"PAGBILAO # 9,100.00",9100,2025s.csv,3248,DR-RT0001369,2025-11-29,valid,same_area_same_channel_prior_3y,589,376,5,1,8950,3890.0000000000005,5060
157,PPDC,Government,"PPDC # 164,420",164420,2025s.csv,3320,DR-RM0002165,2025-11-29,valid,same_area_prior_3y,2602,1493,5,1,164052,107946.21999999999,56105.78
158,Tourism,Government,"TOURISM # 39,000",39000,2025s.csv,3267,DR-RT0001392,2025-11-29,valid,same_area_same_channel_prior_3y,589,376,5,0.9999999999999999,38850,25563.3,13286.699999999999
159,Tourism,Government,"TOURISM # 45,820",45820,2025s.csv,3318,DR-RT0001394,2025-11-29,valid,same_area_same_channel_prior_3y,589,376,5,1,45550,32214.799999999996,13335.2
160,Tourism,Government,"TOURISM # 67,600",67600,2025s.csv,3319,DR-RT0001395,2025-11-29,valid,same_area_same_channel_prior_3y,589,376,5,1,67456,44386.049999999996,23069.95
161,Tourism,Government,"TOURISM # 90,000",90000,2025s.csv,3266,DR-RT0001388,2025-11-29,valid,same_area_same_channel_prior_3y,589,376,5,1,89000,58562,30438
162,QMC,Hospital,"QMC # 51,320",51320,2025s.csv,3540,DR-RT0001471,2025-11-29,valid,same_area_prior_3y,1985,607,5,1,51240,25660,25580
163,QMC,Hospital,"QMC # 91,500",91500,2025s.csv,3363,DR-RM0002162,2025-11-29,valid,same_area_prior_3y,1985,607,5,1,91130,52045,39085
164,QMC,Hospital,"QMC # 141,140.00",141140,2025s.csv,870,DR-RT0001005,2025-12-04,warning,same_area_prior_3y,2020,622,5,1,28930,82365,-53435
165,Pagbilao,Government,"PAGBILAO # 10,620-1",10620,2025s.csv,3380,DR-RT0001470,2025-12-13,valid,same_area_same_channel_prior_3y,585,372,5,0.9999999999999999,10536,6410.6900000000005,4125.3099999999995
166,Pagbilao,Government,"PAGBILAO # 10,915",10915,2025s.csv,3382,DR-RT0001464,2025-12-13,valid,same_area_same_channel_prior_3y,585,372,5,1,10831.999999999998,7267.599999999999,3564.4
167,Pagbilao,Government,"PAGBILAO # 12,500",12500,2025s.csv,3693,DR-RT0001489,2025-12-13,valid,same_area_same_channel_prior_3y,585,372,5,1,12490,7286.71,5203.29
168,Pagbilao,Government,"PAGBILAO # 4,400",4400,2025s.csv,3378,DR-RT0001478,2025-12-13,valid,same_area_same_channel_prior_3y,585,372,5,1,4400,2520,1880
169,Pagbilao,Government,"PAGBILAO # 50,000-1",50000,2025s.csv,3381,DR-RT0001466,2025-12-13,valid,same_area_same_channel_prior_3y,585,372,5,1,49950.00000000001,32867.1,17082.9
170,Pagbilao,Government,"PAGBILAO # 642,000",642000,2025s.csv,3383,DR-RT0001479,2025-12-13,valid,same_area_same_channel_prior_3y,585,372,5,0.9999999999999999,640510,421455.58,219054.41999999998
171,Pagbilao,Government,"PAGBILAO # 2,162,681.15",2162681.15,2025s.csv,3715,DR-RM0002172,2025-12-20,valid,same_area_prior_3y,2918,1664,5,0.9999999999999999,736200,1096615.7999999998,-360415.80000000005
172,Pagbilao,Government,"PAGBILAO # 2,316,267-1",2316267,2025s.csv,3714,DR-RT0001408,2025-12-20,valid,same_area_same_channel_prior_3y,585,372,5,0.9999999999999999,2314000,1332390,981610
173,Pagbilao,Government,"PAGBILAO # 90,000",90000,2025s.csv,3709,DR-DR0001393,2025-12-20,valid,same_area_prior_3y,2918,1664,5,0.9999999999999999,89700,38750,50950
174,PPDC,Government,"PPDC # 120,000",120000,2025s.csv,3702,DR-MEI0000019,2025-12-20,valid,same_area_prior_3y,2918,1664,5,1,119400,78565.2,40834.8
175,PPDC,Government,"PPDC # 20,800",20800,2025s.csv,3705,DR-RT0001507,2025-12-20,valid,same_area_same_channel_prior_3y,585,372,5,1,20750,13653.499999999998,7096.5
176,PPDC,Government,"PPDC # 25,000",25000,2025s.csv,3707,DR-RT0001505,2025-12-20,valid,same_area_same_channel_prior_3y,585,372,5,1,24910,16390.78,8519.220000000001
177,PPDC,Government,"PPDC # 33,000",33000,2025s.csv,3706,DR-RT0001506,2025-12-20,valid,same_area_same_channel_prior_3y,585,372,5,1,32824,21598.19,11225.810000000001
178,PPDC,Government,"PPDC # 50,000",50000,2025s.csv,3708,DR-RT0001504,2025-12-20,valid,same_area_same_channel_prior_3y,585,372,5,1,49820,32781.560000000005,17038.440000000002
179,PPDC,Government,"PPDC # 62,500",62500,2025s.csv,3701,DR-MEI0000017,2025-12-20,valid,same_area_prior_3y,2918,1664,5,1,61550,40499.9,21050.100000000002
180,PPDC,Government,"PPDC # 76,160",76160,2025s.csv,3703,DR-RM0002170,2025-12-20,valid,same_area_prior_3y,2918,1664,5,1,65240,49744.8,15495.199999999999
181,QMC,Hospital,"QMC # 542,292.50",542292.5,2025s.csv,3710,DR-RT0001508,2025-12-20,valid,same_area_prior_3y,1985,619,5,1,541545,372262.25,169282.74999999997
182,PHO,Government,"PHO # 56,500",56500,2025s.csv,3798,DR-RT0001520,2025-12-27,valid,same_area_same_channel_prior_3y,585,372,5,1,54918,36136.04,18781.96
183,PHO,Government,"PHO # 56,500-1",56500,2025s.csv,3799,DR-RT0001521,2025-12-27,valid,same_area_same_channel_prior_3y,585,372,5,1,55935.00000000001,36805.229999999996,19129.769999999997
184,PPDC,Government,"PPDC # 15,000",15000,2025s.csv,3801,DR-RT0001518,2025-12-27,valid,same_area_same_channel_prior_3y,585,372,5,0.9999999999999999,14958.749999999998,9842.859999999999,5115.89
185,PPDC,Government,"PPDC # 30,000",30000,2025s.csv,3802,DR-MEI0000020,2025-12-27,valid,same_area_prior_3y,2918,1664,5,1,29850,19641.3,10208.7
186,PPOC,Government,"PPOC # 116,890",116890,2025s.csv,3718,DR-RT0001503,2025-12-27,valid,same_area_same_channel_prior_3y,585,372,5,1,116500,64000,52500
187,Tourism,Government,"TOURISM # 40,000",40000,2025s.csv,3800,DR-RT0001519,2025-12-27,valid,same_area_same_channel_prior_3y,585,372,5,1,39900,20254.2,19645.800000000003
188,Aboitiz,Government,"ABOITIZ # 68,307.69",68307.69,2025s.csv,4107,DR-RT0001491,2025-12-31,valid,same_area_same_channel_prior_3y,585,372,5,1,68307.69,44400,23907.690000000002
189,Pagbilao,Government,"PAGBILAO # 1,100,000",1100000,2025s.csv,3955,DR-RT0001414,2025-12-31,valid,same_area_same_channel_prior_3y,585,372,5,1,1044525,132250,912275
190,Pagbilao,Government,"PAGBILAO # 253,100.00",253100,2025s.csv,3249,DR-RT0001516,2025-12-31,valid,same_area_same_channel_prior_3y,585,372,5,1,135120,166307.1,-31187.1
191,Pagbilao,Government,"PAGBILAO # 57,540",57540,2025s.csv,3956,DR-RT0001459,2025-12-31,valid,same_area_same_channel_prior_3y,585,372,5,1,57330,37729.72,19600.280000000002
192,Pagbilao,Government,"PAGBILAO # 63,250",63250,2025s.csv,3958,DR-RT0001462,2025-12-31,valid,same_area_same_channel_prior_3y,585,372,5,1,62716.75,41467.16,21249.59
193,Pagbilao,Government,"PAGBILAO # 64,165",64165,2025s.csv,3957,DR-RT0001463,2025-12-31,valid,same_area_same_channel_prior_3y,585,372,5,1,63541,42108.71,21432.29
194,Pagbilao,Government,"PAGBILAO # 921,080-1",921080,2025s.csv,4134,DR-RM0002176,2025-12-31,valid,same_area_prior_3y,3028,1712,5,1,676000,494210.64,181789.36
195,Pagbilao,Government,"PAGBILAO # 921,080.00",921080,2025s.csv,4133,DR-RM0002175,2025-12-31,valid,same_area_prior_3y,3028,1712,5,1,160780,105793.23999999999,54986.759999999995
196,PHO,Government,"PHO # 56,500",56500,2025s.csv,4132,DR-RT0001534,2025-12-31,valid,same_area_same_channel_prior_3y,585,372,5,1,55935,36136.04,19798.96
197,PPDC,Government,"PPDC # 150,000",150000,2025s.csv,4125,DR-MEI0000021,2025-12-31,valid,same_area_prior_3y,3028,1712,5,1,149250,98206.5,51043.5
198,Tourism,Government,"TOURISM # 356,000",356000,2025s.csv,3959,DR-RT0001055,2025-12-31,valid,same_area_same_channel_prior_3y,585,372,5,1,355300,233787.40000000002,121512.6
199,QMC,Hospital,"QMC # 122,723",122723,2025s.csv,3951,DR-RT0001531,2025-12-31,valid,same_area_prior_3y,1985,619,5,1,122500,69200,53300
200,QMC,Hospital,"QMC # 127,722.50",127722.5,2025s.csv,3960,DR-RT0001533,2025-12-31,valid,same_area_prior_3y,1985,619,5,1,127471.75,80882.35,46589.40000000001
201,QMC,Hospital,"QMC # 213,200",213200,2025s.csv,3952,DR-RM0002179,2025-12-31,valid,same_area_prior_3y,1985,619,5,1,204480.75,77005,127475.75
202,QMC,Hospital,"QMC # 243,780",243780,2025s.csv,4123,DR-RM0002190,2025-12-31,valid,same_area_prior_3y,1985,619,5,1,243380,112185,131195
203,QMC,Hospital,"QMC # 268,031",268031,2025s.csv,4106,DR-RM0002191,2025-12-31,valid,same_area_prior_3y,1985,619,5,1,267875,144880,122995
204,QMC,Hospital,"QMC # 306,000",306000,2025s.csv,4124,DR-RT0001536,2025-12-31,valid,same_area_prior_3y,1985,619,5,1,305400,119970,185430
205,QMC,Hospital,"QMC # 597,322",597322,2025s.csv,3961,DR-RM0002183,2025-12-31,valid,same_area_prior_3y,1985,619,5,1,596440.8,274638.39,321802.41000000003
206,QMC,Hospital,"QMC # 609,629.50",609629.5,2025s.csv,4108,DR-RM0002181,2025-12-31,valid,same_area_prior_3y,1985,619,5,1,608638,302701.19999999995,305936.80000000005
207,QMC,Hospital,"QMC # 700,000",700000,2025s.csv,3954,DR-RT0001532,2025-12-31,valid,same_area_prior_3y,1985,619,5,1,699499.9999999999,530000,169500
208,Pagbilao,Government,"PAGBILAO # 1,302,640",1302640,2025s.csv,3165,DR-RM0002134,,rejected,same_area_prior_3y,4643,1960,5,1,1002250,532280.5,469969.5
209,Pagbilao,Government,"PAGBILAO # 10,000.00-4",10000,2025s.csv,895,DR-RT0001015,,rejected,same_area_same_channel_prior_3y,644,410,5,1,9875,6497.75,3377.25
210,Pagbilao,Government,"PAGBILAO # 10,150.00",10150,2025s.csv,3156,DR-RT0001377,,rejected,same_area_same_channel_prior_3y,644,410,5,1,10098,4125.66,5972.339999999999
211,Pagbilao,Government,"PAGBILAO # 11,000.00",11000,2025s.csv,1631,DR-RT0001143,,rejected,same_area_same_channel_prior_3y,644,410,5,0.9999999999999999,10794,7102.449999999999,3691.55
212,Pagbilao,Government,"PAGBILAO # 12,120.00",12120,2025s.csv,3225,DR-RT0001400,,rejected,same_area_same_channel_prior_3y,644,410,5,1,12074,7916,4158
213,Pagbilao,Government,"PAGBILAO # 13,500,000",13500000,2025s.csv,234,DR-RT0002016,,rejected,same_area_same_channel_prior_3y,644,410,5,1,11567579.999999998,4229349.4399999995,7338230.5600000005
214,Pagbilao,Government,"PAGBILAO # 13,500,000",13500000,2025s.csv,1717,DR-RT0002075,,rejected,same_area_same_channel_prior_3y,644,410,5,1,13230000,4229349.44,9000650.56
215,Pagbilao,Government,"PAGBILAO # 135,160.00",135160,2025s.csv,2583,DR-RT0001243,,rejected,same_area_same_channel_prior_3y,644,410,5,1,134840,88724.72,46115.28
216,Pagbilao,Government,"PAGBILAO # 14,000",14000,2025s.csv,3180,DR-RT0001437,,rejected,same_area_same_channel_prior_3y,644,410,5,1,13965,8876,5089
217,Pagbilao,Government,"PAGBILAO # 145,973",145973,2025s.csv,3186,DR-RM0002159,,rejected,same_area_prior_3y,4643,1960,5,1,145745,73797,71948
218,Pagbilao,Government,"PAGBILAO # 147,528.00",147528,2025s.csv,2055,DR-RT0002092,,rejected,same_area_same_channel_prior_3y,644,410,5,1,42944,96695,-53751
219,Pagbilao,Government,"PAGBILAO # 15,750",15750,2025s.csv,3174,DR-RT0001389,,rejected,same_area_same_channel_prior_3y,644,410,5,1,15666,10335.66,5330.339999999999
220,Pagbilao,Government,"PAGBILAO # 153,057.00",153057,2025s.csv,2970,DR-RM0002129,,rejected,same_area_prior_3y,4643,1960,5,1,32861,100184.45000000001,-67323.45
221,Pagbilao,Government,"PAGBILAO # 16,000-1",16000,2025s.csv,3194,DR-RT0001443,,rejected,same_area_same_channel_prior_3y,644,410,5,1.0000000000000002,15921.999999999998,10476.68,5445.32
222,Pagbilao,Government,"PAGBILAO # 16,000.00-1",16000,2025s.csv,2059,DR-MEI0000004,,rejected,same_area_prior_3y,4643,1960,5,1,15800,10396.4,5403.6
223,Pagbilao,Government,"PAGBILAO # 160,000",160000,2025s.csv,3188,DR-RM0002161,,rejected,same_area_prior_3y,4643,1960,5,1,159600,91993,67607
224,Pagbilao,Government,"PAGBILAO # 17,070.00",17070,2025s.csv,1719,DR-RT0001151,,rejected,same_area_same_channel_prior_3y,644,410,5,1,16726.5,8244.689999999999,8481.810000000001
225,Pagbilao,Government,"PAGBILAO # 170,200",170200,2025s.csv,3168,DR-RM0002141,,rejected,same_area_prior_3y,4643,1960,5,1,169845,111758.01,58086.99
226,Pagbilao,Government,"PAGBILAO # 171,550.00",171550,2025s.csv,3226,DR-RT0001387,,rejected,same_area_same_channel_prior_3y,644,410,5,1,171111.75,93727.5,77384.25
227,Pagbilao,Government,"PAGBILAO # 18,900",18900,2025s.csv,3164,DR-RT0001379,,rejected,same_area_same_channel_prior_3y,644,410,5,1,18798,12405.66,6392.34
228,Pagbilao,Government,"PAGBILAO # 187,000",187000,2025s.csv,1191,DR-RT0001059,,rejected,same_area_same_channel_prior_3y,644,410,5,1.0000000000000002,186600,141250,45350
229,Pagbilao,Government,"PAGBILAO # 19,000.00-1",19000,2025s.csv,1370,DR-RT0001096,,rejected,same_area_same_channel_prior_3y,644,410,5,1,18840,12396.720000000001,6443.280000000001
230,Pagbilao,Government,"PAGBILAO # 19,000.00-2",19000,2025s.csv,2632,DR-RT0001297,,rejected,same_area_same_channel_prior_3y,644,410,5,0.9999999999999999,18840.000000000004,12396.720000000001,6443.28
231,Pagbilao,Government,"PAGBILAO # 196,000",196000,2025s.csv,3169,DR-MEI0000014,,rejected,same_area_prior_3y,4643,1960,5,1,195437.49999999997,128449.83,66987.67
232,Pagbilao,Government,"PAGBILAO # 2,070,000",2070000,2025s.csv,10,DR-RT0002003-2004,,rejected,same_area_same_channel_prior_3y,644,410,5,1,2069000.0000000002,1374000,695000
233,Pagbilao,Government,"PAGBILAO # 2,166,450",2166450,2025s.csv,3155,DR-RM0002140,,rejected,same_area_prior_3y,4643,1960,5,1,1669225,906572.26,762652.74
234,Pagbilao,Government,"PAGBILAO # 2,490.00",2490,2025s.csv,3227,DR-RT0001381,,rejected,same_area_same_channel_prior_3y,644,410,5,1,2481,1279,1202
235,Pagbilao,Government,"PAGBILAO # 2,511,299.00",2511299,2025s.csv,1095,DR-RM0002040,,rejected,same_area_prior_3y,4643,1960,5,0.9999999999999999,1431072,1188562.51,242509.49000000002
236,Pagbilao,Government,"PAGBILAO # 2,568,250",2568250,2025s.csv,3179,DR-RM0002153,,rejected,same_area_prior_3y,4643,1960,5,1,2566250,936864,1629386
237,Pagbilao,Government,"PAGBILAO # 20,000",20000,2025s.csv,3181,DR-RT0001413,,rejected,same_area_same_channel_prior_3y,644,410,5,1,19800,9999.000000000002,9801
238,Pagbilao,Government,"PAGBILAO # 20,000-1",20000,2025s.csv,3198,DR-RT0001435,,rejected,same_area_same_channel_prior_3y,644,410,5,1,19950,9999,9951
239,Pagbilao,Government,"PAGBILAO # 200,000",200000,2025s.csv,3172,DR-RT0001397,,rejected,same_area_same_channel_prior_3y,644,410,5,1,199100,131007.8,68092.2
240,Pagbilao,Government,"PAGBILAO # 21,000",21000,2025s.csv,3215,DR-RT0001432,,rejected,same_area_same_channel_prior_3y,644,410,5,1,20820,14999.999999999998,5820
241,Pagbilao,Government,"PAGBILAO # 22,500",22500,2025s.csv,3210,DR-RT0001438,,rejected,same_area_same_channel_prior_3y,644,410,5,1,22451,3493,18958
242,Pagbilao,Government,"PAGBILAO # 222,500",222500,2025s.csv,3196,DR-RT0001441,,rejected,same_area_same_channel_prior_3y,644,410,5,1,222100,13950,208149.99999999997
243,Pagbilao,Government,"PAGBILAO # 230,400.00",230400,2025s.csv,1493,DR-RT0001113,,rejected,same_area_same_channel_prior_3y,644,410,5,1,229860,151247.88,78612.12
244,Pagbilao,Government,"PAGBILAO # 26,000",26000,2025s.csv,3193,DR-RT0001444,,rejected,same_area_same_channel_prior_3y,644,410,5,1,25985,17098.129999999997,8886.87
245,Pagbilao,Government,"PAGBILAO # 28,000.00",28000,2025s.csv,1434,DR-RT0001107,,rejected,same_area_same_channel_prior_3y,644,410,5,1,27760,18266.08,9493.92
246,Pagbilao,Government,"PAGBILAO # 288,255.00",288255,2025s.csv,1982,DR-RT0002052,,rejected,same_area_same_channel_prior_3y,644,410,5,0.9999999999999999,190265,189332.91999999998,932.0799999999999
247,Pagbilao,Government,"PAGBILAO # 29,156",29156,2025s.csv,3183,DR-RT0001440,,rejected,same_area_same_channel_prior_3y,644,410,5,0.9999999999999998,28952,15247.630000000001,13704.369999999999
248,Pagbilao,Government,"PAGBILAO # 3,000.00",3000,2025s.csv,1383,DR-RT0001141,,rejected,same_area_same_channel_prior_3y,644,410,5,1,2985,2464,521
249,Pagbilao,Government,"PAGBILAO # 3,072,944",3072944,2025s.csv,1097,DR-RT0002038,,rejected,same_area_same_channel_prior_3y,644,410,5,1,2173450,1512820.96,660629.04
250,Pagbilao,Government,"PAGBILAO # 3,150",3150,2025s.csv,3173,DR-RT0001390,,rejected,same_area_same_channel_prior_3y,644,410,5,1,2913.75,1917.25,996.5
251,Pagbilao,Government,"PAGBILAO # 3,273,976",3273976,2025s.csv,1092,DR-RM0002035,,rejected,same_area_prior_3y,4643,1960,5,1,2062127.9999999998,1530222.4300000002,531905.5700000001
252,Pagbilao,Government,"PAGBILAO # 3,500.00",3500,2025s.csv,1688,DR-RT0001149,,rejected,same_area_same_channel_prior_3y,644,410,5,1,3444,1624,1820
253,Pagbilao,Government,"PAGBILAO # 3,658,000",3658000,2025s.csv,13,DR-RT0872,,rejected,same_area_same_channel_prior_3y,644,410,5,1,764600,2618955.96,-1854355.96
254,Pagbilao,Government,"PAGBILAO # 31,075",31075,2025s.csv,3190,DR-RT0001412,,rejected,same_area_same_channel_prior_3y,644,410,5,1,30875.75,21715.000000000004,9160.75
255,Pagbilao,Government,"PAGBILAO # 31,800.00",31800,2025s.csv,1739,DR-RT0001153,,rejected,same_area_same_channel_prior_3y,644,410,5,1,31724,23120,8604
256,Pagbilao,Government,"PAGBILAO # 327,050.00",327050,2025s.csv,1768,DR-RT0001024,,rejected,same_area_same_channel_prior_3y,644,410,5,1,289362.5,231484,57878.5
257,Pagbilao,Government,"PAGBILAO # 33,750",33750,2025s.csv,3185,DR-RT0001416,,rejected,same_area_same_channel_prior_3y,644,410,5,1,33547.5,18900,14647.5
258,Pagbilao,Government,"PAGBILAO # 335,000",335000,2025s.csv,3197,DR-RT0001436,,rejected,same_area_same_channel_prior_3y,644,410,5,1,334320,163500,170820
259,Pagbilao,Government,"PAGBILAO # 35,130.00",35130,2025s.csv,3228,DR-RM0002148,,rejected,same_area_prior_3y,4643,1960,5,1,35040,18245,16795
260,Pagbilao,Government,"PAGBILAO # 36,000.00-1",36000,2025s.csv,1936,DR-RT0001168,,rejected,same_area_same_channel_prior_3y,644,410,5,1,35845,28113.909999999996,7731.09
261,Pagbilao,Government,"PAGBILAO # 37,040.00",37040,2025s.csv,3167,DR-RT0001367,,rejected,same_area_same_channel_prior_3y,644,410,5,1,36735,24171.63,12563.37
262,Pagbilao,Government,"PAGBILAO # 373,500",373500,2025s.csv,3170,DR-RM0002146,,rejected,same_area_prior_3y,4643,1960,5,1,275500,244446.99999999997,31053
263,Pagbilao,Government,"PAGBILAO # 404,280.00",404280,2025s.csv,1495,DR-RT0002062,,rejected,same_area_same_channel_prior_3y,644,410,5,1.0000000000000002,300820,197939.56,102880.44
264,Pagbilao,Government,"PAGBILAO # 41,000",41000,2025s.csv,3182,DR-MEI0000016,,rejected,same_area_prior_3y,4643,1960,5,0.9999999999999999,40650,26747.7,13902.3
265,Pagbilao,Government,"PAGBILAO # 411,000",411000,2025s.csv,3166,DR-RM0002142,,rejected,same_area_prior_3y,4643,1960,5,1,409780,269635.24,140144.76
266,Pagbilao,Government,"PAGBILAO # 411,290",411290,2025s.csv,7,DR-RT0002009,,rejected,same_area_same_channel_prior_3y,644,410,5,1.0000000000000002,104995,213312,-108317
267,Pagbilao,Government,"PAGBILAO # 415,593",415593,2025s.csv,3175,DR-RM0002143,,rejected,same_area_prior_3y,4643,1960,5,0.9999999999999999,119086,133504.14,-14418.14
268,Pagbilao,Government,"PAGBILAO # 417,149.00-1",417149,2025s.csv,1988,DR-RT0002080,,rejected,same_area_same_channel_prior_3y,644,410,5,1,165800,155429,10371
269,Pagbilao,Government,"PAGBILAO # 417,149.00-2",417149,2025s.csv,1992,DR-RT0002076,,rejected,same_area_same_channel_prior_3y,644,410,5,1,165800,155428.99999999997,10371
270,Pagbilao,Government,"PAGBILAO # 474,160",474160,2025s.csv,12,DR-RT0002007-2008,,rejected,same_area_same_channel_prior_3y,644,410,5,1,469000,414999.99999999994,54000
271,Pagbilao,Government,"PAGBILAO # 48,000",48000,2025s.csv,3191,DR-RT0001447,,rejected,same_area_same_channel_prior_3y,644,410,5,1,47928,31536.620000000003,16391.38
272,Pagbilao,Government,"PAGBILAO # 49,290",49290,2025s.csv,3189,DR-RT0001411,,rejected,same_area_same_channel_prior_3y,644,410,5,1,49120,33847.54,15272.46
273,Pagbilao,Government,"PAGBILAO # 49,960",49960,2025s.csv,3205,DR-RT0001439,,rejected,same_area_same_channel_prior_3y,644,410,5,1,49624.5,27779.5,21845
274,Pagbilao,Government,"PAGBILAO # 50,000",50000,2025s.csv,2755,DR-RT0001312,,rejected,same_area_same_channel_prior_3y,644,410,5,1,49810,32774.98,17035.02
275,Pagbilao,Government,"PAGBILAO # 51,675.00",51675,2025s.csv,1435,DR-RT0001106,,rejected,same_area_same_channel_prior_3y,644,410,5,1,51427.99999999999,33839.619999999995,17588.379999999997
276,Pagbilao,Government,"PAGBILAO # 52,500.00",52500,2025s.csv,2060,DR-MEI0000003,,rejected,same_area_prior_3y,4643,1960,5,1,52312.5,34421.630000000005,17890.870000000003
277,Pagbilao,Government,"PAGBILAO # 54,000.00",54000,2025s.csv,1369,DR-RT0001065,,rejected,same_area_same_channel_prior_3y,644,410,5,1,53595,36730,16865
278,Pagbilao,Government,"PAGBILAO # 56,239",56239,2025s.csv,3178,DR-RM0002154,,rejected,same_area_prior_3y,4643,1960,5,1,55768,36695.34,19072.66
279,Pagbilao,Government,"PAGBILAO # 569,792.00",569792,2025s.csv,2889,DR-RM0002084,,rejected,same_area_prior_3y,4643,1960,5,1,177660,374123.00999999995,-196463.00999999998
280,Pagbilao,Government,"PAGBILAO # 588,760.90",588760.9,2025s.csv,3161,DR-RM0002135,,rejected,same_area_prior_3y,4643,1960,5,1,315000,384930,-69930
281,Pagbilao,Government,"PAGBILAO # 6,000",6000,2025s.csv,3192,DR-RT0001446,,rejected,same_area_same_channel_prior_3y,644,410,5,1,5985,3938.13,2046.87
282,Pagbilao,Government,"PAGBILAO # 6,334,470",6334470,2025s.csv,11,DR-RT0002005-2006,,rejected,same_area_same_channel_prior_3y,644,410,5,1,6333000,2916065.2800000003,3416934.72
283,Pagbilao,Government,"PAGBILAO # 61,000",61000,2025s.csv,3184,DR-RT0001433,,rejected,same_area_same_channel_prior_3y,644,410,5,1,60908,51286.70999999999,9621.29
284,Pagbilao,Government,"PAGBILAO # 66,000",66000,2025s.csv,3229,DR-RT0001376,,rejected,same_area_same_channel_prior_3y,644,410,5,1,65895,43495,22400
285,Pagbilao,Government,"PAGBILAO # 66,000.00",66000,2025s.csv,1009,DR-RT0001045,,rejected,same_area_same_channel_prior_3y,644,410,5,1,65670,44918.57,20751.43
286,Pagbilao,Government,"PAGBILAO # 7,000.00",7000,2025s.csv,1718,DR-RT0001152,,rejected,same_area_same_channel_prior_3y,644,410,5,1,6930,5638.3099999999995,1291.69
287,Pagbilao,Government,"PAGBILAO # 71,000",71000,2025s.csv,3195,DR-RT0001530,,rejected,same_area_same_channel_prior_3y,644,410,5,1,46945,30889.81,16055.19
288,Pagbilao,Government,"PAGBILAO # 730,670.00",730670,2025s.csv,1996,DR-RT0001169,,rejected,same_area_same_channel_prior_3y,644,410,5,1,726100,233760,492340
289,Pagbilao,Government,"PAGBILAO # 75,000",75000,2025s.csv,3187,DR-RT0001415,,rejected,same_area_same_channel_prior_3y,644,410,5,1,74500,42500,32000
290,Pagbilao,Government,"PAGBILAO # 8,000",8000,2025s.csv,3230,DR-RT0001375,,rejected,same_area_same_channel_prior_3y,644,410,5,1,7980,5332,2648
291,Pagbilao,Government,"PAGBILAO # 833,154.00",833154,2025s.csv,1689,DR-RT0001150,,rejected,same_area_same_channel_prior_3y,644,410,5,1,605700,398550.6,207149.40000000002
292,Pagbilao,Government,"PAGBILAO # 879,800",879800,2025s.csv,3154,DR-MEI0000015,,rejected,same_area_prior_3y,4643,1960,5,1,876090,576467.22,299622.78
293,Pagbilao,Government,"PAGBILAO # 891,530.00",891530,2025s.csv,1494,DR-RT0001112,,rejected,same_area_same_channel_prior_3y,644,410,5,1,650192.2000000001,427826.47000000003,222365.73
294,Pagbilao,Government,"PAGBILAO # 9,000.00",9000,2025s.csv,1192,DR-RT0001058,,rejected,same_area_same_channel_prior_3y,644,410,5,1,8900,4500,4400
295,Pagbilao,Government,"PAGBILAO # 9,093.00",9093,2025s.csv,1027,DR-RT0001054,,rejected,same_area_same_channel_prior_3y,644,410,5,1,9030,5941.740000000001,3088.2599999999998
296,Pagbilao,Government,"PAGBILAO # 921,080.00",921080,2025s.csv,3157,DR-RM0002155,,rejected,same_area_prior_3y,4643,1960,5,1,676000,105793.23999999999,570206.76
297,Pagbilao,Government,"PAGBILAO # 985,190",985190,2025s.csv,3153,DR-MEI0000002,,rejected,same_area_prior_3y,4643,1960,5,1,984625.9999999999,647883.9099999999,336742.08999999997
298,PESO,Government,"PESO # 18,000.00",18000,2025s.csv,1368,DR-RT0001060,,rejected,same_area_same_channel_prior_3y,644,410,5,1,17670,11626.86,6043.139999999999
299,PESO,Government,"PESO # 55,000.00",55000,2025s.csv,1367,DR-RT0001061,,rejected,same_area_same_channel_prior_3y,644,410,5,1,55350,36420.3,18929.699999999997
300,PESO Provincial,Government,"PESO PROVINCIAL # 101,500.00",101500,2025s.csv,917,DR-RT0001022,,rejected,same_area_same_channel_prior_3y,644,410,5,1,101350,66369.17,34980.83
301,PESO Provincial,Government,"PESO PROVINCIAL # 19,864.00",19864,2025s.csv,914,DR-RT0001020,,rejected,same_area_same_channel_prior_3y,644,410,5,1,9820,13044.85,-3224.85
302,PESO Provincial,Government,"PESO PROVINCIAL # 960,000.00",960000,2025s.csv,916,DR-MED0000001,,rejected,same_area_prior_3y,4643,1960,5,0.9999999999999999,959400,631285.2,328114.8
303,PPDC,Government,"PPDC # 190,296.00",190296,2025s.csv,2581,DR-RT0001270,,rejected,same_area_same_channel_prior_3y,644,410,5,1,189600,115980,73620
304,Provincial Tourism Office,Government,"PROVINCIAL TOURISM OFFICE # 125,000.00",125000,2025s.csv,1058,DR-RT0985,,rejected,same_area_same_channel_prior_3y,644,410,5,1,124750,82085.5,42664.5
305,Provincial Tourism Office,Government,"PROVINCIAL TOURISM OFFICE # 21,780.00",21780,2025s.csv,1059,DR-RT0984,,rejected,same_area_same_channel_prior_3y,644,410,5,1,21470,14127.26,7342.74
306,Tourism,Government,"TOURISM # 19,540.00",19540,2025s.csv,2061,DR-RT0001194,,rejected,same_area_same_channel_prior_3y,644,410,5,0.9999999999999999,19460,5572,13888
307,Tourism,Government,"TOURISM # 300,000.00",300000,2025s.csv,2579,DR-RT0001258,,rejected,same_area_same_channel_prior_3y,644,410,5,1,299200,196873.6,102326.4
308,Tourism,Government,"TOURISM # 368,000.00",368000,2025s.csv,2582,DR-RT0001259,,rejected,same_area_same_channel_prior_3y,644,410,5,1,367680,241933.44,125746.56
309,Tourism,Government,"TOURISM # 5,720.00",5720,2025s.csv,2058,DR-RT0001193,,rejected,same_area_same_channel_prior_3y,644,410,5,1,5680.000000000001,4240,1440.0000000000002
310,Tourism,Government,"TOURISM # 89,100.00",89100,2025s.csv,2062,DR-RT0001192,,rejected,same_area_same_channel_prior_3y,644,410,5,1,88600,58300,30300
311,QMC,Hospital,"QMC # 102,275.00",102275,2025s.csv,2633,DR-RM0002114,,rejected,same_area_prior_3y,2826,632,5,1,102149.99999999999,53318,48832
312,QMC,Hospital,"QMC # 107,178.00",107178,2025s.csv,1491,DR-RT0001073,,rejected,same_area_prior_3y,2826,632,5,1,66274,62550,3723.9999999999995
313,QMC,Hospital,"QMC # 108,598.62",108598.62,2025s.csv,1714,DR-RT0001210,,rejected,same_area_prior_3y,2826,632,5,1,102045,78571.25,23473.749999999996
314,QMC,Hospital,"QMC # 111,696.00",111696,2025s.csv,1184,DR-RT0001048,,rejected,same_area_prior_3y,2826,632,5,1,111429.99999999999,56520,54910
315,QMC,Hospital,"QMC # 112,996.00",112996,2025s.csv,1165,DR-RT0001072,,rejected,same_area_prior_3y,2826,632,5,0.9999999999999999,112569.6,63960,48609.6
316,QMC,Hospital,"QMC # 126,251.00",126251,2025s.csv,1079,DR-RT0002034,,rejected,same_area_prior_3y,2826,632,5,1,126150,66047,60103
317,QMC,Hospital,"QMC # 130,994.00",130994,2025s.csv,1436,DR-RT0002057,,rejected,same_area_prior_3y,2826,632,5,1,48262,92829,-44567
318,QMC,Hospital,"QMC # 132,000.00",132000,2025s.csv,2787,DR-MS03474,,rejected,same_area_same_channel_prior_3y,2485,588,5,1,131700,25834,105866
319,QMC,Hospital,"QMC # 144,740.00",144740,2025s.csv,2778,DR-RM0002109,,rejected,same_area_prior_3y,2826,632,5,1,144300,82180,62120.00000000001
320,QMC,Hospital,"QMC # 157,565.00",157565,2025s.csv,1998,DR-RT0002090,,rejected,same_area_prior_3y,2826,632,5,1,87970,107440,-19470
321,QMC,Hospital,"QMC # 165,000",165000,2025s.csv,2756,DR-RT0001293,,rejected,same_area_prior_3y,2826,632,5,1,164780,88000,76780
322,QMC,Hospital,"QMC # 206,923.50",206923.5,2025s.csv,1997,DR-RT0001181,,rejected,same_area_prior_3y,2826,632,5,1,206820,118242.00000000001,88578
323,QMC,Hospital,"QMC # 213,400",213400,2025s.csv,2757,DR-RT0001292,,rejected,same_area_prior_3y,2826,632,5,1,212546.40000000002,128040,84506.4
324,QMC,Hospital,"QMC # 23,686.00",23686,2025s.csv,2634,DR-RT0001295,,rejected,same_area_prior_3y,2826,632,5,1,23560,13490.000000000002,10069.999999999998
325,QMC,Hospital,"QMC # 24,970.00",24970,2025s.csv,2777,DR-RT0001294,,rejected,same_area_prior_3y,2826,632,5,1,24820,15260.000000000002,9560
326,QMC,Hospital,"QMC # 281,480.00",281480,2025s.csv,2776,DR-RT0001296,,rejected,same_area_prior_3y,2826,632,5,1,280900,105502,175398
327,QMC,Hospital,"QMC # 31,500",31500,2025s.csv,3152,DR-MS03583,,rejected,same_area_same_channel_prior_3y,2485,588,5,1,31349.999999999996,13484.999999999998,17865
328,QMC,Hospital,"QMC # 31,500.00",31500,2025s.csv,2526,DR-MS03449,,rejected,same_area_same_channel_prior_3y,2485,588,5,1,30750,10335,20415
329,QMC,Hospital,"QMC # 407,373.75",407373.75,2025s.csv,2630,DR-RT0002105,,rejected,same_area_prior_3y,2826,632,5,1,406885,249688.64999999997,157196.35
330,QMC,Hospital,"QMC # 409,770.00",409770,2025s.csv,2779,DR-RM0002112,,rejected,same_area_prior_3y,2826,632,5,1,357420,174098.06,183321.94
331,QMC,Hospital,"QMC # 42,400.00",42400,2025s.csv,1193,DR-RT0987,,rejected,same_area_prior_3y,2826,632,5,1,42240,24000,18240
332,QMC,Hospital,"QMC # 559,400.00",559400,2025s.csv,584,DR-RT0002020,,rejected,same_area_prior_3y,2826,632,5,0.9999999999999999,424760,279700,145060
333,QMC,Hospital,"QMC # 605,550.00",605550,2025s.csv,1712,DR-RT0002107,,rejected,same_area_prior_3y,2826,632,5,1,586630.5,306004.6,280625.9
334,QMC,Hospital,"QMC # 61,900.00",61900,2025s.csv,2580,DR-RT0001260,,rejected,same_area_prior_3y,2826,632,5,1,61850.00000000001,30995,30855
335,QMC,Hospital,"QMC # 79,770.00",79770,2025s.csv,2788,DR-RM0002110,,rejected,same_area_prior_3y,2826,632,5,0.9999999999999999,79600,39546,40054
336,QMC,Hospital,"QMC # 83,732.50",83732.5,2025s.csv,2635,DR-RM0002111,,rejected,same_area_prior_3y,2826,632,5,1,83565,53118,30446.999999999996
337,QMC,Hospital,"QMC # 845,260.00",845260,2025s.csv,1114,DR-MS03173,,rejected,same_area_same_channel_prior_3y,2485,588,5,1,643500,420899.35000000003,222600.65
338,QMC,Hospital,"QMC # 981,828.00",981828,2025s.csv,1716,DR-RT0001124,,rejected,same_area_prior_3y,2826,632,5,1,980842.5,682233.1000000001,298609.39999999997
339,QMC,Hospital,"QMC # 985,170.00",985170,2025s.csv,2629,DR-RT0002106,,rejected,same_area_prior_3y,2826,632,5,1,981299.9999999999,667900,313400
340,Marinduque,Marinduque,"MARINDUQUE # 250,000.00",250000,2025s.csv,1626,DR-RT0002030,,rejected,same_area_same_channel_prior_3y,46,43,5,1,248499.99999999997,165108,83392
341,Marinduque,Marinduque,"MARINDUQUE # 253,607.00",253607,2025s.csv,2631,DR-RT0001215,,rejected,same_area_same_channel_prior_3y,46,43,5,1,253607,163858,89749
342,Marinduque,Marinduque,"MARINDUQUE # 363,494.00",363494,2025s.csv,1630,DR-RT0001046,,rejected,same_area_same_channel_prior_3y,46,43,5,1,363300,190990,172309.99999999997
343,Marinduque,Marinduque,"MARINDUQUE # 450,000.00",450000,2025s.csv,1627,DR-RT0002031,,rejected,same_area_same_channel_prior_3y,46,43,5,1,379600,303736.8,75863.2
344,Gulang Gulang,Quezon,"GULANG GULANG # 26,250.00",26250,2025s.csv,1556,DR-RT0001117,,rejected,same_area_prior_3y,2161,355,5,0.9999999999999999,26250,13125,13125
345,Gulang Gulang,Quezon,"GULANG GULANG # 44,080.00",44080,2025s.csv,690,DR-RT0002023,,rejected,same_area_prior_3y,2161,355,5,1,44080,34676,9404
346,Gulang Gulang,Quezon,"GULANG GULANG # 48,525.00",48525,2025s.csv,1014,DR-RT0001039,,rejected,same_area_prior_3y,2161,355,5,1,48525,32350,16175
