period,area,product,row_count,estimated_contract_rows,estimated_date_rows,unique_products,unique_dr_numbers,quantity,total_trade_price,net_income,net_cost,discount,total_cost,gross_margin_rate
2024-02,Pagbilao,BATTERY AA,1,1,0,1,1,0.1219,3770.59,1980.09,1790.5,0.0,1790.5,0.525141
2024-02,Pagbilao,BOND PAPER LEGAL 80GSM (DOUBLE A),1,1,0,1,1,0.1856,4733.14,3394.32,8127.46,0.0,8127.46,0.717139
2024-02,Pagbilao,BOND PAPER LONG (HARDCOPY),2,2,0,1,2,0.3664,3757.0,3599.91,7356.91,0.0,7356.91,0.958187
2024-02,Pagbilao,CLEAR BOOK LEGAL/LONG,1,1,0,1,1,0.2482,3883.36,3866.39,7749.75,0.0,7749.75,0.99563
2024-02,Pagbilao,CORRECTION TAPE 20MM,1,1,0,1,1,0.1333,4122.71,2165.0,1957.71,0.0,1957.71,0.52514
2024-02,Pagbilao,FLASH DRIVE 16GB CAPACITY 1 PIECE INVIDUAL BLISTER PACK KINGSTON,1,1,0,1,1,0.1455,700.09,584.84,1284.92,0.0,1284.92,0.835378
2024-02,Pagbilao,FLASH DRIVE 32GB (KINGSTON),1,1,0,1,1,0.1235,3820.51,2006.31,1814.21,0.0,1814.21,0.525142
2024-02,Pagbilao,FOLDER 14PTS LONG,2,2,0,1,2,0.2892,3987.14,9415.59,13402.73,0.0,13402.73,2.36149
2024-02,Pagbilao,HARD COPY SUB#20 (8 1/2X13) LONG,2,2,0,1,2,0.5514,13437.4,7044.18,9647.82,0.0,9647.82,0.524222
2024-02,Pagbilao,HARD COPY SUB#20 A4,1,1,0,1,1,0.2879,8907.09,4677.47,4229.61,0.0,4229.61,0.52514
2024-02,Pagbilao,HBW BLACK BALLPEN,2,2,0,1,2,0.528,12863.75,20101.54,32965.3,0.0,32965.3,1.56265
2024-02,Pagbilao,INK EPSON #003 BLACK,2,2,0,1,2,0.4472,3641.38,2337.02,5978.41,0.0,5978.41,0.641795
2024-02,Pagbilao,INK EPSON #003 CYAN,2,2,0,1,2,0.3617,2945.24,1890.23,4835.47,0.0,4835.47,0.641792
2024-02,Pagbilao,INK EPSON #003 MAGENTA,2,2,0,1,2,0.4199,6498.55,15028.45,21527.0,0.0,21527.0,2.312585
2024-02,Pagbilao,INK EPSON #003 YELLOW,2,2,0,1,2,0.4279,4940.76,4559.31,9500.07,0.0,9500.07,0.922795
2024-02,Pagbilao,LETTER ENVELOPE LONG,1,1,0,1,1,0.1746,4453.71,3193.93,7647.63,0.0,7647.63,0.717139
2024-02,Pagbilao,MASKING TAPE 1INCH,1,1,0,1,1,0.1532,989.13,695.99,1685.12,0.0,1685.12,0.703639
2024-02,Pagbilao,RECORD BOOK 500PAGES (VALIANT),2,2,0,1,2,0.4402,4222.96,2512.58,6735.54,0.0,6735.54,0.594981
2024-02,Pagbilao,STAPLE WIRE #35,2,2,0,1,2,0.4405,6817.6,15766.28,22583.89,0.0,22583.89,2.312585
2024-02,Pagbilao,T SHIRT WITH PRINT,1,1,0,1,1,0.3232,4629.56,2412.87,7042.43,0.0,7042.43,0.521188
2024-02,Pagbilao,TOOTHBRUSH KIDDIE COLGATE,2,2,0,1,2,0.3227,6758.63,5497.72,12256.35,0.0,12256.35,0.813437
2024-02,Pagbilao,TRASH BAG - BLACK - MEDIUM,1,1,0,1,1,0.1816,2841.3,2828.88,5670.18,0.0,5670.18,0.995629
2024-02,Pagbilao,TRASH BAG MEDIUM BLACK,2,2,0,1,2,0.3265,7956.32,12432.93,20389.24,0.0,20389.24,1.562648
2024-02,QMC,AMBIDOL 50MG/ML (100MG/2ML) 2ML,1,1,0,1,1,0.1429,13178.43,9971.68,23150.12,0.0,23150.12,0.756667
2024-02,QMC,DOLO JAGA 500MG/50MG/100MG/100MCG,1,1,0,1,1,0.1514,13960.72,10563.61,24524.33,0.0,24524.33,0.756667
2024-02,QMC,EVAPROST 125MCG/0.5ML,1,1,0,1,1,0.1769,16316.91,12346.46,28663.37,0.0,28663.37,0.756667
2024-02,QMC,EVAPROST 250MCG/ML,1,1,0,1,1,0.3152,29065.28,21992.73,51058.01,0.0,51058.01,0.756667
2024-02,QMC,LACTAMOX 500MG/125MG,1,1,0,1,1,0.2136,19698.66,14905.32,34603.97,0.0,34603.97,0.756667
2024-04,Pagbilao,CORRECTION TAPE 20MM,1,1,0,1,1,0.2912,13773.31,9514.92,23288.23,0.0,23288.23,0.690823
2024-04,Pagbilao,CORRECTION TAPE JOY,1,1,0,1,1,0.2269,10729.22,7412.0,18141.21,0.0,18141.21,0.690824
2024-04,Pagbilao,DISINFECTANT SPRAY 170G 227ML (LYSOL),1,1,0,1,1,0.1226,5797.5,4005.05,9802.55,0.0,9802.55,0.690824
2024-04,Pagbilao,FOLDER ORDINARY WHITE LONG 100'S,1,1,0,1,1,0.2116,10009.68,6914.92,16924.61,0.0,16924.61,0.690823
2024-04,Pagbilao,SCOTCH TAPE 1'',1,1,0,1,1,0.1477,6985.29,4825.61,11810.9,0.0,11810.9,0.690825
2024-05,Padre Burgos,BALLPEN FINEPOINT,1,1,0,1,1,0.168,8551.13,3947.31,12498.44,0.0,12498.44,0.461613
2024-05,Padre Burgos,BOND PAPER LONG (HARDCOPY),1,1,0,1,1,0.2446,12448.06,5746.18,18194.24,0.0,18194.24,0.461612
2024-05,Padre Burgos,INK EPSON #003 YELLOW,1,1,0,1,1,0.1936,9854.53,4548.97,14403.5,0.0,14403.5,0.461612
2024-05,Padre Burgos,RECORD BOOK 500PAGES (VALIANT),1,1,0,1,1,0.2683,13652.61,6302.22,19954.83,0.0,19954.83,0.461613
2024-05,Padre Burgos,TRASH BAG MEDIUM BLACK,1,1,0,1,1,0.1254,6382.67,2946.32,9328.99,0.0,9328.99,0.461612
2024-05,Pagbilao,BATHROOM TISSUE 2PLY 12'S (FEMME),1,1,0,1,1,0.1249,3759.27,511.68,3247.59,0.0,3247.59,0.136112
2024-05,Pagbilao,BLEACHING LIQUID ORIGINAL 3785ML (ZONROX),1,1,0,1,1,0.111,2281.87,2454.09,4735.96,0.0,4735.96,1.075473
2024-05,Pagbilao,BOND PAPER A4 (HARDCOPY),2,2,0,1,2,0.313,6882.44,1311.03,6965.45,0.0,6965.45,0.190489
2024-05,Pagbilao,BOND PAPER LEGAL 80GSM (DOUBLE A),1,1,0,1,1,0.1141,14639.99,11844.23,2795.76,0.0,2795.76,0.809033
2024-05,Pagbilao,BOND PAPER LONG (HARDCOPY),2,2,0,1,2,0.415,28990.21,4833.73,31191.2,0.0,31191.2,0.166737
2024-05,Pagbilao,CLEAR BOOK LEGAL/LONG,1,1,0,1,1,0.2446,31382.33,25389.32,5993.01,0.0,5993.01,0.809032
2024-05,Pagbilao,CORRECTION TAPE 20MM,5,5,0,1,5,1.2844,64184.45,40567.22,49829.57,0.0,49829.57,0.632041
2024-05,Pagbilao,CORRECTION TAPE JOY,2,2,0,1,2,0.4439,21016.17,16113.14,13990.51,0.0,13990.51,0.766702
2024-05,Pagbilao,DISINFECTANT SPRAY 170G 227ML (LYSOL),1,1,0,1,1,0.1124,8645.91,686.02,7959.89,0.0,7959.89,0.079346
2024-05,Pagbilao,ELECTRICAL WIRE #14,1,1,0,1,1,0.1368,4828.69,3809.85,8638.54,0.0,8638.54,0.789003
2024-05,Pagbilao,FOLDER ORDINARY WHITE LONG 100'S,1,1,0,1,1,0.1685,5948.69,4693.54,10642.23,0.0,10642.23,0.789004
2024-05,Pagbilao,HARD COPY SUB#20 (8 1/2X13) LONG,3,3,0,1,3,0.7917,46301.23,7511.35,48371.2,0.0,48371.2,0.162228
2024-05,Pagbilao,HARD COPY SUB#20 A4,5,5,0,1,5,1.2667,85156.83,53416.87,55090.88,0.0,55090.88,0.627276
2024-05,Pagbilao,INK CARTRIDGE TRI COLOR (HP680),3,3,0,1,3,0.3822,21724.68,15610.68,11307.32,0.0,11307.32,0.718569
2024-05,Pagbilao,INK EPSON #003 BLACK,2,2,0,1,2,0.3883,9807.55,2217.32,10691.2,0.0,10691.2,0.226083
2024-05,Pagbilao,INK EPSON #003 CYAN,5,5,0,1,5,0.8162,22975.02,10629.74,33604.75,0.0,33604.75,0.462665
2024-05,Pagbilao,INK EPSON #003 MAGENTA,1,1,0,1,1,0.1641,3638.48,2249.56,5888.04,0.0,5888.04,0.618269
2024-05,Pagbilao,MARKER BLACK (PILOT),1,1,0,1,1,0.1716,3734.15,1179.56,4913.72,0.0,4913.72,0.315884
2024-05,Pagbilao,MASKING TAPE 1INCH,1,1,0,1,1,0.1316,2919.11,1804.8,4723.92,0.0,4723.92,0.618271
2024-05,Pagbilao,MYGEL BLACK,2,2,0,1,2,0.2284,11066.58,1203.12,10753.91,0.0,10753.91,0.108717
2024-05,Pagbilao,SCOTCH TAPE 1'',1,1,0,1,1,0.1251,7786.18,2208.61,9994.8,0.0,9994.8,0.283658
2024-05,Pagbilao,STAPLE WIRE #35,1,1,0,1,1,0.2051,14453.16,9958.39,4494.77,0.0,4494.77,0.689011
2024-05,Pagbilao,STAPLER STANDARD TYPE (JOY),1,1,0,1,1,0.1392,9805.91,6756.39,3049.53,0.0,3049.53,0.689012
2024-05,Pagbilao,T SHIRT WITH PRINT,4,4,0,1,4,1.4985,38067.32,19217.41,54532.35,0.0,54532.35,0.504827
2024-05,Pagbilao,TRASH BAG MEDIUM BLACK,2,2,0,1,2,0.2227,12316.75,8825.33,8840.65,0.0,8840.65,0.716531
2024-05,QMC,DIFLOSID 25MG/ML 3ML,1,1,0,1,1,0.2226,7518.83,6819.29,14338.12,0.0,14338.12,0.906962
2024-05,QMC,EROXIME 750MG IV,1,1,0,1,1,0.1115,3764.51,3414.26,7178.77,0.0,7178.77,0.90696
2024-05,QMC,EUROXONE 1G IV,1,1,0,1,1,0.1568,5294.16,4801.6,10095.75,0.0,10095.75,0.906962
2024-05,QMC,EVAPROST 250MCG/ML,1,1,0,1,1,0.248,8375.74,7596.48,15972.23,0.0,15972.23,0.906962
2024-05,QMC,LACTAMOX 500MG/125MG,1,1,0,1,1,0.2611,8817.76,7997.37,16815.13,0.0,16815.13,0.906962
2024-06,Pagbilao,BALLPEN FINEPOINT,1,1,0,1,1,0.181,6837.26,1766.23,8603.49,0.0,8603.49,0.258324
2024-06,Pagbilao,BATHROOM TISSUE 2PLY 12'S (FEMME),1,1,0,1,1,0.1848,38476.17,19601.07,58077.24,0.0,58077.24,0.509434
2024-06,Pagbilao,BOND PAPER A4 (HARDCOPY),3,3,0,1,3,0.6243,53665.48,37739.07,22771.21,0.0,22771.21,0.703228
2024-06,Pagbilao,BOND PAPER LEGAL 80GSM (DOUBLE A),1,1,0,1,1,0.1192,2130.99,1281.99,3412.98,0.0,3412.98,0.601594
2024-06,Pagbilao,BOND PAPER LONG (HARDCOPY),3,3,0,1,3,0.6599,27961.41,13872.16,36598.21,0.0,36598.21,0.496118
2024-06,Pagbilao,CLEAR BOOK LEGAL/LONG,2,2,0,1,2,0.4912,66373.6,46576.99,19796.61,0.0,19796.61,0.70174
2024-06,Pagbilao,CORRECTION TAPE 20MM,3,3,0,1,3,0.8276,137772.02,90406.33,133905.13,0.0,133905.13,0.656202
2024-06,Pagbilao,DISINFECTANT SPRAY 170G 227ML (LYSOL),1,1,0,1,1,0.1282,26694.5,13599.08,40293.58,0.0,40293.58,0.509434
2024-06,Pagbilao,ELECTRICAL WIRE #14,1,1,0,1,1,0.1925,7269.53,1877.9,9147.43,0.0,9147.43,0.258325
2024-06,Pagbilao,FOLDER ORDINARY WHITE LONG 100'S,1,1,0,1,1,0.2371,8955.69,2313.48,11269.17,0.0,11269.17,0.258325
2024-06,Pagbilao,HARD COPY SUB#20 (8 1/2X13) LONG,3,3,0,1,3,0.8781,14948.51,7036.6,17790.38,0.0,17790.38,0.470723
2024-06,Pagbilao,HARD COPY SUB#20 A4,1,1,0,1,1,0.2351,5214.27,1811.05,3403.21,0.0,3403.21,0.347326
2024-06,Pagbilao,INK EPSON #003 BLACK,1,1,0,1,1,0.2408,50142.47,25544.28,75686.75,0.0,75686.75,0.509434
2024-06,Pagbilao,INK EPSON #003 CYAN,2,2,0,1,2,0.3225,40743.84,31358.55,9385.3,0.0,9385.3,0.769651
2024-06,Pagbilao,INK EPSON #003 MAGENTA,2,2,0,1,2,0.3469,13466.65,8909.42,22376.06,0.0,22376.06,0.661591
2024-06,Pagbilao,INK EPSON #003 YELLOW,4,4,0,1,4,0.6978,24155.02,11952.06,31962.5,0.0,31962.5,0.494806
2024-06,Pagbilao,MARKER BLACK (PILOT),2,2,0,1,2,0.3196,43181.48,30302.15,12879.32,0.0,12879.32,0.701739
2024-06,Pagbilao,MYGEL BLACK,3,3,0,1,3,0.4085,37774.82,17390.97,53392.58,0.0,53392.58,0.460385
2024-06,Pagbilao,RECORD BOOK 500PAGES (VALIANT),1,1,0,1,1,0.2193,4862.62,1688.92,3173.71,0.0,3173.71,0.347327
2024-06,Pagbilao,SCOTCH TAPE 1'',1,1,0,1,1,0.1391,1602.05,769.72,2371.77,0.0,2371.77,0.480459
2024-06,Pagbilao,STAPLE WIRE #35,3,3,0,1,3,0.5464,22018.07,10541.03,28212.87,0.0,28212.87,0.478745
2024-06,Provincial Tourism Office,BALLPEN FINEPOINT,1,1,0,1,1,0.1724,34929.56,17794.3,52723.86,0.0,52723.86,0.509434
2024-06,Provincial Tourism Office,BLEACHING LIQUID ORIGINAL 3785ML (ZONROX),1,1,0,1,1,0.1307,26488.05,13493.91,39981.96,0.0,39981.96,0.509434
2024-06,Provincial Tourism Office,BOND PAPER A4 (HARDCOPY),1,1,0,1,1,0.2262,45831.1,23347.92,69179.02,0.0,69179.02,0.509434
2024-06,Provincial Tourism Office,CLEAR BOOK LEGAL/LONG,2,2,0,1,2,0.5189,69101.1,35202.45,104303.56,0.0,104303.56,0.509434
2024-06,Provincial Tourism Office,ELECTRICAL WIRE #14,1,1,0,1,1,0.1833,37137.2,18918.95,56056.15,0.0,56056.15,0.509434
2024-06,Provincial Tourism Office,HARD COPY SUB#20 (8 1/2X13) LONG,1,1,0,1,1,0.2756,12961.93,6603.25,19565.17,0.0,19565.17,0.509434
2024-06,Provincial Tourism Office,HBW BLACK BALLPEN,1,1,0,1,1,0.1677,7889.07,4018.96,11908.04,0.0,11908.04,0.509434
2024-06,Provincial Tourism Office,INK EPSON #003 BLACK,1,1,0,1,1,0.1981,9315.81,4745.79,14061.59,0.0,14061.59,0.509434
2024-06,Provincial Tourism Office,SCOTCH TAPE 1'',1,1,0,1,1,0.1271,5976.18,3044.47,9020.65,0.0,9020.65,0.509434
2024-07,Pagbilao,BALLPEN FINEPOINT,3,3,0,1,3,0.3884,4705.2,2255.37,6960.59,0.0,6960.59,0.479336
2024-07,Pagbilao,BATHROOM TISSUE 2PLY 12'S (FEMME),1,1,0,1,1,0.1927,2315.65,778.43,3094.08,0.0,3094.08,0.33616
2024-07,Pagbilao,BLEACHING LIQUID ORIGINAL 3785ML (ZONROX),3,3,0,1,3,0.3533,4604.39,1309.53,5913.93,0.0,5913.93,0.284409
2024-07,Pagbilao,BOND PAPER A4 (HARDCOPY),3,3,0,1,3,0.5586,5531.32,2282.25,7813.56,0.0,7813.56,0.412605
2024-07,Pagbilao,BOND PAPER LEGAL 80GSM (DOUBLE A),2,2,0,1,2,0.2304,17049.15,3905.92,20955.07,0.0,20955.07,0.229098
2024-07,Pagbilao,BOND PAPER LONG (HARDCOPY),5,5,0,1,5,1.0534,80137.04,103017.84,175727.74,0.0,175727.74,1.285521
2024-07,Pagbilao,BP APPARATUS ANEROID SPHYGMOMANOMETER (BAXTEL),1,1,0,1,1,0.1293,761.5,518.33,1279.84,0.0,1279.84,0.68067
2024-07,Pagbilao,CLEAR BOOK LEGAL/LONG,3,3,0,1,3,0.8141,10128.5,2400.07,12528.57,0.0,12528.57,0.236962
2024-07,Pagbilao,CORRECTION TAPE 20MM,5,5,0,1,5,1.1956,97794.67,128791.45,217731.29,0.0,217731.29,1.316958
2024-07,Pagbilao,CORRECTION TAPE JOY,4,4,0,1,4,0.7796,36395.06,8796.66,45191.7,0.0,45191.7,0.241699
2024-07,Pagbilao,DISINFECTANT SPRAY 170G 227ML (LYSOL),2,2,0,1,2,0.2447,5524.99,2960.17,3598.84,0.0,3598.84,0.535778
2024-07,Pagbilao,ELECTRICAL WIRE #14,4,4,0,1,4,0.6361,34228.01,8836.25,36217.88,0.0,36217.88,0.258158
2024-07,Pagbilao,FOLDER ORDINARY WHITE LONG 100'S,1,1,0,1,1,0.1777,41267.99,87902.94,129170.92,0.0,129170.92,2.130051
2024-07,Pagbilao,HARD COPY SUB#20 (8 1/2X13) LONG,3,3,0,1,3,0.8694,14428.18,7694.55,9356.74,0.0,9356.74,0.5333
2024-07,Pagbilao,HARD COPY SUB#20 A4,1,1,0,1,1,0.2266,500.9,732.17,1233.06,0.0,1233.06,1.461709
2024-07,Pagbilao,HBW BLACK BALLPEN,3,3,0,1,3,0.5811,42585.26,84497.99,127083.24,0.0,127083.24,1.984207
2024-07,Pagbilao,INK CARTRIDGE TRI COLOR (HP680),3,3,0,1,3,0.3881,6101.26,2734.08,8835.32,0.0,8835.32,0.448117
2024-07,Pagbilao,INK EPSON #003 CYAN,2,2,0,1,2,0.3803,33537.99,4729.69,38049.69,0.0,38049.69,0.141025
2024-07,Pagbilao,INK EPSON #003 MAGENTA,1,1,0,1,1,0.141,16549.89,2830.47,13719.41,0.0,13719.41,0.171027
2024-07,Pagbilao,INK EPSON #003 YELLOW,4,4,0,1,4,0.6989,15388.79,7922.74,15891.8,0.0,15891.8,0.514838
2024-07,Pagbilao,MARKER BLACK (PILOT),2,2,0,1,2,0.3435,9316.64,356.14,9467.7,0.0,9467.7,0.038226
2024-07,Pagbilao,MASKING TAPE 1INCH,2,2,0,1,2,0.3049,2610.0,874.45,3484.45,0.0,3484.45,0.335038
2024-07,Pagbilao,MYGEL BLACK,2,2,0,1,2,0.2845,8386.47,675.97,8903.9,0.0,8903.9,0.080602
2024-07,Pagbilao,RECORD BOOK 500PAGES (VALIANT),6,6,0,1,6,1.4654,109542.66,121547.48,220506.55,0.0,220506.55,1.10959
2024-07,Pagbilao,SCOTCH TAPE 1'',2,2,0,1,2,0.3314,3525.35,856.64,4381.99,0.0,4381.99,0.242994
2024-07,Pagbilao,STAPLE WIRE #35,3,3,0,1,3,0.5553,4612.09,1813.65,6425.74,0.0,6425.74,0.393238
2024-07,Pagbilao,STAPLER STANDARD TYPE (JOY),2,2,0,1,2,0.2674,12270.8,2377.27,10619.55,0.0,10619.55,0.193734
2024-07,Pagbilao,T SHIRT WITH PRINT,6,6,0,1,6,2.2827,74016.3,22979.07,82551.47,0.0,82551.47,0.31046
2024-07,Pagbilao,TRASH BAG - BLACK - MEDIUM,1,1,0,1,1,0.1254,2809.78,2182.6,4992.38,0.0,4992.38,0.776787
2024-07,Provincial Tourism Office,BOND PAPER LONG (HARDCOPY),1,1,0,1,1,0.1888,96180.82,37016.3,59164.53,0.0,59164.53,0.384862
2024-07,Provincial Tourism Office,CORRECTION TAPE JOY,1,1,0,1,1,0.1821,92764.07,35701.32,57062.75,0.0,57062.75,0.384862
2024-07,Provincial Tourism Office,DISINFECTANT SPRAY 170G 227ML (LYSOL),1,1,0,1,1,0.0984,50137.04,19295.82,30841.23,0.0,30841.23,0.384862
2024-07,Provincial Tourism Office,INK EPSON #003 YELLOW,1,1,0,1,1,0.1494,76131.4,29300.04,46831.35,0.0,46831.35,0.384861
2024-07,Provincial Tourism Office,T SHIRT WITH PRINT,1,1,0,1,1,0.3813,194249.17,74759.02,119490.14,0.0,119490.14,0.384861
2024-08,Pagbilao,AMBILIN 500,1,1,0,1,1,0.2365,8417.81,2411.85,10829.66,0.0,10829.66,0.286518
2024-08,Pagbilao,BALLPEN FINEPOINT,4,4,0,1,4,0.5641,111314.18,50442.9,83678.95,0.0,83678.95,0.453158
2024-08,Pagbilao,BOND PAPER A4 (HARDCOPY),1,1,0,1,1,0.1946,1279.47,651.81,1931.28,0.0,1931.28,0.509438
2024-08,Pagbilao,BOND PAPER LEGAL 80GSM (DOUBLE A),2,2,0,1,2,0.2138,23464.61,18127.8,6694.49,0.0,6694.49,0.772559
2024-08,Pagbilao,BOND PAPER LONG (HARDCOPY),3,3,0,1,3,0.6756,36570.27,17477.91,54048.18,0.0,54048.18,0.477927
2024-08,Pagbilao,BP APPARATUS ANEROID SPHYGMOMANOMETER (BAXTEL),2,2,0,1,2,0.2475,18421.79,8782.71,27204.5,0.0,27204.5,0.476757
2024-08,Pagbilao,CLEAR BOOK LEGAL/LONG,4,4,0,1,4,0.9489,161882.75,99577.02,131339.0,0.0,131339.0,0.615118
2024-08,Pagbilao,CORRECTION TAPE 20MM,4,4,0,1,4,1.0304,115352.98,52582.65,108142.12,0.0,108142.12,0.455841
2024-08,Pagbilao,CORRECTION TAPE JOY,4,4,0,1,4,0.8234,113730.54,32509.31,146239.84,0.0,146239.84,0.285845
2024-08,Pagbilao,DISINFECTANT SPRAY 170G 227ML (LYSOL),2,2,0,1,2,0.24,1678.69,885.18,2563.87,0.0,2563.87,0.527304
2024-08,Pagbilao,ELECTRICAL WIRE #14,2,2,0,1,2,0.3367,913.22,311.71,1224.93,0.0,1224.93,0.341331
2024-08,Pagbilao,ENOCEE 500MG,1,1,0,1,1,0.1561,5557.69,1592.37,7150.06,0.0,7150.06,0.286517
2024-08,Pagbilao,FOLDER ORDINARY WHITE LONG 100'S,4,4,0,1,4,0.7611,56333.69,18848.23,75181.94,0.0,75181.94,0.334582
2024-08,Pagbilao,GENTAM 40MG,1,1,0,1,1,0.2383,8484.23,2430.87,10915.1,0.0,10915.1,0.286516
2024-08,Pagbilao,HARD COPY SUB#20 (8 1/2X13) LONG,2,2,0,1,2,0.5687,77687.58,18289.75,95977.33,0.0,95977.33,0.235427
2024-08,Pagbilao,HARD COPY SUB#20 A4,4,4,0,1,4,1.0155,36303.74,7292.74,43596.48,0.0,43596.48,0.200881
2024-08,Pagbilao,INK CARTRIDGE TRI COLOR (HP680),2,2,0,1,2,0.2403,1010.06,391.24,1401.3,0.0,1401.3,0.387343
2024-08,Pagbilao,INK EPSON #003 CYAN,2,2,0,1,2,0.3237,77014.41,35968.48,61250.62,0.0,61250.62,0.467036
2024-08,Pagbilao,INK EPSON #003 MAGENTA,1,1,0,1,1,0.1616,21384.66,10894.07,32278.73,0.0,32278.73,0.509434
2024-08,Pagbilao,LIFERZIN 250MG,1,1,0,1,1,0.1931,6873.06,1969.25,8842.31,0.0,8842.31,0.286517
2024-08,Pagbilao,MECLOP 5MG\ML,1,1,0,1,1,0.176,6267.21,1795.66,8062.87,0.0,8062.87,0.286517
2024-08,Pagbilao,MYGEL BLACK,3,3,0,1,3,0.3604,23715.34,14636.43,10543.03,0.0,10543.03,0.617171
2024-08,Pagbilao,RECORD BOOK 500PAGES (VALIANT),2,2,0,1,2,0.4551,71740.31,41581.24,60351.09,0.0,60351.09,0.579608
2024-08,Pagbilao,SCOTCH TAPE 1'',2,2,0,1,2,0.2638,17859.79,9098.38,26958.16,0.0,26958.16,0.509434
2024-08,Pagbilao,STAPLE WIRE #35,2,2,0,1,2,0.3467,47361.79,11150.24,58512.04,0.0,58512.04,0.235427
2024-08,Pagbilao,T SHIRT WITH PRINT,3,3,0,1,3,1.2282,89583.71,68565.0,26153.88,0.0,26153.88,0.765374
2024-08,QMC,DEXAMAX 4MG/ML (8MG/2ML) 2ML,1,1,0,1,1,0.2049,2946.15,2617.07,5563.21,0.0,5563.21,0.888302
2024-08,QMC,EROXIME 750MG IV,1,1,0,1,1,0.1721,2473.99,2197.65,4671.64,0.0,4671.64,0.888302
2024-08,QMC,EUROXONE 1G IV,1,1,0,1,1,0.1608,2311.41,2053.23,4364.64,0.0,4364.64,0.888302
2024-08,QMC,EVAPROST 250MCG/ML,1,1,0,1,1,0.1696,2438.38,2166.01,4604.4,0.0,4604.4,0.888299
2024-08,QMC,LACTAMOX 500MG/125MG,1,1,0,1,1,0.2927,4208.07,3738.04,7946.11,0.0,7946.11,0.888303
2024-09,Pagbilao,AIRCON SPLIT TYPE 2HP INVERTER (CARRIER),1,1,0,1,1,0.15,6746.0,3284.28,10030.29,0.0,10030.29,0.486849
2024-09,Pagbilao,BALLPEN FINEPOINT,3,3,0,1,3,0.4795,158720.73,52523.78,115570.07,0.0,115570.07,0.330919
2024-09,Pagbilao,BATHROOM TISSUE 2PLY 12'S (FEMME),2,2,0,1,2,0.3013,164502.0,52628.02,112515.68,0.0,112515.68,0.319923
2024-09,Pagbilao,BOND PAPER LEGAL 80GSM (DOUBLE A),1,1,0,1,1,0.098,2629.55,1789.86,4419.41,0.0,4419.41,0.680672
2024-09,Pagbilao,BP APPARATUS ANEROID SPHYGMOMANOMETER (BAXTEL),1,1,0,1,1,0.1573,1754.92,1194.52,2949.44,0.0,2949.44,0.680669
2024-09,Pagbilao,CLEAR BOOK LEGAL/LONG,1,1,0,1,1,0.2101,5638.95,3838.28,9477.22,0.0,9477.22,0.680673
2024-09,Pagbilao,CORRECTION TAPE JOY,2,2,0,1,2,0.4051,12193.63,8299.87,20493.5,0.0,20493.5,0.680673
2024-09,Pagbilao,ELECTRICAL WIRE #14,1,1,0,1,1,0.1819,7680.32,5227.78,12908.09,0.0,12908.09,0.680672
2024-09,Pagbilao,FOLDER ORDINARY WHITE LONG 100'S,2,2,0,1,2,0.378,11378.49,7745.01,19123.51,0.0,19123.51,0.680671
2024-09,Pagbilao,HARD COPY SUB#20 A4,3,3,0,1,3,0.6399,265059.43,87524.07,188824.55,0.0,188824.55,0.330205
2024-09,Pagbilao,INK EPSON #003 CYAN,3,3,0,1,3,0.4665,9552.82,5073.36,14626.19,0.0,14626.19,0.531085
2024-09,Pagbilao,INK EPSON #003 MAGENTA,1,1,0,1,1,0.1972,8323.02,5665.25,13988.27,0.0,13988.27,0.680672
2024-09,Pagbilao,INK EPSON #003 YELLOW,1,1,0,1,1,0.2383,2658.94,1809.87,4468.81,0.0,4468.81,0.680674
2024-09,Pagbilao,MARKER BLACK (PILOT),1,1,0,1,1,0.2243,2502.82,1703.6,4206.42,0.0,4206.42,0.680672
2024-09,Pagbilao,MASKING TAPE 1INCH,1,1,0,1,1,0.1206,138697.36,44228.73,94468.63,0.0,94468.63,0.318887
2024-09,Pagbilao,MYGEL BLACK,2,2,0,1,2,0.279,4770.5,3247.15,8017.66,0.0,8017.66,0.680673
2024-09,Pagbilao,SCOTCH TAPE 1'',1,1,0,1,1,0.1565,6605.16,4495.95,11101.11,0.0,11101.11,0.680672
2024-09,Pagbilao,STAPLER STANDARD TYPE (JOY),1,1,0,1,1,0.119,353.46,240.59,594.05,0.0,594.05,0.680671
2024-09,Pagbilao,T SHIRT WITH PRINT,5,5,0,1,5,1.9439,475241.46,160317.77,354349.41,0.0,354349.41,0.33734
2024-09,Pagbilao,TRASH BAG - BLACK - MEDIUM,2,2,0,1,2,0.2537,6028.99,3008.96,9037.94,0.0,9037.94,0.499082
2024-10,Pagbilao,AIRCON SPLIT TYPE 2HP INVERTER (CARRIER),2,2,0,1,2,0.3008,19654.56,21685.51,41340.07,0.0,41340.07,1.103332
2024-10,Pagbilao,BALLPEN FINEPOINT,2,2,0,1,2,0.2844,8239.07,4438.63,4225.98,0.0,4225.98,0.538729
2024-10,Pagbilao,BATHROOM TISSUE 2PLY 12'S (FEMME),3,3,0,1,3,0.482,17857.65,9464.21,21215.0,0.0,21215.0,0.529981
2024-10,Pagbilao,BOND PAPER A4 (HARDCOPY),1,1,0,1,1,0.1794,3940.29,2682.04,6622.33,0.0,6622.33,0.680671
2024-10,Pagbilao,BOND PAPER LEGAL 80GSM (DOUBLE A),1,1,0,1,1,0.1181,708.69,165.36,874.06,0.0,874.06,0.233332
2024-10,Pagbilao,BP APPARATUS ANEROID SPHYGMOMANOMETER (BAXTEL),1,1,0,1,1,0.1209,2687.76,1829.49,4517.25,0.0,4517.25,0.680675
2024-10,Pagbilao,CLEAR BOOK LEGAL/LONG,4,4,0,1,4,0.8697,19961.51,12573.25,18448.9,0.0,18448.9,0.629875
2024-10,Pagbilao,CORRECTION TAPE 20MM,2,2,0,1,2,0.5637,37311.98,39599.05,76911.03,0.0,76911.03,1.061296
2024-10,Pagbilao,CORRECTION TAPE JOY,1,1,0,1,1,0.1582,21671.01,10514.03,11156.98,0.0,11156.98,0.485166
2024-10,Pagbilao,ELECTRICAL WIRE #14,2,2,0,1,2,0.2893,15213.62,8167.43,14396.11,0.0,14396.11,0.53685
2024-10,Pagbilao,HARD COPY SUB#20 (8 1/2X13) LONG,5,5,0,1,5,1.2298,67304.04,38371.5,75984.05,0.0,75984.05,0.570122
2024-10,Pagbilao,HARD COPY SUB#20 A4,5,5,0,1,5,1.1312,66384.08,53770.57,94516.08,0.0,94516.08,0.809992
2024-10,Pagbilao,HBW BLACK BALLPEN,2,2,0,1,2,0.3434,11827.2,8050.44,19877.64,0.0,19877.64,0.680672
2024-10,Pagbilao,INK EPSON #003 BLACK,4,4,0,1,4,0.8368,20559.36,11566.21,32125.57,0.0,32125.57,0.562576
2024-10,Pagbilao,INK EPSON #003 MAGENTA,1,1,0,1,1,0.1219,2606.45,2420.51,5026.95,0.0,5026.95,0.928662
2024-10,Pagbilao,MASKING TAPE 1INCH,3,3,0,1,3,0.3799,23033.23,22964.1,45997.33,0.0,45997.33,0.996999
2024-10,Pagbilao,MYGEL BLACK,1,1,0,1,1,0.0944,12939.13,6277.62,6661.51,0.0,6661.51,0.485166
2024-10,Pagbilao,RECORD BOOK 500PAGES (VALIANT),1,1,0,1,1,0.223,11149.61,5519.06,16668.66,0.0,16668.66,0.495
2024-10,Pagbilao,REFRIGERATOR 22CU.FT TWO DOOR UPRIGHT CHILLER (FUJIDENZO),2,2,0,1,2,0.2891,18893.37,20845.66,39739.03,0.0,39739.03,1.103332
2024-10,Pagbilao,SCOTCH TAPE 1'',2,2,0,1,2,0.2447,11045.02,6453.49,12392.32,0.0,12392.32,0.58429
2024-10,Pagbilao,STAPLE WIRE #35,1,1,0,1,1,0.1717,7025.48,3374.86,3650.63,0.0,3650.63,0.480374
2024-10,Pagbilao,T SHIRT WITH PRINT,6,6,0,1,6,2.2048,113404.9,64309.13,92429.76,0.0,92429.76,0.567075
2024-10,Pagbilao,TRASH BAG - BLACK - MEDIUM,3,3,0,1,3,0.363,14249.47,7999.31,9859.26,0.0,9859.26,0.561376
2024-10,QMC,AMBIDOL 50MG/ML (100MG/2ML) 2ML,1,1,0,1,1,0.1967,6617.25,2415.71,9032.96,0.0,9032.96,0.365063
2024-10,QMC,ANTIZOAL 5MG/ML,2,2,0,1,2,0.3266,33366.47,9679.99,43046.47,0.0,43046.47,0.290111
2024-10,QMC,ANTIZOAL 5MG/ML (500MG/100ML) 100ML,3,3,0,1,3,1.1165,146432.18,61432.2,132035.15,0.0,132035.15,0.419527
2024-10,QMC,BUPIRIGHT 5MG/ML 0.5% IN 8% 4ML,1,1,0,1,1,0.1802,6061.93,2212.98,8274.91,0.0,8274.91,0.365062
2024-10,QMC,CETHERGO 200MCG/ML IV,1,1,0,1,1,0.1108,17413.17,4827.39,22240.56,0.0,22240.56,0.277226
2024-10,QMC,DEXAMAX 4MG/ML (8MG/2ML) 2ML,1,1,0,1,1,0.2555,145942.8,57666.49,203609.29,0.0,203609.29,0.395131
2024-10,QMC,DOLO-JAGA 500MG/50MG/100MG/100MCG,1,1,0,1,1,0.2863,163507.39,64606.81,228114.19,0.0,228114.19,0.395131
2024-10,QMC,EVAPROST 125MCG/ML,1,1,0,1,1,0.0979,19226.7,11175.39,8051.31,0.0,8051.31,0.581243
2024-10,QMC,EVAPROST 250MCG/ML IV,1,1,0,1,1,0.1687,33121.66,19251.74,13869.92,0.0,13869.92,0.581243
2024-10,QMC,GYNE-TOCIN 10IU/ML IV,2,2,0,1,2,0.1916,70496.12,26111.7,96607.82,0.0,96607.82,0.370399
2024-10,QMC,LACTAMOX 500MG/125MG,1,1,0,1,1,0.2677,52573.07,30557.74,22015.32,0.0,22015.32,0.581243
2024-10,QMC,PHYTOBAS 10MG/ML IV,4,4,0,1,4,0.6174,158497.44,64210.11,192232.53,0.0,192232.53,0.405118
2024-10,QMC,RAXIDINE 25MG/ML 2ML,1,1,0,1,1,0.184,105084.82,41522.25,146607.07,0.0,146607.07,0.395131
2024-11,Pagbilao,AIRCON SPLIT TYPE 2HP INVERTER (CARRIER),4,4,0,1,4,0.6731,65009.53,36620.85,101630.37,0.0,101630.37,0.563315
2024-11,Pagbilao,AMBILIN 500,1,1,0,1,1,0.2055,12263.87,6247.63,18511.5,0.0,18511.5,0.509434
2024-11,Pagbilao,BALLPEN FINEPOINT,1,1,0,1,1,0.1627,2684.2,1844.78,4528.98,0.0,4528.98,0.687274
2024-11,Pagbilao,BATHROOM TISSUE 2PLY 12'S (FEMME),1,1,0,1,1,0.1522,911.78,602.78,1514.56,0.0,1514.56,0.661102
2024-11,Pagbilao,BOND PAPER A4 (HARDCOPY),2,2,0,1,2,0.4251,15928.57,8157.1,24085.68,0.0,24085.68,0.512105
2024-11,Pagbilao,BOND PAPER LEGAL 80GSM (DOUBLE A),2,2,0,1,2,0.28,9299.37,6306.41,15605.78,0.0,15605.78,0.678155
2024-11,Pagbilao,BOND PAPER LONG (HARDCOPY),2,2,0,1,2,0.4639,71663.25,38973.04,110636.3,0.0,110636.3,0.543836
2024-11,Pagbilao,BP APPARATUS ANEROID SPHYGMOMANOMETER (BAXTEL),3,3,0,1,3,0.3684,12841.18,8915.17,21756.35,0.0,21756.35,0.694264
2024-11,Pagbilao,CLEAR BOOK LEGAL/LONG,6,6,0,1,6,1.5849,49223.32,34504.38,83727.7,0.0,83727.7,0.700976
2024-11,Pagbilao,CORRECTION TAPE 20MM,3,3,0,1,3,0.7282,21472.94,14116.93,35589.88,0.0,35589.88,0.657429
2024-11,Pagbilao,CORRECTION TAPE JOY,2,2,0,1,2,0.4605,70492.97,38549.64,109042.63,0.0,109042.63,0.546858
2024-11,Pagbilao,ELECTRICAL WIRE #14,1,1,0,1,1,0.151,425.73,289.78,715.5,0.0,715.5,0.680666
2024-11,Pagbilao,FACEMASK BLUE,1,1,0,1,1,0.1281,7646.25,3895.26,11541.5,0.0,11541.5,0.509434
2024-11,Pagbilao,FOLDER ORDINARY WHITE LONG 100'S,3,3,0,1,3,0.6153,22192.6,15868.22,38060.81,0.0,38060.81,0.715023
2024-11,Pagbilao,HARD COPY SUB#20 (8 1/2X13) LONG,3,3,0,1,3,0.8319,15387.7,10439.75,25827.44,0.0,25827.44,0.678448
2024-11,Pagbilao,HARD COPY SUB#20 A4,1,1,0,1,1,0.3144,4204.51,2810.32,7014.83,0.0,7014.83,0.668406
2024-11,Pagbilao,HBW BLACK BALLPEN,2,2,0,1,2,0.3828,15026.07,10616.69,25642.76,0.0,25642.76,0.706551
2024-11,Pagbilao,INK CARTRIDGE TRI COLOR (HP680),1,1,0,1,1,0.0972,1341.26,676.46,2017.72,0.0,2017.72,0.504347
2024-11,Pagbilao,INK EPSON #003 CYAN,2,2,0,1,2,0.3524,6461.45,3842.42,10303.87,0.0,10303.87,0.594668
2024-11,Pagbilao,INK EPSON #003 MAGENTA,2,2,0,1,2,0.3221,12118.96,5906.98,18025.94,0.0,18025.94,0.487416
2024-11,Pagbilao,INK EPSON #003 YELLOW,1,1,0,1,1,0.2034,10955.03,7456.78,18411.81,0.0,18411.81,0.680672
2024-11,Pagbilao,MARKER BLACK (PILOT),1,1,0,1,1,0.151,904.23,597.79,1502.03,0.0,1502.03,0.661104
2024-11,Pagbilao,MASKING TAPE 1INCH,3,3,0,1,3,0.4357,49130.59,26766.9,75897.49,0.0,75897.49,0.544811
2024-11,Pagbilao,MECLOP 5MG\ML,1,1,0,1,1,0.1501,8960.01,4564.53,13524.55,0.0,13524.55,0.509434
2024-11,Pagbilao,"MICROPORE 1"" - 1530-1 - 3M",1,1,0,1,1,0.2759,16468.62,8389.68,24858.3,0.0,24858.3,0.509434
2024-11,Pagbilao,MYGEL BLACK,2,2,0,1,2,0.2455,11879.69,6613.55,18493.23,0.0,18493.23,0.556711
2024-11,Pagbilao,RECORD BOOK 500PAGES (VALIANT),1,1,0,1,1,0.2267,639.35,435.19,1074.54,0.0,1074.54,0.680676
2024-11,Pagbilao,REFRIGERATOR 22CU.FT TWO DOOR UPRIGHT CHILLER (FUJIDENZO),1,1,0,1,1,0.1789,9635.97,6558.94,16194.9,0.0,16194.9,0.680673
2024-11,Pagbilao,SCOTCH TAPE 1'',4,4,0,1,4,0.5425,6096.56,3972.27,10068.83,0.0,10068.83,0.651559
2024-11,Pagbilao,SHARJVAX 1500 I.U. / 0.7ML,1,1,0,1,1,0.2404,14352.5,7311.65,21664.15,0.0,21664.15,0.509434
2024-11,Pagbilao,STAPLE WIRE #35,3,3,0,1,3,0.5228,61400.73,33316.95,94717.68,0.0,94717.68,0.542615
2024-11,Pagbilao,STAPLER STANDARD TYPE (JOY),2,2,0,1,2,0.2643,3455.26,2616.14,6071.41,0.0,6071.41,0.757147
2024-11,Pagbilao,T SHIRT WITH PRINT,4,4,0,1,4,1.5771,44131.7,21780.0,65911.68,0.0,65911.68,0.493523
2024-11,Pagbilao,TRASH BAG - BLACK - MEDIUM,2,2,0,1,2,0.286,10717.04,5488.25,16205.3,0.0,16205.3,0.512105
2024-12,Pagbilao,AIRCON SPLIT TYPE 2HP INVERTER (CARRIER),3,3,0,1,3,0.415,64803.8,13381.12,78184.91,0.0,78184.91,0.206487
2024-12,Pagbilao,BALLPEN FINEPOINT,7,7,0,1,7,1.1504,806766.34,692816.47,1413392.49,0.0,1413392.49,0.858757
2024-12,Pagbilao,BATHROOM TISSUE 2PLY 12'S (FEMME),5,5,0,1,5,0.7941,876039.36,683637.9,1520345.21,0.0,1520345.21,0.780373
2024-12,Pagbilao,BOND PAPER A4 (HARDCOPY),2,2,0,1,2,0.4031,3843.31,1612.81,5456.11,0.0,5456.11,0.419641
2024-12,Pagbilao,BOND PAPER LEGAL 80GSM (DOUBLE A),5,5,0,1,5,0.6065,5345.08,7504.6,11847.16,0.0,11847.16,1.40402
2024-12,Pagbilao,BOND PAPER LONG (HARDCOPY),10,10,0,1,10,2.0217,390633.43,170310.2,548264.93,0.0,548264.93,0.435985
2024-12,Pagbilao,CLEAR BOOK LEGAL/LONG,5,5,0,1,5,1.2172,468568.47,147255.63,555865.34,0.0,555865.34,0.314267
2024-12,Pagbilao,CORRECTION TAPE 20MM,3,3,0,1,3,0.6827,551553.25,381934.79,172355.17,0.0,172355.17,0.692471
2024-12,Pagbilao,CORRECTION TAPE JOY,6,6,0,1,6,1.3068,816695.14,819070.44,1554856.14,0.0,1554856.14,1.002908
2024-12,Pagbilao,ELECTRICAL WIRE #14,4,4,0,1,4,0.6457,439943.57,164444.68,603016.81,0.0,603016.81,0.373786
2024-12,Pagbilao,FOLDER ORDINARY WHITE LONG 100'S,3,3,0,1,3,0.6583,715418.39,720819.29,1436237.68,0.0,1436237.68,1.007549
2024-12,Pagbilao,HARD COPY SUB#20 (8 1/2X13) LONG,8,8,0,1,8,2.2032,510310.85,215803.56,726114.42,0.0,726114.42,0.422886
2024-12,Pagbilao,HARD COPY SUB#20 A4,3,3,0,1,3,0.6757,603187.6,417239.84,221537.5,0.0,221537.5,0.691725
2024-12,Pagbilao,HBW BLACK BALLPEN,3,3,0,1,3,0.5765,37051.6,34152.66,12174.88,0.0,12174.88,0.921759
2024-12,Pagbilao,INK CARTRIDGE TRI COLOR (HP680),3,3,0,1,3,0.3867,210256.47,68755.31,237237.25,0.0,237237.25,0.327007
2024-12,Pagbilao,INK EPSON #003 BLACK,8,8,0,1,8,1.656,176286.72,66098.82,191166.41,0.0,191166.41,0.374951
2024-12,Pagbilao,INK EPSON #003 CYAN,1,1,0,1,1,0.2096,4974.87,3386.25,8361.12,0.0,8361.12,0.680671
2024-12,Pagbilao,INK EPSON #003 MAGENTA,1,1,0,1,1,0.1784,794.83,347.01,1141.85,0.0,1141.85,0.436584
2024-12,Pagbilao,INK EPSON #003 YELLOW,3,3,0,1,3,0.5271,8296.93,9149.36,17446.3,0.0,17446.3,1.10274
2024-12,Pagbilao,MARKER BLACK (PILOT),4,4,0,1,4,0.595,40846.51,35034.38,18214.01,0.0,18214.01,0.857708
2024-12,Pagbilao,MASKING TAPE 1INCH,3,3,0,1,3,0.3937,283910.48,195853.02,88057.47,0.0,88057.47,0.689841
2024-12,Pagbilao,MYGEL BLACK,2,2,0,1,2,0.2781,30594.46,15691.83,16133.89,0.0,16133.89,0.512898
2024-12,Pagbilao,NUTRIBOARD WITHOUT BAG,2,2,0,1,2,0.4707,50712.51,43259.94,18821.29,0.0,18821.29,0.853043
2024-12,Pagbilao,RECORD BOOK 500PAGES (VALIANT),5,5,0,1,5,1.2184,366146.7,202048.67,481254.33,0.0,481254.33,0.551824
2024-12,Pagbilao,REFRIGERATOR 22CU.FT TWO DOOR UPRIGHT CHILLER (FUJIDENZO),2,2,0,1,2,0.3309,548872.94,554221.92,1103094.85,0.0,1103094.85,1.009745
2024-12,Pagbilao,SCOTCH TAPE 1'',4,4,0,1,4,0.5214,49236.49,34748.43,35368.26,0.0,35368.26,0.705745
2024-12,Pagbilao,STAPLE WIRE #35,1,1,0,1,1,0.1697,70413.1,9162.19,79575.28,0.0,79575.28,0.130121
2024-12,Pagbilao,STAPLER STANDARD TYPE (JOY),2,2,0,1,2,0.1994,247378.41,169932.88,78139.19,0.0,78139.19,0.686935
2024-12,Pagbilao,T SHIRT WITH PRINT,8,8,0,1,8,2.9471,1653908.72,884382.1,1141186.94,0.0,1141186.94,0.534722
2024-12,Pagbilao,TRASH BAG - BLACK - MEDIUM,4,4,0,1,4,0.5611,25303.76,14138.4,39442.16,0.0,39442.16,0.558747
2024-12,QMC,BATHROOM TISSUE 2PLY 12'S (FEMME),1,1,0,1,1,0.1303,7987.74,4690.42,12678.16,0.0,12678.16,0.587202
2024-12,QMC,CORRECTION TAPE 20MM,1,1,0,1,1,0.2148,13164.29,7730.1,20894.39,0.0,20894.39,0.587202
2024-12,QMC,CORRECTION TAPE JOY,1,1,0,1,1,0.1673,10254.45,6021.44,16275.89,0.0,16275.89,0.587203
2024-12,QMC,HARD COPY SUB#20 (8 1/2X13) LONG,1,1,0,1,1,0.2984,5013.33,3937.98,8951.31,0.0,8951.31,0.785502
2024-12,QMC,HARD COPY SUB#20 A4,1,1,0,1,1,0.2576,4329.04,3400.46,7729.5,0.0,7729.5,0.7855
2024-12,QMC,INK EPSON #003 CYAN,1,1,0,1,1,0.1373,8413.93,4940.67,13354.6,0.0,13354.6,0.587201
2024-12,QMC,INK EPSON #003 MAGENTA,1,1,0,1,1,0.1734,2913.57,2288.62,5202.19,0.0,5202.19,0.785504
2024-12,QMC,SCOTCH TAPE 1'',1,1,0,1,1,0.1377,2313.2,1817.02,4130.22,0.0,4130.22,0.785501
2024-12,QMC,T SHIRT WITH PRINT,1,1,0,1,1,0.3502,21462.27,12602.69,34064.96,0.0,34064.96,0.587202
2024-12,QMC,TRASH BAG - BLACK - MEDIUM,1,1,0,1,1,0.1329,2232.86,1753.92,3986.78,0.0,3986.78,0.785504
2025-01,Pagbilao,BATHROOM TISSUE 2PLY 12'S (FEMME),1,1,0,1,1,0.1243,525832.85,912358.44,1438191.29,0.0,1438191.29,1.735073
2025-01,Pagbilao,BOND PAPER LONG (HARDCOPY),1,1,0,1,1,0.1655,699902.04,1214381.23,1914283.27,0.0,1914283.27,1.735073
2025-01,Pagbilao,CLEAR BOOK LEGAL/LONG,1,1,0,1,1,0.2652,364415.44,184329.5,548744.93,0.0,548744.93,0.505822
2025-01,Pagbilao,CORRECTION TAPE JOY,1,1,0,1,1,0.2234,306887.53,155230.59,462118.13,0.0,462118.13,0.505822
2025-01,Pagbilao,HARD COPY SUB#20 A4,1,1,0,1,1,0.1946,822976.37,1427924.17,2250900.54,0.0,2250900.54,1.735073
2025-01,Pagbilao,INK CARTRIDGE TRI COLOR (HP680),1,1,0,1,1,0.1359,186661.47,94417.56,281079.03,0.0,281079.03,0.505822
2025-01,Pagbilao,INK EPSON #003 YELLOW,1,1,0,1,1,0.1833,251805.55,127368.89,379174.44,0.0,379174.44,0.505822
2025-01,Pagbilao,RECORD BOOK 500PAGES (VALIANT),1,1,0,1,1,0.1815,767777.33,1332149.82,2099927.15,0.0,2099927.15,1.735073
2025-01,Pagbilao,STAPLE WIRE #35,1,1,0,1,1,0.1923,264230.01,133653.46,397883.47,0.0,397883.47,0.505822
2025-01,Pagbilao,T SHIRT WITH PRINT,1,1,0,1,1,0.3341,1412860.85,2451416.9,3864277.75,0.0,3864277.75,1.735073
2025-02,Pagbilao,AIRCON SPLIT TYPE 2HP INVERTER (CARRIER),1,1,0,1,1,0.1581,65623.96,8539.02,74162.98,0.0,74162.98,0.13012
2025-02,Pagbilao,BOND PAPER A4 (HARDCOPY),1,1,0,1,1,0.1969,81702.76,10631.2,92333.96,0.0,92333.96,0.13012
2025-02,Pagbilao,CLEAR BOOK LEGAL/LONG,1,1,0,1,1,0.2502,103828.51,13510.22,117338.73,0.0,117338.73,0.130121
2025-02,Pagbilao,CORRECTION TAPE 20MM,1,1,0,1,1,0.2206,577697.52,-409039.65,168657.87,0.0,168657.87,-0.708052
2025-02,Pagbilao,CORRECTION TAPE JOY,1,1,0,1,1,0.2282,48678.93,-24718.51,23960.41,0.0,23960.41,-0.507787
2025-02,Pagbilao,HBW BLACK BALLPEN,1,1,0,1,1,0.1811,75150.37,9778.6,84928.97,0.0,84928.97,0.13012
2025-02,Pagbilao,INK CARTRIDGE TRI COLOR (HP680),1,1,0,1,1,0.1045,273710.26,-193800.99,79909.27,0.0,79909.27,-0.708052
2025-02,Pagbilao,INK EPSON #003 BLACK,2,2,0,1,2,0.388,545164.9,-311663.71,233501.19,0.0,233501.19,-0.571687
2025-02,Pagbilao,INK EPSON #003 MAGENTA,1,1,0,1,1,0.141,369234.0,-261436.73,107797.28,0.0,107797.28,-0.708052
2025-02,Pagbilao,INK EPSON #003 YELLOW,1,1,0,1,1,0.1872,39941.74,-20281.89,19659.86,0.0,19659.86,-0.507787
2025-02,Pagbilao,MARKER BLACK (PILOT),1,1,0,1,1,0.1763,37614.46,-19100.12,18514.33,0.0,18514.33,-0.507787
2025-02,Pagbilao,RECORD BOOK 500PAGES (VALIANT),1,1,0,1,1,0.2596,55365.61,-28113.92,27251.69,0.0,27251.69,-0.507787
2025-02,Pagbilao,SCOTCH TAPE 1'',1,1,0,1,1,0.1487,31711.26,-16102.56,15608.71,0.0,15608.71,-0.507787
2025-02,Pagbilao,T SHIRT WITH PRINT,1,1,0,1,1,0.3596,941843.68,-666873.92,274969.75,0.0,274969.75,-0.708052
2025-03,Gulang Gulang,EXECORE 500MG TAB,1,1,0,1,1,0.1807,6265.3,1699.12,7964.42,0.0,7964.42,0.271195
2025-03,Gulang Gulang,HYCLENS WOUND SPRAY (60ML),1,1,0,1,1,0.1508,5228.38,1417.92,6646.3,0.0,6646.3,0.271197
2025-03,Gulang Gulang,SOLVAPRINE 10MG TAB,1,1,0,1,1,0.2183,7570.2,2053.01,9623.21,0.0,9623.21,0.271196
2025-03,Gulang Gulang,TRIVASC 35MG,1,1,0,1,1,0.3416,11846.85,3212.82,15059.67,0.0,15059.67,0.271196
2025-03,Gulang Gulang,ZILTEM 25MG,1,1,0,1,1,0.1086,3765.27,1021.13,4786.4,0.0,4786.4,0.271197
2025-03,QMC,ARCH FILE LONG 3INCHES,1,1,0,1,1,0.0542,15160.72,7862.76,23023.49,0.0,23023.49,0.518627
2025-03,QMC,BREAD,1,1,0,1,1,0.1959,54780.0,28410.39,83190.39,0.0,83190.39,0.518627
2025-03,QMC,CAMERA WITH SD CARD AND LENS EOS RP RF24-105MM PRO (CANON),1,1,0,1,1,0.2836,79309.42,41132.02,120441.43,0.0,120441.43,0.518627
2025-03,QMC,MINERAL WATER 330ML (NATURE SPRING),1,1,0,1,1,0.1863,52109.49,27025.39,79134.88,0.0,79134.88,0.518627
2025-03,QMC,"QMC 787,170",1,1,0,1,1,0.2801,78340.37,40629.44,118969.81,0.0,118969.81,0.518627
2025-04,PESO Provincial,BALLPEN FINEPOINT,1,1,0,1,1,0.1548,2019.69,-499.29,1520.4,0.0,1520.4,-0.247211
2025-04,PESO Provincial,BATHROOM TISSUE 2PLY 12'S (FEMME),1,1,0,1,1,0.1607,10662.7,5619.93,16282.62,0.0,16282.62,0.527064
2025-04,PESO Provincial,BOND PAPER A4 (HARDCOPY),1,1,0,1,1,0.1927,12790.95,6741.65,19532.6,0.0,19532.6,0.527064
2025-04,PESO Provincial,CLEAR BOOK LEGAL/LONG,1,1,0,1,1,0.2449,16254.12,8566.97,24821.09,0.0,24821.09,0.527065
2025-04,PESO Provincial,CORPILYN 250MG,1,1,0,1,1,0.1791,113042.89,58754.82,171797.71,0.0,171797.71,0.519757
2025-04,PESO Provincial,CORPILYN 500MG,1,1,0,1,1,0.132,83350.56,43322.02,126672.57,0.0,126672.57,0.519757
2025-04,PESO Provincial,CORRECTION TAPE 20MM,1,1,0,1,1,0.279,3639.56,-899.75,2739.82,0.0,2739.82,-0.247214
2025-04,PESO Provincial,ENOXAGET-40 40MG/0.4ML,1,1,0,1,1,0.1733,109411.42,56867.33,166278.76,0.0,166278.76,0.519757
2025-04,PESO Provincial,FOLDER ORDINARY WHITE LONG 100'S,1,1,0,1,1,0.1925,12775.5,6733.51,19509.02,0.0,19509.02,0.527064
2025-04,PESO Provincial,HBW BLACK BALLPEN,1,1,0,1,1,0.1868,2436.68,-602.38,1834.3,0.0,1834.3,-0.247213
2025-04,PESO Provincial,INK CARTRIDGE TRI COLOR (HP680),1,1,0,1,1,0.1322,1724.44,-426.3,1298.13,0.0,1298.13,-0.247211
2025-04,PESO Provincial,INK EPSON #003 BLACK,1,1,0,1,1,0.2092,13885.9,7318.77,21204.67,0.0,21204.67,0.527065
2025-04,PESO Provincial,IV CANNULA WITH WINGS LUER LOCK G22 .8X25MM (CATHULA),1,1,0,1,1,0.2668,168447.79,87551.89,255999.68,0.0,255999.68,0.519757
2025-04,PESO Provincial,MICROSCOT 20MG 5G,1,1,0,1,1,0.2488,157032.54,81618.74,238651.28,0.0,238651.28,0.519757
2025-04,PESO Provincial,RECORD BOOK 500PAGES (VALIANT),1,1,0,1,1,0.2472,3224.48,-797.13,2427.35,0.0,2427.35,-0.247212
2025-04,Pagbilao,CLEAR BOOK LEGAL/LONG,1,1,0,1,1,0.1699,1103.71,573.66,1677.37,0.0,1677.37,0.519756
2025-04,Pagbilao,CORRECTION TAPE 20MM,1,1,0,1,1,0.1836,1193.26,620.21,1813.47,0.0,1813.47,0.519761
2025-04,Pagbilao,HARD COPY SUB#20 (8 1/2X13) LONG,1,1,0,1,1,0.202,1312.34,682.1,1994.44,0.0,1994.44,0.519759
2025-04,Pagbilao,INK EPSON #003 BLACK,1,1,0,1,1,0.1451,942.9,490.08,1432.98,0.0,1432.98,0.519758
2025-04,Pagbilao,T SHIRT WITH PRINT,1,1,0,1,1,0.2994,1945.54,1011.2,2956.74,0.0,2956.74,0.519753
2025-05,Gulang Gulang,AMOLTEX 2MG/5ML,1,1,0,1,1,0.155,5014.58,2507.29,7521.87,0.0,7521.87,0.5
2025-05,Gulang Gulang,HYCLENS GARGLE 0.12% 120ML,1,1,0,1,1,0.1468,4747.9,2373.95,7121.85,0.0,7121.85,0.5
2025-05,Gulang Gulang,HYCLENS WOUND SPRAY (60ML),1,1,0,1,1,0.1261,4080.11,2040.06,6120.17,0.0,6120.17,0.500001
2025-05,Gulang Gulang,KZIDINE 35MG,1,1,0,1,1,0.3689,11932.53,5966.26,17898.79,0.0,17898.79,0.5
2025-05,Gulang Gulang,TRIVASC 35MG MR,1,1,0,1,1,0.2032,6574.88,3287.44,9862.32,0.0,9862.32,0.5
2025-05,Pagbilao,ABHAY-TOX 40IU/0.5ML VIAL,1,1,0,1,1,0.2087,248071.24,50615.45,298686.69,0.0,298686.69,0.204036
2025-05,Pagbilao,AIRCON SPLIT TYPE 2HP INVERTER (CARRIER),1,1,0,1,1,0.15,6739.76,3113.62,9853.39,0.0,9853.39,0.461978
2025-05,Pagbilao,AMCETAM 150MG/ML 2ML,2,2,0,1,2,0.6397,870864.45,248745.33,1119609.78,0.0,1119609.78,0.28563
2025-05,Pagbilao,BALLPEN FINEPOINT,1,1,0,1,1,0.1476,876.96,455.8,1332.76,0.0,1332.76,0.51975
2025-05,Pagbilao,BATHROOM TISSUE 2PLY 12'S (FEMME),1,1,0,1,1,0.1471,222561.93,97189.87,319751.8,0.0,319751.8,0.436687
2025-05,Pagbilao,BOND PAPER A4 (HARDCOPY),1,1,0,1,1,0.1765,266984.91,116588.8,383573.72,0.0,383573.72,0.436687
2025-05,Pagbilao,BOND PAPER LEGAL 80GSM (DOUBLE A),1,1,0,1,1,0.1147,681.44,354.18,1035.62,0.0,1035.62,0.519752
2025-05,Pagbilao,BOND PAPER LONG (HARDCOPY),1,1,0,1,1,0.2073,9309.99,4301.02,13611.01,0.0,13611.01,0.461979
2025-05,Pagbilao,CLEAR BOOK LEGAL/LONG,1,1,0,1,1,0.2374,10662.3,4925.76,15588.05,0.0,15588.05,0.461979
2025-05,Pagbilao,CORPILYN 250MG,1,1,0,1,1,0.1359,161538.8,32959.72,194498.52,0.0,194498.52,0.204036
2025-05,Pagbilao,CORRECTION TAPE JOY,1,1,0,1,1,0.2407,701919.12,822482.21,1524401.33,0.0,1524401.33,1.171762
2025-05,Pagbilao,FOLDER ORDINARY WHITE LONG 100'S,1,1,0,1,1,0.1866,8380.41,3871.57,12251.98,0.0,12251.98,0.461979
2025-05,Pagbilao,HAIXONE WITH DILUENT 1G,1,1,0,1,1,0.1054,161247.1,56049.52,217296.62,0.0,217296.62,0.3476
2025-05,Pagbilao,HBW BLACK BALLPEN,2,2,0,1,2,0.3404,246628.68,107787.4,354416.08,0.0,354416.08,0.437043
2025-05,Pagbilao,HYDROCORTIBAS 100MG VIAL,1,1,0,1,1,0.2593,396753.98,137911.75,534665.73,0.0,534665.73,0.3476
2025-05,Pagbilao,INK CARTRIDGE TRI COLOR (HP680),1,1,0,1,1,0.126,748.75,389.17,1137.92,0.0,1137.92,0.51976
2025-05,Pagbilao,IV CANNULA WITH WINGS LUER LOCK G22 .8X25MM (CATHULA),2,2,0,1,2,0.4096,557648.5,159281.34,716929.84,0.0,716929.84,0.28563
2025-05,Pagbilao,MARKER BLACK (PILOT),1,1,0,1,1,0.186,542351.25,635506.63,1177857.88,0.0,1177857.88,1.171762
2025-05,Pagbilao,MASKING TAPE 1INCH,1,1,0,1,1,0.1585,462319.1,541727.99,1004047.09,0.0,1004047.09,1.171762
2025-05,Pagbilao,NEBULIZER KIT ADULT (SURGITECH),1,1,0,1,1,0.1366,162331.71,33121.51,195453.22,0.0,195453.22,0.204036
2025-05,Pagbilao,NUTRIBOARD WITHOUT BAG,2,2,0,1,2,0.4822,777932.95,904577.92,1682510.87,0.0,1682510.87,1.162797
2025-05,Pagbilao,T SHIRT WITH PRINT,2,2,0,1,2,0.829,600617.03,262495.61,863112.64,0.0,863112.64,0.437043
2025-05,Pagbilao,TRASH BAG - BLACK - MEDIUM,2,2,0,1,2,0.2701,621031.97,595635.9,1216667.86,0.0,1216667.86,0.959107
2025-05,Pagbilao,ZINACARE 750MG WITH DILUENT,1,1,0,1,1,0.1048,160329.16,55730.44,216059.6,0.0,216059.6,0.3476
2025-05,Provincial Tourism Office,BATHROOM TISSUE 2PLY 12'S (FEMME),1,1,0,1,1,0.144,2034.12,1057.25,3091.36,0.0,3091.36,0.519758
2025-05,Provincial Tourism Office,BOND PAPER LEGAL 80GSM (DOUBLE A),1,1,0,1,1,0.1336,10968.54,5700.97,16669.52,0.0,16669.52,0.519757
2025-05,Provincial Tourism Office,HARD COPY SUB#20 (8 1/2X13) LONG,1,1,0,1,1,0.3408,27975.14,14540.27,42515.4,0.0,42515.4,0.519757
2025-05,Provincial Tourism Office,HBW BLACK BALLPEN,1,1,0,1,1,0.1589,2244.4,1166.54,3410.95,0.0,3410.95,0.519756
2025-05,Provincial Tourism Office,INK EPSON #003 MAGENTA,1,1,0,1,1,0.1981,16258.32,8450.37,24708.69,0.0,24708.69,0.519757
2025-05,Provincial Tourism Office,MARKER BLACK (PILOT),1,1,0,1,1,0.1865,15309.9,7957.43,23267.33,0.0,23267.33,0.519757
2025-05,Provincial Tourism Office,NUTRIBOARD WITHOUT BAG,1,1,0,1,1,0.2023,2857.61,1485.26,4342.87,0.0,4342.87,0.519756
2025-05,Provincial Tourism Office,STAPLER STANDARD TYPE (JOY),2,2,0,1,2,0.249,13098.91,6808.25,19907.16,0.0,19907.16,0.519757
2025-05,Provincial Tourism Office,T SHIRT WITH PRINT,1,1,0,1,1,0.3869,5465.82,2840.9,8306.72,0.0,8306.72,0.519757
2025-05,QMC,ARCH FILE LONG 3INCHES,3,3,0,1,3,0.1626,10110.42,8868.92,18979.34,0.0,18979.34,0.877206
2025-05,QMC,BREAD,3,3,0,1,3,0.5876,36531.82,32045.92,68577.74,0.0,68577.74,0.877206
2025-05,QMC,CAMERA WITH SD CARD AND LENS EOS RP RF24-105MM PRO (CANON),3,3,0,1,3,0.8507,52890.05,46395.48,99285.52,0.0,99285.52,0.877206
2025-05,QMC,MINERAL WATER 330ML (NATURE SPRING),3,3,0,1,3,0.5589,34750.89,30483.7,65234.6,0.0,65234.6,0.877206
2025-05,QMC,"QMC 787,170",3,3,0,1,3,0.8403,52243.82,45828.58,98072.4,0.0,98072.4,0.877206
2025-06,Gulang Gulang,BENERVA PLUS 500MG/50MG/100MG/100MCG,1,1,0,1,1,0.1495,1961.78,1961.78,3923.56,0.0,3923.56,1.0
2025-06,Gulang Gulang,FERGLOBIN 250MG CAP,1,1,0,1,1,0.2519,3305.83,3305.83,6611.66,0.0,6611.66,1.0
2025-06,Gulang Gulang,HYCLENS WOUND SPRAY 2% 60ML,1,1,0,1,1,0.3068,4026.87,4026.87,8053.75,0.0,8053.75,1.0
2025-06,Gulang Gulang,TRIVASC 35MG,1,1,0,1,1,0.1779,2334.85,2334.85,4669.69,0.0,4669.69,1.0
2025-06,Gulang Gulang,TRIVASC 35MG MR,1,1,0,1,1,0.114,1495.67,1495.67,2991.34,0.0,2991.34,1.0
2025-06,PESO,BATHROOM TISSUE 2PLY 12'S (FEMME),1,1,0,1,1,0.1508,1753.26,911.27,2664.52,0.0,2664.52,0.519757
2025-06,PESO,BOND PAPER LEGAL 80GSM (DOUBLE A),1,1,0,1,1,0.1072,1246.05,647.64,1893.69,0.0,1893.69,0.519754
2025-06,PESO,CORRECTION TAPE 20MM,1,1,0,1,1,0.2485,2889.55,1501.87,4391.42,0.0,4391.42,0.519759
2025-06,PESO,CORRECTION TAPE JOY,1,1,0,1,1,0.1673,6093.18,3166.97,9260.15,0.0,9260.15,0.519757
2025-06,PESO,HARD COPY SUB#20 (8 1/2X13) LONG,2,2,0,1,2,0.5096,11781.15,6123.33,17904.48,0.0,17904.48,0.519757
2025-06,PESO,INK EPSON #003 CYAN,1,1,0,1,1,0.1373,4999.97,2598.77,7598.74,0.0,7598.74,0.519757
2025-06,PESO,RECORD BOOK 500PAGES (VALIANT),1,1,0,1,1,0.2202,2559.95,1330.55,3890.51,0.0,3890.51,0.519756
2025-06,PESO,SCOTCH TAPE 1'',1,1,0,1,1,0.109,3968.79,2062.8,6031.59,0.0,6031.59,0.519755
2025-06,PESO,T SHIRT WITH PRINT,1,1,0,1,1,0.3502,12755.26,6629.64,19384.9,0.0,19384.9,0.519757
2025-06,Pagbilao,AIRCON SPLIT TYPE 2HP INVERTER (CARRIER),1,1,0,1,1,0.1572,67238.46,34947.65,102186.1,0.0,102186.1,0.519757
2025-06,Pagbilao,AMCETAM 150MG/ML 2ML,1,1,0,1,1,0.293,21625.36,21061.29,42686.64,0.0,42686.64,0.973916
2025-06,Pagbilao,BATHROOM TISSUE 2PLY 12'S (FEMME),3,3,0,1,3,0.5094,58381.33,30344.09,88725.43,0.0,88725.43,0.519757
2025-06,Pagbilao,BOND PAPER A4 (HARDCOPY),2,2,0,1,2,0.3903,38256.84,19884.26,58141.11,0.0,58141.11,0.519757
2025-06,Pagbilao,BOND PAPER LONG (HARDCOPY),3,3,0,1,3,0.5143,42041.26,22185.76,64227.02,0.0,64227.02,0.527714
2025-06,Pagbilao,CLEAR BOOK LEGAL/LONG,1,1,0,1,1,0.1859,836.48,817.89,1654.36,0.0,1654.36,0.977776
2025-06,Pagbilao,CORRECTION TAPE JOY,1,1,0,1,1,0.1666,5639.25,2931.04,8570.29,0.0,8570.29,0.519757
2025-06,Pagbilao,CUROXIM 750MG WITH DILUENT,1,1,0,1,1,0.1554,11464.48,11165.44,22629.92,0.0,22629.92,0.973916
2025-06,Pagbilao,EPICARE 1MG/ML IV,1,1,0,1,1,0.1676,12366.72,12044.15,24410.86,0.0,24410.86,0.973916
2025-06,Pagbilao,FOLDER ORDINARY WHITE LONG 100'S,4,4,0,1,4,0.7946,120510.67,56261.1,176771.77,0.0,176771.77,0.466856
2025-06,Pagbilao,HARD COPY SUB#20 A4,4,4,0,1,4,0.8988,55785.19,28994.74,84779.93,0.0,84779.93,0.519757
2025-06,Pagbilao,HBW BLACK BALLPEN,1,1,0,1,1,0.2191,30943.01,9934.62,40877.63,0.0,40877.63,0.321062
2025-06,Pagbilao,INK EPSON #003 BLACK,1,1,0,1,1,0.1696,3097.19,1609.78,4706.97,0.0,4706.97,0.519755
2025-06,Pagbilao,INK EPSON #003 MAGENTA,2,2,0,1,2,0.4202,10829.01,5114.42,15943.43,0.0,15943.43,0.472289
2025-06,Pagbilao,INK EPSON #003 YELLOW,2,2,0,1,2,0.4147,60631.1,25643.76,86274.85,0.0,86274.85,0.422947
2025-06,Pagbilao,MASKING TAPE 1INCH,3,3,0,1,3,0.4671,53049.73,22448.75,75498.5,0.0,75498.5,0.423164
2025-06,Pagbilao,MYGEL BLACK,1,1,0,1,1,0.1496,22623.12,11758.52,34381.64,0.0,34381.64,0.519757
2025-06,Pagbilao,NUTRIBOARD WITHOUT BAG,1,1,0,1,1,0.2291,98029.92,50951.72,148981.64,0.0,148981.64,0.519757
2025-06,Pagbilao,OMCARE 40MG WITH DILUENT,1,1,0,1,1,0.1383,10205.01,9938.83,20143.85,0.0,20143.85,0.973917
2025-06,Pagbilao,PLAZIMIDE 5MG/ML (10MG/2ML),1,1,0,1,1,0.2457,18135.43,17662.39,35797.83,0.0,35797.83,0.973916
2025-06,Pagbilao,RECORD BOOK 500PAGES (VALIANT),2,2,0,1,2,0.4161,102664.85,53727.72,156392.58,0.0,156392.58,0.523331
2025-06,Pagbilao,REFRIGERATOR 22CU.FT TWO DOOR UPRIGHT CHILLER (FUJIDENZO),1,1,0,1,1,0.1206,2203.24,1145.15,3348.39,0.0,3348.39,0.519757
2025-06,Pagbilao,SCOTCH TAPE 1'',2,2,0,1,2,0.2746,27125.44,9438.78,36564.2,0.0,36564.2,0.347968
2025-06,Pagbilao,STAPLE WIRE #35,3,3,0,1,3,0.6382,118629.25,61119.06,179748.31,0.0,179748.31,0.515211
2025-06,Pagbilao,STAPLER STANDARD TYPE (JOY),2,2,0,1,2,0.2991,7707.97,3640.39,11348.36,0.0,11348.36,0.472289
2025-06,Pagbilao,T SHIRT WITH PRINT,4,4,0,1,4,1.3881,91272.91,48115.07,139387.98,0.0,139387.98,0.527156
2025-06,Pagbilao,TRASH BAG - BLACK - MEDIUM,1,1,0,1,1,0.177,6500.11,2984.6,9484.71,0.0,9484.71,0.459161
2025-06,QMC,ARCH FILE LONG 3INCHES,3,3,0,1,3,0.1626,9722.97,-1225.17,8497.81,0.0,8497.81,-0.126008
2025-06,QMC,BREAD,3,3,0,1,3,0.5876,35131.87,-4426.86,30705.0,0.0,30705.0,-0.126007
2025-06,QMC,CAMERA WITH SD CARD AND LENS EOS RP RF24-105MM PRO (CANON),3,3,0,1,3,0.8507,50863.22,-6409.11,44454.1,0.0,44454.1,-0.126007
2025-06,QMC,MINERAL WATER 330ML (NATURE SPRING),3,3,0,1,3,0.5589,33419.19,-4211.05,29208.14,0.0,29208.14,-0.126007
2025-06,QMC,"QMC 787,170",3,3,0,1,3,0.8403,50241.75,-6330.81,43910.95,0.0,43910.95,-0.126007
2025-07,Marinduque,DEL FABRIC,1,1,0,1,1,0.1948,37195.57,33557.61,70753.18,0.0,70753.18,0.902194
2025-07,Marinduque,DOORMAT,1,1,0,1,1,0.191,36475.18,32907.68,69382.87,0.0,69382.87,0.902194
2025-07,Marinduque,INSECTICIDE 5GRAMS / 100'S,1,1,0,1,1,0.2086,39834.45,35938.39,75772.83,0.0,75772.83,0.902194
2025-07,Marinduque,LIQUID DETERGENT POWER CLEAN,1,1,0,1,1,0.198,32687.24,16509.52,49196.76,0.0,49196.76,0.505075
2025-07,Marinduque,LIQUID HAND SOAP - FLORAL PINK,1,1,0,1,1,0.1948,59168.26,14778.23,73946.49,0.0,73946.49,0.249766
2025-07,Marinduque,MURIATIC ACID,1,1,0,1,1,0.2002,33054.26,16694.9,49749.15,0.0,49749.15,0.505076
2025-07,Marinduque,ORCHIDS ALBATROSS,2,2,0,1,2,0.3778,67318.29,48485.79,115804.08,0.0,115804.08,0.720247
2025-07,Marinduque,TOILET BRUSH,1,1,0,1,1,0.1781,54085.89,13508.83,67594.72,0.0,67594.72,0.249766
2025-07,Marinduque,TRASH BAG - YELLOW - LARGE,2,2,0,1,2,0.4184,98653.1,33281.41,131934.51,0.0,131934.51,0.337358
2025-07,Marinduque,TRASH BAG XXL GREEN,1,1,0,1,1,0.1952,59276.52,14805.27,74081.79,0.0,74081.79,0.249766
2025-07,Marinduque,TRASH BAG XXL YELLOW,3,3,0,1,3,0.6434,142086.04,71097.57,213183.62,0.0,213183.62,0.500384
2025-07,Pagbilao,AIRCON SPLIT TYPE 2HP INVERTER (CARRIER),1,1,0,1,1,0.1332,1098.52,1130.11,2228.62,0.0,2228.62,1.028757
2025-07,Pagbilao,BATHROOM TISSUE 2PLY 12'S (FEMME),2,2,0,1,2,0.3861,1662.49,1056.43,2718.92,0.0,2718.92,0.63545
2025-07,Pagbilao,BOND PAPER A4 (HARDCOPY),2,2,0,1,2,0.4548,922.12,544.08,1466.2,0.0,1466.2,0.590032
2025-07,Pagbilao,BOND PAPER LONG (HARDCOPY),3,3,0,1,3,0.6162,148051.06,63790.06,211841.12,0.0,211841.12,0.430865
2025-07,Pagbilao,BP APPARATUS ANEROID SPHYGMOMANOMETER (BAXTEL),1,1,0,1,1,0.0903,508.86,116.58,625.44,0.0,625.44,0.2291
2025-07,Pagbilao,CLEAR BOOK LEGAL/LONG,3,3,0,1,3,0.6664,1006122.49,2038944.74,3045067.22,0.0,3045067.22,2.026537
2025-07,Pagbilao,CORRECTION TAPE 20MM,3,3,0,1,3,0.7386,7488.73,3901.7,11390.42,0.0,11390.42,0.52101
2025-07,Pagbilao,CORRECTION TAPE JOY,2,2,0,1,2,0.3669,802356.52,1705918.63,2508275.15,0.0,2508275.15,2.126135
2025-07,Pagbilao,FOLDER ORDINARY WHITE LONG 100'S,1,1,0,1,1,0.2361,383.48,429.76,813.24,0.0,813.24,1.120684
2025-07,Pagbilao,HARD COPY SUB#20 (8 1/2X13) LONG,3,3,0,1,3,0.7533,1134159.47,2408859.85,3543019.33,0.0,3543019.33,2.123916
2025-07,Pagbilao,HARD COPY SUB#20 A4,2,2,0,1,2,0.5327,56943.31,14804.39,71747.71,0.0,71747.71,0.259985
2025-07,Pagbilao,HBW BLACK BALLPEN,2,2,0,1,2,0.2843,4068.48,1398.53,5467.02,0.0,5467.02,0.343748
2025-07,Pagbilao,INK CARTRIDGE TRI COLOR (HP680),1,1,0,1,1,0.1182,27361.37,6841.23,34202.6,0.0,34202.6,0.250032
2025-07,Pagbilao,INK EPSON #003 CYAN,2,2,0,1,2,0.3282,80258.14,41255.17,121513.31,0.0,121513.31,0.514031
2025-07,Pagbilao,INK EPSON #003 YELLOW,1,1,0,1,1,0.1554,657171.92,1398554.3,2055726.22,0.0,2055726.22,2.128141
2025-07,Pagbilao,MARKER BLACK (PILOT),2,2,0,1,2,0.3681,1776.57,786.19,2562.76,0.0,2562.76,0.442533
2025-07,Pagbilao,MASKING TAPE 1INCH,2,2,0,1,2,0.3093,62302.6,32265.25,94567.85,0.0,94567.85,0.51788
2025-07,Pagbilao,NUTRIBOARD WITHOUT BAG,3,3,0,1,3,0.6532,153143.99,66020.73,219164.73,0.0,219164.73,0.431102
2025-07,Pagbilao,REFRIGERATOR 22CU.FT TWO DOOR UPRIGHT CHILLER (FUJIDENZO),2,2,0,1,2,0.3577,1540.15,978.68,2518.83,0.0,2518.83,0.635445
2025-07,Pagbilao,STAPLE WIRE #35,1,1,0,1,1,0.163,689545.97,1467450.83,2156996.8,0.0,2156996.8,2.128141
2025-07,Pagbilao,STAPLER STANDARD TYPE (JOY),1,1,0,1,1,0.1478,240.0,268.97,508.97,0.0,508.97,1.120708
2025-07,Pagbilao,T SHIRT WITH PRINT,2,2,0,1,2,0.6923,9908.41,3406.01,13314.41,0.0,13314.41,0.343749
2025-07,Pagbilao,TRASH BAG - BLACK - MEDIUM,3,3,0,1,3,0.4479,60562.84,31366.29,91929.13,0.0,91929.13,0.517913
2025-07,QMC,ARCH FILE LONG 3INCHES,3,3,0,1,3,0.1626,57824.8,32668.95,90493.74,0.0,90493.74,0.564964
2025-07,QMC,BREAD,3,3,0,1,3,0.5876,208937.42,118042.2,326979.61,0.0,326979.61,0.564964
2025-07,QMC,CAMERA WITH SD CARD AND LENS EOS RP RF24-105MM PRO (CANON),3,3,0,1,3,0.8507,302495.51,170899.19,473394.7,0.0,473394.7,0.564964
2025-07,QMC,MINERAL WATER 330ML (NATURE SPRING),3,3,0,1,3,0.5589,198751.76,112287.66,311039.43,0.0,311039.43,0.564964
2025-07,QMC,"QMC 787,170",3,3,0,1,3,0.8403,298799.46,168811.05,467610.52,0.0,467610.52,0.564964
2025-08,Pagbilao,AIRCON SPLIT TYPE 2HP INVERTER (CARRIER),1,1,0,1,1,0.1464,4116.61,1132.03,5248.65,0.0,5248.65,0.274991
2025-08,Pagbilao,AMCETAM 150MG/ML 2ML,1,1,0,1,1,0.2745,2853.56,1483.16,4336.72,0.0,4336.72,0.519758
2025-08,Pagbilao,BAAMCILLIN-250 250MG,1,1,0,1,1,0.0981,3376.3,1754.85,5131.14,0.0,5131.14,0.519755
2025-08,Pagbilao,BALLPEN FINEPOINT,1,1,0,1,1,0.118,18334.58,1223.38,19557.95,0.0,19557.95,0.066725
2025-08,Pagbilao,BOND PAPER A4 (HARDCOPY),1,1,0,1,1,0.1907,44580.67,93894.8,138475.48,0.0,138475.48,2.106177
2025-08,Pagbilao,BOND PAPER LONG (HARDCOPY),1,1,0,1,1,0.2471,38405.68,2562.62,40968.3,0.0,40968.3,0.066725
2025-08,Pagbilao,BP APPARATUS ANEROID SPHYGMOMANOMETER (BAXTEL),1,1,0,1,1,0.0951,9198.61,-5113.34,4085.27,0.0,4085.27,-0.555882
2025-08,Pagbilao,CLEAR BOOK LEGAL/LONG,1,1,0,1,1,0.2086,20168.9,-11211.53,8957.37,0.0,8957.37,-0.555882
2025-08,Pagbilao,CORRECTION TAPE 20MM,3,3,0,1,3,0.7125,106166.52,131119.1,237285.62,0.0,237285.62,1.235032
2025-08,Pagbilao,CORRECTION TAPE JOY,3,3,0,1,3,0.5255,102952.4,102346.09,205298.48,0.0,205298.48,0.994111
2025-08,Pagbilao,EPICARE 1MG/ML IV,1,1,0,1,1,0.157,1632.47,848.49,2480.97,0.0,2480.97,0.519758
2025-08,Pagbilao,HARD COPY SUB#20 (8 1/2X13) LONG,1,1,0,1,1,0.2754,7743.13,2129.3,9872.43,0.0,9872.43,0.274992
2025-08,Pagbilao,HARD COPY SUB#20 A4,3,3,0,1,3,0.606,88059.47,-9240.79,78818.69,0.0,78818.69,-0.104938
2025-08,Pagbilao,HBW BLACK BALLPEN,2,2,0,1,2,0.3725,36550.14,3420.49,39970.63,0.0,39970.63,0.093583
2025-08,Pagbilao,INK EPSON #003 BLACK,1,1,0,1,1,0.168,26108.52,1742.09,27850.61,0.0,27850.61,0.066725
2025-08,Pagbilao,INK EPSON #003 CYAN,2,2,0,1,2,0.3234,54606.24,2147.27,56753.52,0.0,56753.52,0.039323
2025-08,Pagbilao,INK EPSON #003 MAGENTA,1,1,0,1,1,0.1956,30394.68,2028.09,32422.76,0.0,32422.76,0.066725
2025-08,Pagbilao,INK EPSON #003 YELLOW,2,2,0,1,2,0.3275,43647.65,83689.15,127336.8,0.0,127336.8,1.91738
2025-08,Pagbilao,ISOLYTE 30MG TAB,1,1,0,1,1,0.1404,1459.57,758.62,2218.19,0.0,2218.19,0.519756
2025-08,Pagbilao,IV CANNULA WITH WINGS & INJECTION VALVE G20 1.1X32MM (CATHULA),1,1,0,1,1,0.1887,6496.94,3376.83,9873.77,0.0,9873.77,0.519757
2025-08,Pagbilao,IV CANNULA WITH WINGS LUER LOCK G18 1.5X38MM (CATHULA),1,1,0,1,1,0.2262,2351.68,1222.3,3573.98,0.0,3573.98,0.519756
2025-08,Pagbilao,LAZICARE 10MG/ML (20MG/2ML) 2ML,1,1,0,1,1,0.2019,2099.12,1091.03,3190.14,0.0,3190.14,0.519756
2025-08,Pagbilao,MASKING TAPE 1INCH,1,1,0,1,1,0.157,24397.42,1627.92,26025.33,0.0,26025.33,0.066725
2025-08,Pagbilao,OMCARE 40MG WITH DILUENT,1,1,0,1,1,0.1495,5144.86,2674.08,7818.94,0.0,7818.94,0.519758
2025-08,Pagbilao,PLAZIMIDE 5MG/ML (10MG/2ML),1,1,0,1,1,0.2336,8039.68,4178.68,12218.36,0.0,12218.36,0.519757
2025-08,Pagbilao,SCOTCH TAPE 1'',1,1,0,1,1,0.1144,11064.51,-6150.56,4913.95,0.0,4913.95,-0.555882
2025-08,Pagbilao,STAPLE WIRE #35,1,1,0,1,1,0.1757,41076.05,86513.45,127589.5,0.0,127589.5,2.106177
2025-08,Pagbilao,T SHIRT WITH PRINT,3,3,0,1,3,1.0405,151188.05,-15865.39,135322.66,0.0,135322.66,-0.104938
2025-08,Pagbilao,ZINACARE 750MG W/ DILUENT,1,1,0,1,1,0.3301,11363.85,5906.43,17270.29,0.0,17270.29,0.519756
2025-08,QMC,ARCH FILE LONG 3INCHES,2,2,0,1,2,0.1084,12232.76,3745.9,15978.65,0.0,15978.65,0.306219
2025-08,QMC,BREAD,2,2,0,1,2,0.3917,44200.43,13534.99,57735.42,0.0,57735.42,0.306219
2025-08,QMC,CAMERA WITH SD CARD AND LENS EOS RP RF24-105MM PRO (CANON),2,2,0,1,2,0.5671,63992.52,19595.69,83588.22,0.0,83588.22,0.306218
2025-08,QMC,MINERAL WATER 330ML (NATURE SPRING),2,2,0,1,2,0.3726,42045.67,12875.16,54920.82,0.0,54920.82,0.306218
2025-08,QMC,"QMC 787,170",2,2,0,1,2,0.5602,63210.62,19356.26,82566.89,0.0,82566.89,0.306218
2025-08,Tourism,AIRCON SPLIT TYPE 2HP INVERTER (CARRIER),1,1,0,1,1,0.178,754.85,256.36,1011.22,0.0,1011.22,0.339617
2025-08,Tourism,BOND PAPER LONG (HARDCOPY),1,1,0,1,1,0.2459,1042.66,354.11,1396.77,0.0,1396.77,0.339622
2025-08,Tourism,CLEAR BOOK LEGAL/LONG,1,1,0,1,1,0.227,13232.59,6877.31,20109.9,0.0,20109.9,0.519725
2025-08,Tourism,CORRECTION TAPE 20MM,1,1,0,1,1,0.212,1181.17,2944.02,4125.19,0.0,4125.19,2.492461
2025-08,Tourism,CORRECTION TAPE JOY,2,2,0,1,2,0.4283,12149.91,6133.5,18283.4,0.0,18283.4,0.504819
2025-08,Tourism,FOLDER ORDINARY WHITE LONG 100'S,1,1,0,1,1,0.1541,858.69,2140.26,2998.95,0.0,2998.95,2.492471
2025-08,Tourism,HARD COPY SUB#20 (8 1/2X13) LONG,1,1,0,1,1,0.2699,15734.39,8177.57,23911.96,0.0,23911.96,0.519726
2025-08,Tourism,HBW BLACK BALLPEN,1,1,0,1,1,0.1643,9578.21,4978.04,14556.26,0.0,14556.26,0.519726
2025-08,Tourism,INK CARTRIDGE TRI COLOR (HP680),1,1,0,1,1,0.1443,611.68,207.74,819.42,0.0,819.42,0.339622
2025-08,Tourism,INK EPSON #003 CYAN,1,1,0,1,1,0.1946,825.17,280.25,1105.42,0.0,1105.42,0.339627
2025-08,Tourism,MARKER BLACK (PILOT),1,1,0,1,1,0.1477,8610.54,4475.12,13085.65,0.0,13085.65,0.519726
2025-08,Tourism,NUTRIBOARD WITHOUT BAG,1,1,0,1,1,0.1807,1006.91,2509.67,3516.58,0.0,3516.58,2.492447
2025-08,Tourism,SCOTCH TAPE 1'',1,1,0,1,1,0.1076,599.34,1493.83,2093.17,0.0,2093.17,2.492458
2025-08,Tourism,T SHIRT WITH PRINT,1,1,0,1,1,0.3456,1925.89,4800.22,6726.11,0.0,6726.11,2.492468
2025-09,PESO,AIRCON SPLIT TYPE 2HP INVERTER (CARRIER),1,1,0,1,1,0.1675,380114.1,197566.9,577681.0,0.0,577681.0,0.519757
2025-09,PESO,ELECTRICAL WIRE #14,1,1,0,1,1,0.169,383482.29,199317.55,582799.84,0.0,582799.84,0.519757
2025-09,PESO,FOLDER ORDINARY WHITE LONG 100'S,1,1,0,1,1,0.2083,472608.75,245641.63,718250.38,0.0,718250.38,0.519757
2025-09,PESO,HARD COPY SUB#20 A4,1,1,0,1,1,0.2721,617383.2,320889.14,938272.34,0.0,938272.34,0.519757
2025-09,PESO,INK EPSON #003 MAGENTA,1,1,0,1,1,0.1831,415524.66,215971.78,631496.44,0.0,631496.44,0.519757
2025-09,PPDC,BOND PAPER LEGAL 80GSM (DOUBLE A),1,1,0,1,1,0.1153,1117.31,580.73,1698.04,0.0,1698.04,0.519757
2025-09,PPDC,CORPILYN 250MG,1,1,0,1,1,0.1822,0.0,9017.61,9017.61,0.0,9017.61,0
2025-09,PPDC,CORPILYN 500MG,1,1,0,1,1,0.2382,0.0,11788.49,11788.49,0.0,11788.49,0
2025-09,PPDC,CORRECTION TAPE JOY,1,1,0,1,1,0.2083,2018.37,1049.06,3067.43,0.0,3067.43,0.519756
2025-09,PPDC,ENOXAGET-40 40MG/0.4ML,1,1,0,1,1,0.1193,0.0,5907.53,5907.53,0.0,5907.53,0
2025-09,PPDC,FLUCYSTEINE 200MG 30'S,1,1,0,1,1,0.11,0.0,5445.15,5445.15,0.0,5445.15,0
2025-09,PPDC,HARD COPY SUB#20 (8 1/2X13) LONG,1,1,0,1,1,0.2941,2849.69,1481.15,4330.84,0.0,4330.84,0.519758
2025-09,PPDC,INK EPSON #003 BLACK,1,1,0,1,1,0.2113,2047.51,1064.21,3111.72,0.0,3111.72,0.519758
2025-09,PPDC,INK EPSON #003 MAGENTA,1,1,0,1,1,0.1709,1656.17,860.8,2516.97,0.0,2516.97,0.519753
2025-09,PPDC,ZINACARE 750MG W/ DILUENT,1,1,0,1,1,0.3503,0.0,17341.22,17341.22,0.0,17341.22,0
2025-09,Pagbilao,ANTIZOAL 5MG/ML (500MG/100ML) 100ML,1,1,0,1,1,0.1166,8219.81,4272.31,12492.12,0.0,12492.12,0.519758
2025-09,Pagbilao,HAIXONE WITH DILUENT 1G,1,1,0,1,1,0.2507,17671.42,9184.84,26856.26,0.0,26856.26,0.519757
2025-09,Pagbilao,IV CANNULA WITH WINGS & INJECTION VALVE G20 1.1X32MM (CATHULA),1,1,0,1,1,0.1426,10049.3,5223.19,15272.49,0.0,15272.49,0.519757
2025-09,Pagbilao,MICROSCOT 20MG 5G,1,1,0,1,1,0.1419,10002.86,5199.05,15201.91,0.0,15201.91,0.519756
2025-09,Pagbilao,ZINACARE 750MG W/ DILUENT,1,1,0,1,1,0.3482,24544.86,12757.36,37302.22,0.0,37302.22,0.519757
2025-09,QMC,AMADOL 150MG/ML 2ML,1,1,0,1,1,0.0825,34728.22,18366.68,53094.9,0.0,53094.9,0.528869
2025-09,QMC,AMBIDOL 50MG/ML (100MG/2ML) 2ML,2,2,0,1,2,0.3397,68242.65,38813.36,107056.02,0.0,107056.02,0.568755
2025-09,QMC,ANTIZOAL 5MG/ML (500MG/100ML) 100ML,2,2,0,1,2,0.6684,136613.47,77520.61,214134.08,0.0,214134.08,0.567445
2025-09,QMC,DIFLOSID 25MG/ML 3ML,1,1,0,1,1,0.2793,117564.71,62176.34,179741.05,0.0,179741.05,0.528869
2025-09,QMC,EROXIME 750MG IV,1,1,0,1,1,0.1646,69275.47,36637.66,105913.12,0.0,105913.12,0.528869
2025-09,QMC,MUCOLIFAR 500MG TAB,1,1,0,1,1,0.1295,1338.09,2643.17,3981.26,0.0,3981.26,1.975331
2025-09,QMC,RAXIDINE 25MG/ML 2ML,1,1,0,1,1,0.1953,2018.08,3986.38,6004.46,0.0,6004.46,1.975333
2025-09,QMC,SITIXON 1G 10ML,1,1,0,1,1,0.1407,1453.66,2871.45,4325.11,0.0,4325.11,1.975324
2025-10,Marinduque,ALVICA INTENSE 70ML,1,1,0,1,1,0.0866,14189.79,7772.09,21961.88,0.0,21961.88,0.547724
2025-10,Marinduque,DOLO JAGA 500MG/50MG/100MG/100MCG,1,1,0,1,1,0.0344,5632.49,3085.05,8717.55,0.0,8717.55,0.547724
2025-10,Marinduque,DOLO-JAGA 500MG/50MG/100MG/100MCG,1,1,0,1,1,0.3364,55113.77,30187.15,85300.92,0.0,85300.92,0.547724
2025-10,Marinduque,HYCLENS WOUND SPRAY 2% 60ML,1,1,0,1,1,0.4263,69854.89,38261.22,108116.11,0.0,108116.11,0.547724
2025-10,Marinduque,TOSYLAM 750MG,1,1,0,1,1,0.1164,19067.06,10443.49,29510.54,0.0,29510.54,0.547724
2025-10,PPDC,BATHROOM TISSUE 2PLY 12'S (FEMME),1,1,0,1,1,0.146,16932.94,10748.43,27681.37,0.0,27681.37,0.634765
2025-10,PPDC,ELECTRICAL WIRE #14,1,1,0,1,1,0.1419,16461.87,10449.41,26911.28,0.0,26911.28,0.634764
2025-10,PPDC,FOLDER ORDINARY WHITE LONG 100'S,1,1,0,1,1,0.1749,20288.12,12878.18,33166.3,0.0,33166.3,0.634765
2025-10,PPDC,MARKER BLACK (PILOT),1,1,0,1,1,0.1448,16796.38,10661.75,27458.12,0.0,27458.12,0.634765
2025-10,PPDC,T SHIRT WITH PRINT,1,1,0,1,1,0.3923,45500.69,28882.23,74382.93,0.0,74382.93,0.634765
2025-10,Pagbilao,AIRCON SPLIT TYPE 2HP INVERTER (CARRIER),1,1,0,1,1,0.153,13571.68,7053.98,20625.66,0.0,20625.66,0.519757
2025-10,Pagbilao,BOND PAPER A4 (HARDCOPY),1,1,0,1,1,0.2072,2568.27,1334.87,3903.14,0.0,3903.14,0.519755
2025-10,Pagbilao,BOND PAPER LEGAL 80GSM (DOUBLE A),1,1,0,1,1,0.1227,1521.48,790.8,2312.29,0.0,2312.29,0.519757
2025-10,Pagbilao,CLEAR BOOK LEGAL/LONG,1,1,0,1,1,0.2633,3263.56,1696.26,4959.82,0.0,4959.82,0.519758
2025-10,Pagbilao,DIPHENPORS 50MG/ML 1ML,1,1,0,1,1,0.1139,42595.96,-22368.39,20227.57,0.0,20227.57,-0.525129
2025-10,Pagbilao,ENOXAGET-40 40MG/0.4ML,1,1,0,1,1,0.1287,48133.11,-25276.12,22857.0,0.0,22857.0,-0.52513
2025-10,Pagbilao,HAIXONE WITH DILUENT 1G,1,1,0,1,1,0.2719,101724.18,-53418.36,48305.82,0.0,48305.82,-0.525129
2025-10,Pagbilao,HARD COPY SUB#20 (8 1/2X13) LONG,1,1,0,1,1,0.3184,10436.53,5424.46,15860.99,0.0,15860.99,0.519757
2025-10,Pagbilao,INK CARTRIDGE TRI COLOR (HP680),1,1,0,1,1,0.1372,4496.18,2336.92,6833.1,0.0,6833.1,0.519757
2025-10,Pagbilao,INK EPSON #003 BLACK,1,1,0,1,1,0.2249,2788.15,1449.16,4237.31,0.0,4237.31,0.519757
2025-10,Pagbilao,INK EPSON #003 CYAN,1,1,0,1,1,0.1851,6065.42,3152.54,9217.97,0.0,9217.97,0.519756
2025-10,Pagbilao,INK EPSON #003 MAGENTA,2,2,0,1,2,0.3523,20901.83,10863.87,31765.69,0.0,31765.69,0.519757
2025-10,Pagbilao,INK EPSON #003 YELLOW,1,1,0,1,1,0.1819,2255.26,1172.19,3427.44,0.0,3427.44,0.519758
2025-10,Pagbilao,MARKER BLACK (PILOT),1,1,0,1,1,0.1743,5711.42,2968.55,8679.97,0.0,8679.97,0.519757
2025-10,Pagbilao,MASKING TAPE 1INCH,1,1,0,1,1,0.1342,11909.22,6189.9,18099.11,0.0,18099.11,0.519757
2025-10,Pagbilao,MICROPORE 1X10 2.5CMX9.1M (3M),1,1,0,1,1,0.3631,135862.51,-71345.4,64517.1,0.0,64517.1,-0.525129
2025-10,Pagbilao,OMCARE 40MG WITH DILUENT,1,1,0,1,1,0.1224,45807.25,-24054.74,21752.51,0.0,21752.51,-0.52513
2025-10,Pagbilao,STAPLER STANDARD TYPE (JOY),1,1,0,1,1,0.119,10561.31,5489.31,16050.63,0.0,16050.63,0.519757
2025-10,Pagbilao,T SHIRT WITH PRINT,1,1,0,1,1,0.4266,37846.11,19670.77,57516.88,0.0,57516.88,0.519757
2025-10,QMC,AMADOL 150MG/ML 2ML,1,1,0,1,1,0.0999,8213.04,6208.25,14421.29,0.0,14421.29,0.755902
2025-10,QMC,AMBIDOL 50MG/ML (100MG/2ML) 2ML,2,2,0,1,2,0.4021,27336.82,18758.21,46095.04,0.0,46095.04,0.686188
2025-10,QMC,ANTIZOAL 5MG/ML (500MG/100ML) 100ML,3,3,0,1,3,1.1935,116432.45,101084.11,217516.55,0.0,217516.55,0.868178
2025-10,QMC,ARCH FILE LONG 3INCHES,8,8,0,1,8,0.4336,70403.63,46493.92,116897.55,0.0,116897.55,0.660391
2025-10,QMC,BREAD,8,8,0,1,8,1.5668,254388.3,167995.74,422384.05,0.0,422384.05,0.660391
2025-10,QMC,BUPIRIGHT 5MG/ML 0.5% IN 8% 4ML,2,2,0,1,2,0.3889,37288.35,38905.07,76193.42,0.0,76193.42,1.043357
2025-10,QMC,CAMERA WITH SD CARD AND LENS EOS RP RF24-105MM PRO (CANON),8,8,0,1,8,2.2684,368298.44,243220.96,611519.38,0.0,611519.38,0.660391
2025-10,QMC,DIFLOSID 25MG/ML 3ML,2,2,0,1,2,0.6478,62109.46,64802.37,126911.83,0.0,126911.83,1.043357
2025-10,QMC,ENDOPROST 125MCG/ML,1,1,0,1,1,0.1772,9445.58,8650.86,18096.44,0.0,18096.44,0.915863
2025-10,QMC,ENHAMOX 500MG/125MG,1,1,0,1,1,0.1796,4640.95,19018.3,23659.25,0.0,23659.25,4.097933
2025-10,QMC,EPIX 1MG/ML IV,1,1,0,1,1,0.1236,4889.26,4952.06,9841.32,0.0,9841.32,1.012844
2025-10,QMC,EROXIME 750MG IV,1,1,0,1,1,0.2311,5971.39,24470.35,30441.74,0.0,30441.74,4.097932
2025-10,QMC,EVAPROST 125MCG/0.5ML,1,1,0,1,1,0.1465,3784.66,15509.29,19293.95,0.0,19293.95,4.097935
2025-10,QMC,HAIXONE WITH DILUENT 1G,2,2,0,1,2,0.2515,13386.22,10019.58,23405.81,0.0,23405.81,0.7485
2025-10,QMC,LIFERZIN 1G IV,1,1,0,1,1,0.1489,12235.85,9249.1,21484.95,0.0,21484.95,0.755902
2025-10,QMC,MATERNITY PADS 8S (MAXIFREE),1,1,0,1,1,0.1763,6971.26,7060.82,14032.08,0.0,14032.08,1.012847
2025-10,QMC,MINERAL WATER 330ML (NATURE SPRING),8,8,0,1,8,1.4904,241986.91,159805.98,401792.91,0.0,401792.91,0.660391
2025-10,QMC,MOHSIDEX 4MG/ML (8MG/2ML) 2ML,2,2,0,1,2,0.193,11704.39,9837.13,21541.52,0.0,21541.52,0.840465
2025-10,QMC,MUCOLIFAR 500MG TAB,1,1,0,1,1,0.1074,18698.37,19689.03,38387.39,0.0,38387.39,1.052981
2025-10,QMC,OPREX 40MG IV,1,1,0,1,1,0.1822,9715.81,8898.35,18614.16,0.0,18614.16,0.915863
2025-10,QMC,PAPER TOWEL 175PULL-UPS (FEMME),1,1,0,1,1,0.1121,5952.64,3412.03,9364.67,0.0,9364.67,0.573196
2025-10,QMC,PHYTOBAS 10MG/ML IV,1,1,0,1,1,0.2533,13503.61,12367.46,25871.06,0.0,25871.06,0.915863
2025-10,QMC,"QMC 787,170",8,8,0,1,8,2.2407,363798.37,240249.15,604047.51,0.0,604047.51,0.660391
2025-10,QMC,RAXIDINE 25MG/ML 2ML,2,2,0,1,2,0.5279,20754.83,41124.09,61878.92,0.0,61878.92,1.981423
2025-10,QMC,SITIXON 1G 10ML,1,1,0,1,1,0.1283,22329.52,23512.56,45842.09,0.0,45842.09,1.052981
2025-10,QMC,ZEFTACARE 1G IV,2,2,0,1,2,0.3289,12729.6,23111.92,35841.52,0.0,35841.52,1.815605
2025-10,Tourism,BATHROOM TISSUE 2PLY 12'S (FEMME),1,1,0,1,1,0.1908,37571.64,19528.12,57099.76,0.0,57099.76,0.519757
2025-10,Tourism,CORRECTION TAPE JOY,1,1,0,1,1,0.19,45967.32,23891.83,69859.16,0.0,69859.16,0.519757
2025-10,Tourism,HARD COPY SUB#20 (8 1/2X13) LONG,1,1,0,1,1,0.2683,64899.9,33732.16,98632.06,0.0,98632.06,0.519757
2025-10,Tourism,HARD COPY SUB#20 A4,1,1,0,1,1,0.2316,56041.32,29127.86,85169.17,0.0,85169.17,0.519757
2025-10,Tourism,HBW BLACK BALLPEN,2,2,0,1,2,0.3739,80963.68,42081.43,123045.1,0.0,123045.1,0.519757
2025-10,Tourism,INK CARTRIDGE TRI COLOR (HP680),1,1,0,1,1,0.149,29338.42,15248.85,44587.27,0.0,44587.27,0.519757
2025-10,Tourism,INK EPSON #003 BLACK,1,1,0,1,1,0.2485,48929.64,25431.51,74361.16,0.0,74361.16,0.519757
2025-10,Tourism,INK EPSON #003 MAGENTA,1,1,0,1,1,0.201,39577.94,20570.9,60148.84,0.0,60148.84,0.519757
2025-10,Tourism,MARKER BLACK (PILOT),1,1,0,1,1,0.1468,35517.18,18460.3,53977.48,0.0,53977.48,0.519757
2025-11,PPDC,GIOZOLE 40MG W/ DILUENT,1,1,0,1,1,0.172,18565.09,9649.33,28214.42,0.0,28214.42,0.519757
2025-11,PPDC,GLOVES LARGE LATEX NONSTERILE (INDOPLAS),1,1,0,1,1,0.1184,12785.82,6645.52,19431.34,0.0,19431.34,0.519757
2025-11,PPDC,HAIXONE WITH DILUENT 1G,1,1,0,1,1,0.2747,29652.21,15411.93,45064.14,0.0,45064.14,0.519757
2025-11,PPDC,KOVENT SF 25MCG/250MCG MDI,1,1,0,1,1,0.1482,16003.04,8317.69,24320.74,0.0,24320.74,0.519757
2025-11,PPDC,VOLUMETRIC SOLUTION INFUSION SET 150ML (POLYVOL),1,1,0,1,1,0.2866,30940.06,16081.31,47021.36,0.0,47021.36,0.519757
2025-11,Pagbilao,ABHAY-TOX 40IU/0.5ML VIAL,6,6,0,1,6,1.2909,661775.14,658979.38,1320754.52,0.0,1320754.52,0.995775
2025-11,Pagbilao,AIRCON SPLIT TYPE 2HP INVERTER (CARRIER),3,3,0,1,3,0.5087,4864.79,3395.84,8260.63,0.0,8260.63,0.698045
2025-11,Pagbilao,AMCETAM 150MG/ML 2ML,3,3,0,1,3,0.5488,48932.05,25470.84,74402.9,0.0,74402.9,0.520535
2025-11,Pagbilao,ANTITET 1500IU/0.7ML,5,5,0,1,5,0.8864,89255.41,-6035.73,83219.68,0.0,83219.68,-0.067623
2025-11,Pagbilao,ANTIZOAL 5MG/ML (500MG/100ML) 100ML,3,3,0,1,3,0.4348,83563.77,21221.97,104785.74,0.0,104785.74,0.253961
2025-11,Pagbilao,AZCORE 500MG TAB,3,3,0,1,3,0.4483,146256.64,10836.95,157093.59,0.0,157093.59,0.074095
2025-11,Pagbilao,BALLPEN FINEPOINT,5,5,0,1,5,0.7798,13754.19,8279.6,22033.78,0.0,22033.78,0.601969
2025-11,Pagbilao,BATHROOM TISSUE 2PLY 12'S (FEMME),8,8,0,1,8,1.2421,51206.56,31612.37,82818.95,0.0,82818.95,0.61735
2025-11,Pagbilao,BOND PAPER A4 (HARDCOPY),9,9,0,1,9,1.7133,51523.17,54855.08,106378.23,0.0,106378.23,1.064668
2025-11,Pagbilao,BOND PAPER LEGAL 80GSM (DOUBLE A),8,8,0,1,8,1.0159,102639.64,73787.09,176426.76,0.0,176426.76,0.718895
2025-11,Pagbilao,BOND PAPER LONG (HARDCOPY),7,7,0,1,7,1.4238,25008.88,15195.34,40204.2,0.0,40204.2,0.607598
2025-11,Pagbilao,BP APPARATUS ANEROID SPHYGMOMANOMETER (BAXTEL),7,7,0,1,7,0.8142,25763.6,13749.95,39513.55,0.0,39513.55,0.533697
2025-11,Pagbilao,CLEAR BOOK LEGAL/LONG,11,11,0,1,11,2.4713,124400.91,64699.62,189100.51,0.0,189100.51,0.52009
2025-11,Pagbilao,CORPILYN 250MG,7,7,0,1,7,1.3282,317903.79,250552.82,568456.6,0.0,568456.6,0.78814
2025-11,Pagbilao,CORPILYN 500MG,7,7,0,1,7,1.8877,681153.31,645818.25,1326971.57,0.0,1326971.57,0.948125
2025-11,Pagbilao,CORRECTION TAPE 20MM,14,14,0,1,14,3.5135,79324.47,46707.53,126032.0,0.0,126032.0,0.588816
2025-11,Pagbilao,CORRECTION TAPE JOY,9,9,0,1,9,1.8861,68993.82,50087.19,119081.0,0.0,119081.0,0.725966
2025-11,Pagbilao,DIPHENPORS 50MG/ML 1ML,3,3,0,1,3,0.3748,75791.55,4910.09,80701.64,0.0,80701.64,0.064784
2025-11,Pagbilao,ELECTRICAL WIRE #14,9,9,0,1,9,1.3546,27271.17,42608.43,69879.62,0.0,69879.62,1.562398
2025-11,Pagbilao,ENOXAGET-40 40MG/0.4ML,4,4,0,1,4,0.5269,154572.62,91988.75,246561.38,0.0,246561.38,0.595117
2025-11,Pagbilao,EPICARE 1MG/ML IV,4,4,0,1,4,0.573,140554.01,215121.26,355675.3,0.0,355675.3,1.530524
2025-11,Pagbilao,EXECORE 500MG TAB,3,3,0,1,3,0.5212,71670.97,1835.74,73506.72,0.0,73506.72,0.025613
2025-11,Pagbilao,FLUCYSTEINE 200MG 30'S,5,5,0,1,5,0.7445,144738.31,91112.86,235851.16,0.0,235851.16,0.629501
2025-11,Pagbilao,FOLDER ORDINARY WHITE LONG 100'S,8,8,0,1,8,1.4777,50671.84,39265.18,89937.0,0.0,89937.0,0.774892
2025-11,Pagbilao,GIOZOLE 40MG W/ DILUENT,5,5,0,1,5,0.8262,268480.38,140874.44,409354.81,0.0,409354.81,0.52471
2025-11,Pagbilao,GLOVES LARGE LATEX NONSTERILE (INDOPLAS),1,1,0,1,1,0.1596,61434.37,-11160.74,50273.62,0.0,50273.62,-0.181669
2025-11,Pagbilao,HAIXONE WITH DILUENT 1G,6,6,0,1,6,1.4464,712823.21,652108.97,1364932.19,0.0,1364932.19,0.914826
2025-11,Pagbilao,HARD COPY SUB#20 (8 1/2X13) LONG,16,16,0,1,16,4.1542,194909.97,153410.5,348320.47,0.0,348320.47,0.787084
2025-11,Pagbilao,HARD COPY SUB#20 A4,10,10,0,1,10,2.3016,41028.1,27425.48,68453.6,0.0,68453.6,0.668456
2025-11,Pagbilao,HBW BLACK BALLPEN,5,5,0,1,5,0.9365,49295.23,29424.34,78719.58,0.0,78719.58,0.5969
2025-11,Pagbilao,HYDROCORTIBAS 100MG VIAL,3,3,0,1,3,0.6548,174322.76,-3840.44,170482.32,0.0,170482.32,-0.022031
2025-11,Pagbilao,INK CARTRIDGE TRI COLOR (HP680),3,3,0,1,3,0.4373,21294.92,11790.8,33085.72,0.0,33085.72,0.553691
2025-11,Pagbilao,INK EPSON #003 BLACK,9,9,0,1,9,1.8203,137624.88,134180.45,271805.32,0.0,271805.32,0.974972
2025-11,Pagbilao,INK EPSON #003 CYAN,11,11,0,1,11,1.7462,40379.34,35297.12,75676.46,0.0,75676.46,0.874138
2025-11,Pagbilao,INK EPSON #003 MAGENTA,12,12,0,1,12,1.9108,71405.35,69913.65,141319.01,0.0,141319.01,0.979109
2025-11,Pagbilao,INK EPSON #003 YELLOW,7,7,0,1,7,1.2023,80405.19,43153.54,123558.73,0.0,123558.73,0.536701
2025-11,Pagbilao,ISOLYTE 30MG TAB,2,2,0,1,2,0.2408,117563.0,173272.62,290835.62,0.0,290835.62,1.47387
2025-11,Pagbilao,IV CANNULA WITH INJECTION PORT LUER LOCK G24 0.7X19MM (CATHULA),5,5,0,1,5,1.1264,314900.91,266942.74,581843.64,0.0,581843.64,0.847704
2025-11,Pagbilao,IV CANNULA WITH WINGS & INJECTION VALVE G20 1.1X32MM (CATHULA),3,3,0,1,3,0.4386,19266.11,13892.49,33158.6,0.0,33158.6,0.721084
2025-11,Pagbilao,IV CANNULA WITH WINGS LUER LOCK G18 1.5X38MM (CATHULA),3,3,0,1,3,0.5226,68329.18,43825.35,112154.52,0.0,112154.52,0.641386
2025-11,Pagbilao,IV CANNULA WITH WINGS LUER LOCK G22 .8X25MM (CATHULA),3,3,0,1,3,0.5484,117967.57,111441.63,229409.2,0.0,229409.2,0.94468
2025-11,Pagbilao,IV CANNULA WITHOUT INJECTION PORT LUER LOCK G26 0.6X19MM (CATHULA),2,2,0,1,2,0.2541,40167.67,13154.25,53321.91,0.0,53321.91,0.327484
2025-11,Pagbilao,KOVENT SF 25MCG/250MCG MDI,3,3,0,1,3,0.4088,173706.56,113416.98,287123.54,0.0,287123.54,0.652923
2025-11,Pagbilao,LAZICARE 10MG/ML (20MG/2ML) 2ML,4,4,0,1,4,0.676,141788.13,125322.97,267111.1,0.0,267111.1,0.883875
2025-11,Pagbilao,MARKER BLACK (PILOT),5,5,0,1,5,0.8217,116461.11,79177.55,195638.65,0.0,195638.65,0.679863
2025-11,Pagbilao,MASKING TAPE 1INCH,6,6,0,1,6,0.7304,20666.85,34767.39,55434.21,0.0,55434.21,1.682278
2025-11,Pagbilao,MICROPORE 1X10 2.5CMX9.1M (3M),6,6,0,1,6,1.848,698765.24,801148.38,1499913.59,0.0,1499913.59,1.14652
2025-11,Pagbilao,MICROSCOT 20MG 5G,2,2,0,1,2,0.3666,98188.55,-5520.13,92668.42,0.0,92668.42,-0.05622
2025-11,Pagbilao,NUTRIBOARD WITHOUT BAG,13,13,0,1,13,2.9567,107856.97,57199.98,165056.96,0.0,165056.96,0.530332
2025-11,Pagbilao,OMCARE 40MG WITH DILUENT,1,1,0,1,1,0.1667,64159.88,-11655.89,52504.0,0.0,52504.0,-0.181669
2025-11,Pagbilao,PLAZIMIDE 5MG/ML (10MG/2ML),3,3,0,1,3,0.6677,40462.56,26151.75,66614.3,0.0,66614.3,0.64632
2025-11,Pagbilao,RECORD BOOK 500PAGES (VALIANT),15,15,0,1,15,3.1432,211842.5,151438.55,363281.07,0.0,363281.07,0.714864
2025-11,Pagbilao,REFRIGERATOR 22CU.FT TWO DOOR UPRIGHT CHILLER (FUJIDENZO),3,3,0,1,3,0.4519,91748.62,66792.06,158540.68,0.0,158540.68,0.72799
2025-11,Pagbilao,SCOTCH TAPE 1'',10,10,0,1,10,1.318,45531.44,38158.64,83690.08,0.0,83690.08,0.838072
2025-11,Pagbilao,STAPLE WIRE #35,5,5,0,1,5,0.837,68331.62,40487.82,108819.44,0.0,108819.44,0.59252
2025-11,Pagbilao,STAPLER STANDARD TYPE (JOY),6,6,0,1,6,0.7494,29848.26,16421.46,46269.72,0.0,46269.72,0.550165
2025-11,Pagbilao,T SHIRT WITH PRINT,21,21,0,1,21,7.6586,232929.69,251322.99,484252.7,0.0,484252.7,1.078965
2025-11,Pagbilao,TRASH BAG - BLACK - MEDIUM,5,5,0,1,5,0.6233,18554.24,8358.39,26912.62,0.0,26912.62,0.450484
2025-11,Pagbilao,VOLUMETRIC SOLUTION INFUSION SET 150ML (POLYVOL),5,5,0,1,5,1.3714,251611.67,63575.9,315187.59,0.0,315187.59,0.252675
2025-11,Pagbilao,ZINACARE 750MG W/ DILUENT,5,5,0,1,5,1.7113,437789.77,183879.96,621669.73,0.0,621669.73,0.420019
2025-11,QMC,AMADOL 150MG/ML 2ML,1,1,0,1,1,0.0869,1172.48,1553.3,2725.77,0.0,2725.77,1.324799
2025-11,QMC,AMBIDOL 50MG/ML (100MG/2ML) 2ML,1,1,0,1,1,0.1802,9379.68,7043.99,16423.67,0.0,16423.67,0.750984
2025-11,QMC,ANTIZOAL 5MG/ML (500MG/100ML) 100ML,1,1,0,1,1,0.3812,5140.27,6809.86,11950.14,0.0,11950.14,1.324806
2025-11,QMC,ARCH FILE LONG 3INCHES,1,1,0,1,1,0.0542,1390.86,1386.53,2777.39,0.0,2777.39,0.996887
2025-11,QMC,BREAD,1,1,0,1,1,0.1959,5025.58,5009.91,10035.49,0.0,10035.49,0.996882
2025-11,QMC,BUPIRIGHT 5MG/ML 0.5% IN 8% 4ML,1,1,0,1,1,0.2242,11668.5,8762.87,20431.37,0.0,20431.37,0.750985
2025-11,QMC,CAMERA WITH SD CARD AND LENS EOS RP RF24-105MM PRO (CANON),1,1,0,1,1,0.2836,7275.94,7253.25,14529.19,0.0,14529.19,0.996882
2025-11,QMC,DIFLOSID 25MG/ML 3ML,2,2,0,1,2,0.6216,20901.87,17994.42,38896.29,0.0,38896.29,0.8609
2025-11,QMC,GENTAM 40MG/ML (80MG/2ML) 2ML,1,1,0,1,1,0.1154,1555.76,2061.08,3616.84,0.0,3616.84,1.324806
2025-11,QMC,MATERNITY PADS 8S (MAXIFREE),1,1,0,1,1,0.139,7235.16,5433.5,12668.66,0.0,12668.66,0.750985
2025-11,QMC,MERGOT 125MCG,1,1,0,1,1,0.1196,1612.74,2136.57,3749.31,0.0,3749.31,1.324807
2025-11,QMC,MINERAL WATER 330ML (NATURE SPRING),1,1,0,1,1,0.1863,4780.58,4765.68,9546.26,0.0,9546.26,0.996883
2025-11,QMC,MUCOLIFAR 500MG TAB,1,1,0,1,1,0.1319,6863.54,5154.41,12017.95,0.0,12017.95,0.750984
2025-11,QMC,"QMC 787,170",1,1,0,1,1,0.2801,7187.04,7164.63,14351.67,0.0,14351.67,0.996882
2025-11,Tourism,BALLPEN FINEPOINT,1,1,0,1,1,0.1698,5469.87,2264.23,7734.11,0.0,7734.11,0.413946
2025-11,Tourism,BATHROOM TISSUE 2PLY 12'S (FEMME),1,1,0,1,1,0.1717,4390.38,2281.93,6672.32,0.0,6672.32,0.519757
2025-11,Tourism,BOND PAPER A4 (HARDCOPY),1,1,0,1,1,0.1671,9782.86,5084.71,14867.56,0.0,14867.56,0.519757
2025-11,Tourism,BP APPARATUS ANEROID SPHYGMOMANOMETER (BAXTEL),1,1,0,1,1,0.1194,3052.2,1586.4,4638.6,0.0,4638.6,0.519756
2025-11,Tourism,CLEAR BOOK LEGAL/LONG,1,1,0,1,1,0.2618,6692.7,3478.58,10171.28,0.0,10171.28,0.519757
2025-11,Tourism,FOLDER ORDINARY WHITE LONG 100'S,1,1,0,1,1,0.2058,5260.36,2734.11,7994.46,0.0,7994.46,0.519757
2025-11,Tourism,HARD COPY SUB#20 (8 1/2X13) LONG,1,1,0,1,1,0.2357,10460.24,5436.78,15897.02,0.0,15897.02,0.519757
2025-11,Tourism,HARD COPY SUB#20 A4,2,2,0,1,2,0.4941,18393.25,8569.54,26962.78,0.0,26962.78,0.465907
2025-11,Tourism,HBW BLACK BALLPEN,1,1,0,1,1,0.2048,6599.16,2731.7,9330.86,0.0,9330.86,0.413947
2025-11,Tourism,INK CARTRIDGE TRI COLOR (HP680),2,2,0,1,2,0.2103,10874.41,5652.05,16526.46,0.0,16526.46,0.519757
2025-11,Tourism,INK EPSON #003 MAGENTA,2,2,0,1,2,0.3423,14890.63,7072.89,21963.53,0.0,21963.53,0.474989
2025-11,Tourism,MASKING TAPE 1INCH,1,1,0,1,1,0.1099,4879.85,2536.34,7416.18,0.0,7416.18,0.519758
2025-11,Tourism,NUTRIBOARD WITHOUT BAG,1,1,0,1,1,0.2413,6167.66,3205.68,9373.34,0.0,9373.34,0.519756
2025-11,Tourism,RECORD BOOK 500PAGES (VALIANT),1,1,0,1,1,0.2033,11907.48,6188.99,18096.47,0.0,18096.47,0.519756
2025-11,Tourism,STAPLER STANDARD TYPE (JOY),1,1,0,1,1,0.1392,4484.84,1856.49,6341.33,0.0,6341.33,0.413948
2025-11,Tourism,T SHIRT WITH PRINT,2,2,0,1,2,0.7236,37420.26,19449.43,56869.7,0.0,56869.7,0.519757
2025-12,Aboitiz,CORRECTION TAPE JOY,1,1,0,1,1,0.179,7945.66,4278.43,12224.09,0.0,12224.09,0.538461
2025-12,Aboitiz,ELECTRICAL WIRE #14,1,1,0,1,1,0.1355,6017.04,3239.95,9256.99,0.0,9256.99,0.538462
2025-12,Aboitiz,RECORD BOOK 500PAGES (VALIANT),1,1,0,1,1,0.2035,9036.9,4866.02,13902.92,0.0,13902.92,0.538461
2025-12,Aboitiz,T SHIRT WITH PRINT,1,1,0,1,1,0.3746,16631.87,8955.62,25587.48,0.0,25587.48,0.538461
2025-12,Aboitiz,TRASH BAG - BLACK - MEDIUM,1,1,0,1,1,0.1074,4768.53,2567.67,7336.21,0.0,7336.21,0.538462
2025-12,PHO,AIRCON SPLIT TYPE 2HP INVERTER (CARRIER),1,1,0,1,1,0.1509,5554.82,2887.16,8441.98,0.0,8441.98,0.519758
2025-12,PHO,CLEAR BOOK LEGAL/LONG,1,1,0,1,1,0.2032,7341.84,3815.97,11157.82,0.0,11157.82,0.519757
2025-12,PHO,CORRECTION TAPE JOY,1,1,0,1,1,0.2405,8689.74,4761.11,13450.85,0.0,13450.85,0.5479
2025-12,PHO,FOLDER ORDINARY WHITE LONG 100'S,2,2,0,1,2,0.4121,15016.12,8032.97,23049.1,0.0,23049.1,0.534956
2025-12,PHO,HARD COPY SUB#20 (8 1/2X13) LONG,1,1,0,1,1,0.2839,10448.13,5430.49,15878.61,0.0,15878.61,0.519757
2025-12,PHO,HARD COPY SUB#20 A4,1,1,0,1,1,0.2451,9021.99,4689.24,13711.23,0.0,13711.23,0.519757
2025-12,PHO,INK CARTRIDGE TRI COLOR (HP680),1,1,0,1,1,0.1041,3761.0,1954.81,5715.81,0.0,5715.81,0.519758
2025-12,PHO,INK EPSON #003 CYAN,1,1,0,1,1,0.1973,7130.41,3906.76,11037.17,0.0,11037.17,0.547901
2025-12,PHO,INK EPSON #003 MAGENTA,1,1,0,1,1,0.1973,7130.41,3906.76,11037.17,0.0,11037.17,0.547901
2025-12,PHO,MASKING TAPE 1INCH,1,1,0,1,1,0.1324,4874.02,2533.3,7407.32,0.0,7407.32,0.519756
2025-12,PHO,NUTRIBOARD WITHOUT BAG,1,1,0,1,1,0.1873,6766.86,3517.12,10283.98,0.0,10283.98,0.519757
2025-12,PHO,STAPLE WIRE #35,1,1,0,1,1,0.1473,5323.57,2766.96,8090.52,0.0,8090.52,0.519756
2025-12,PHO,STAPLER STANDARD TYPE (JOY),1,1,0,1,1,0.1405,5075.63,2780.94,7856.57,0.0,7856.57,0.5479
2025-12,PHO,T SHIRT WITH PRINT,1,1,0,1,1,0.3582,12942.77,6727.1,19669.87,0.0,19669.87,0.519757
2025-12,PPDC,ABHAY-TOX 40IU/0.5ML VIAL,1,1,0,1,1,0.2061,8349.04,4339.47,12688.51,0.0,12688.51,0.519757
2025-12,PPDC,AIRCON SPLIT TYPE 2HP INVERTER (CARRIER),1,1,0,1,1,0.1631,5346.77,2779.02,8125.79,0.0,8125.79,0.519757
2025-12,PPDC,ANTITET 1500IU/0.7ML,3,3,0,1,3,0.515,34055.8,16104.56,50160.36,0.0,50160.36,0.472887
2025-12,PPDC,BALLPEN FINEPOINT,1,1,0,1,1,0.1752,2871.5,1492.48,4363.98,0.0,4363.98,0.519756
2025-12,PPDC,CLEAR BOOK LEGAL/LONG,2,2,0,1,2,0.4481,10328.81,5368.47,15697.29,0.0,15697.29,0.519757
2025-12,PPDC,CLOXANE 500MG,2,2,0,1,2,0.2594,19168.92,9963.18,29132.1,0.0,29132.1,0.519757
2025-12,PPDC,CORPILYN 500MG,1,1,0,1,1,0.2499,19635.86,10205.87,29841.74,0.0,29841.74,0.519757
2025-12,PPDC,CORRECTION TAPE 20MM,1,1,0,1,1,0.2055,2023.08,1051.51,3074.58,0.0,3074.58,0.519757
2025-12,PPDC,CORRECTION TAPE JOY,1,1,0,1,1,0.2459,4030.84,2095.05,6125.89,0.0,6125.89,0.519755
2025-12,PPDC,DISPOSABLE INFUSION SET ADULT 20MACRODROPS/ML (HEXACARE),1,1,0,1,1,0.126,2474.41,1286.09,3760.51,0.0,3760.51,0.519756
2025-12,PPDC,EMICOX 200MG CAP,1,1,0,1,1,0.1199,9421.21,4896.74,14317.95,0.0,14317.95,0.519757
2025-12,PPDC,EPICARE 1MG/ML IV,1,1,0,1,1,0.1472,14455.77,7513.49,21969.26,0.0,21969.26,0.519757
2025-12,PPDC,FOLDER ORDINARY WHITE LONG 100'S,3,3,0,1,3,0.6068,10414.42,5412.98,15827.39,0.0,15827.39,0.519758
2025-12,PPDC,GLOVES LARGE LATEX NONSTERILE (INDOPLAS),1,1,0,1,1,0.1146,2251.31,1170.14,3421.44,0.0,3421.44,0.51976
2025-12,PPDC,HAIXONE WITH DILUENT 1G,1,1,0,1,1,0.2213,17388.55,9037.82,26426.36,0.0,26426.36,0.519757
2025-12,PPDC,HARD COPY SUB#20 (8 1/2X13) LONG,1,1,0,1,1,0.2847,3887.2,2020.4,5907.6,0.0,5907.6,0.519757
2025-12,PPDC,HARD COPY SUB#20 A4,1,1,0,1,1,0.2649,8684.08,4513.61,13197.69,0.0,13197.69,0.519757
2025-12,PPDC,HYTRIX 100MG,1,1,0,1,1,0.1823,9069.73,2825.16,11894.89,0.0,11894.89,0.311493
2025-12,PPDC,INK EPSON #003 MAGENTA,2,2,0,1,2,0.3332,4600.63,2391.21,6991.85,0.0,6991.85,0.519757
2025-12,PPDC,IV CANNULA WITH INJECTION PORT LUER LOCK G24 0.7X19MM (CATHULA),2,2,0,1,2,0.3113,23515.72,10714.61,34230.34,0.0,34230.34,0.455636
2025-12,PPDC,MASKING TAPE 1INCH,2,2,0,1,2,0.2662,4694.98,2440.25,7135.23,0.0,7135.23,0.519757
2025-12,PPDC,MICROPORE 1X10 2.5CMX9.1M (3M),4,4,0,1,4,1.2836,66384.22,31474.37,97858.58,0.0,97858.58,0.474124
2025-12,PPDC,NUTRIBOARD WITHOUT BAG,1,1,0,1,1,0.2207,3013.06,1566.06,4579.12,0.0,4579.12,0.519757
2025-12,PPDC,PLAZIMIDE 5MG/ML (10MG/2ML),1,1,0,1,1,0.1899,3729.83,1938.6,5668.43,0.0,5668.43,0.519756
2025-12,PPDC,SCOTCH TAPE 1'',1,1,0,1,1,0.1319,2849.86,1481.24,4331.1,0.0,4331.1,0.519759
2025-12,PPDC,STAPLE WIRE #35,3,3,0,1,3,0.4985,9859.83,5124.71,14984.52,0.0,14984.52,0.519756
2025-12,PPDC,STAPLER STANDARD TYPE (JOY),1,1,0,1,1,0.1269,4160.47,2162.43,6322.91,0.0,6322.91,0.519756
2025-12,PPDC,T SHIRT WITH PRINT,2,2,0,1,2,0.7591,12456.6,6474.4,18931.01,0.0,18931.01,0.519757
2025-12,PPDC,TRASH BAG - BLACK - MEDIUM,2,2,0,1,2,0.2692,5044.76,2622.04,7666.8,0.0,7666.8,0.519755
2025-12,PPDC,VOLUMETRIC SOLUTION INFUSION SET 150ML (POLYVOL),2,2,0,1,2,0.3844,17883.55,9295.1,27178.65,0.0,27178.65,0.519757
2025-12,PPDC,ZINACARE 750MG W/ DILUENT,3,3,0,1,3,0.6889,38873.78,17867.1,56740.88,0.0,56740.88,0.459618
2025-12,PPOC,AIRCON SPLIT TYPE 2HP INVERTER (CARRIER),1,1,0,1,1,0.2007,12842.79,10535.1,23377.89,0.0,23377.89,0.820312
2025-12,PPOC,HBW BLACK BALLPEN,1,1,0,1,1,0.2298,14704.85,12062.57,26767.42,0.0,26767.42,0.820312
2025-12,PPOC,INK EPSON #003 CYAN,1,1,0,1,1,0.2194,14038.96,11516.34,25555.3,0.0,25555.3,0.820313
2025-12,PPOC,MASKING TAPE 1INCH,1,1,0,1,1,0.1761,11268.77,9243.91,20512.69,0.0,20512.69,0.820312
2025-12,PPOC,SCOTCH TAPE 1'',1,1,0,1,1,0.1741,11144.63,9142.08,20286.7,0.0,20286.7,0.820313
2025-12,Pagbilao,ABHAY-TOX 40IU/0.5ML VIAL,1,1,0,1,1,0.2643,27965.68,14535.35,42501.03,0.0,42501.03,0.519757
2025-12,Pagbilao,ANTIZOAL 5MG/ML (500MG/100ML) 100ML,1,1,0,1,1,0.1714,18136.8,9426.73,27563.53,0.0,27563.53,0.519757
2025-12,Pagbilao,AZCORE 500MG TAB,2,2,0,1,2,0.3876,211089.56,-49993.78,161095.77,0.0,161095.77,-0.236837
2025-12,Pagbilao,BALLPEN FINEPOINT,2,2,0,1,2,0.2945,10623.56,5477.87,16101.43,0.0,16101.43,0.515634
2025-12,Pagbilao,BATHROOM TISSUE 2PLY 12'S (FEMME),3,3,0,1,3,0.4182,10847.73,5837.36,16685.09,0.0,16685.09,0.538118
2025-12,Pagbilao,BOND PAPER A4 (HARDCOPY),1,1,0,1,1,0.248,104520.43,54325.21,158845.65,0.0,158845.65,0.519757
2025-12,Pagbilao,BOND PAPER LEGAL 80GSM (DOUBLE A),1,1,0,1,1,0.1007,733.91,524.07,1257.98,0.0,1257.98,0.714079
2025-12,Pagbilao,BOND PAPER LONG (HARDCOPY),1,1,0,1,1,0.2102,8716.34,4466.64,13182.98,0.0,13182.98,0.512444
2025-12,Pagbilao,CLEAR BOOK LEGAL/LONG,5,5,0,1,5,1.1945,331701.71,238594.9,570296.63,0.0,570296.63,0.719306
2025-12,Pagbilao,CORPILYN 250MG,1,1,0,1,1,0.1844,202200.65,-66455.64,135745.01,0.0,135745.01,-0.328662
2025-12,Pagbilao,CORPILYN 500MG,1,1,0,1,1,0.2872,11129.25,14633.16,25762.41,0.0,25762.41,1.314838
2025-12,Pagbilao,CORRECTION TAPE 20MM,4,4,0,1,4,0.9521,387093.82,245122.18,632215.97,0.0,632215.97,0.633237
2025-12,Pagbilao,CORRECTION TAPE JOY,2,2,0,1,2,0.3897,30767.42,-5280.75,25486.67,0.0,25486.67,-0.171634
2025-12,Pagbilao,DISPOSABLE INFUSION SET ADULT 20MACRODROPS/ML (HEXACARE),1,1,0,1,1,0.1215,4707.28,6189.32,10896.61,0.0,10896.61,1.31484
2025-12,Pagbilao,ELECTRICAL WIRE #14,1,1,0,1,1,0.1849,24456.8,168705.69,193162.49,0.0,193162.49,6.89811
2025-12,Pagbilao,EXECORE 500MG TAB,2,2,0,1,2,0.3804,113399.35,44799.99,158199.34,0.0,158199.34,0.395064
2025-12,Pagbilao,FLUCYSTEINE 200MG 30'S,1,1,0,1,1,0.1849,91376.6,33611.77,124988.37,0.0,124988.37,0.367838
2025-12,Pagbilao,FOLDER ORDINARY WHITE LONG 100'S,3,3,0,1,3,0.5878,43088.93,214569.19,257658.12,0.0,257658.12,4.979682
2025-12,Pagbilao,HAIXONE WITH DILUENT 1G,1,1,0,1,1,0.2739,135345.03,49785.02,185130.05,0.0,185130.05,0.367838
2025-12,Pagbilao,HARD COPY SUB#20 (8 1/2X13) LONG,4,4,0,1,4,1.0297,63996.08,3337.83,67333.91,0.0,67333.91,0.052157
2025-12,Pagbilao,HARD COPY SUB#20 A4,3,3,0,1,3,0.6849,39035.39,-5690.36,33345.04,0.0,33345.04,-0.145774
2025-12,Pagbilao,HBW BLACK BALLPEN,1,1,0,1,1,0.1652,6231.39,3237.16,9468.55,0.0,9468.55,0.519492
2025-12,Pagbilao,HYDROCORTIBAS 100MG VIAL,1,1,0,1,1,0.1596,78858.0,29006.95,107864.94,0.0,107864.94,0.367838
2025-12,Pagbilao,HYTRIX 100MG,1,1,0,1,1,0.2168,8399.23,11043.63,19442.86,0.0,19442.86,1.314838
2025-12,Pagbilao,INK CARTRIDGE TRI COLOR (HP680),1,1,0,1,1,0.1614,68036.25,35362.31,103398.56,0.0,103398.56,0.519757
2025-12,Pagbilao,INK EPSON #003 MAGENTA,5,5,0,1,5,0.8325,100306.63,52263.5,152570.13,0.0,152570.13,0.521037
2025-12,Pagbilao,INK EPSON #003 YELLOW,2,2,0,1,2,0.3906,97121.13,50479.37,147600.49,0.0,147600.49,0.519757
2025-12,Pagbilao,IV CANNULA WITH INJECTION PORT LUER LOCK G24 0.7X19MM (CATHULA),2,2,0,1,2,0.3314,180326.7,-48247.1,132079.61,0.0,132079.61,-0.267554
2025-12,Pagbilao,LAZICARE 10MG/ML (20MG/2ML) 2ML,1,1,0,1,1,0.1562,16521.57,8587.2,25108.77,0.0,25108.77,0.519757
2025-12,Pagbilao,MARKER BLACK (PILOT),1,1,0,1,1,0.1501,962.23,619.2,1581.44,0.0,1581.44,0.643505
2025-12,Pagbilao,MASKING TAPE 1INCH,2,2,0,1,2,0.2807,22144.58,147355.86,169500.44,0.0,169500.44,6.654263
2025-12,Pagbilao,MICROPORE 1X10 2.5CMX9.1M (3M),1,1,0,1,1,0.3181,348810.59,-114640.74,234169.85,0.0,234169.85,-0.328662
2025-12,Pagbilao,NUTRIBOARD WITHOUT BAG,4,4,0,1,4,0.8964,51767.29,252301.62,304068.92,0.0,304068.92,4.873765
2025-12,Pagbilao,PLAZIMIDE 5MG/ML (10MG/2ML),1,1,0,1,1,0.1676,183739.53,-60388.18,123351.35,0.0,123351.35,-0.328662
2025-12,Pagbilao,RECORD BOOK 500PAGES (VALIANT),2,2,0,1,2,0.4042,298005.43,218228.86,516234.3,0.0,516234.3,0.732298
2025-12,Pagbilao,REFRIGERATOR 22CU.FT TWO DOOR UPRIGHT CHILLER (FUJIDENZO),2,2,0,1,2,0.2565,189080.85,138463.58,327544.43,0.0,327544.43,0.732298
2025-12,Pagbilao,SCOTCH TAPE 1'',1,1,0,1,1,0.1591,21037.04,145115.83,166152.87,0.0,166152.87,6.898111
2025-12,Pagbilao,STAPLE WIRE #35,2,2,0,1,2,0.3331,222056.33,163495.32,385551.64,0.0,385551.64,0.736279
2025-12,Pagbilao,STAPLER STANDARD TYPE (JOY),6,6,0,1,6,0.7038,93249.22,35938.15,129187.35,0.0,129187.35,0.385399
2025-12,Pagbilao,T SHIRT WITH PRINT,5,5,0,1,5,1.8547,34622.27,18614.01,53236.29,0.0,53236.29,0.537631
2025-12,Pagbilao,TRASH BAG - BLACK - MEDIUM,1,1,0,1,1,0.1166,747.42,480.97,1228.38,0.0,1228.38,0.643507
2025-12,Pagbilao,VOLUMETRIC SOLUTION INFUSION SET 150ML (POLYVOL),2,2,0,1,2,0.3949,103363.86,45416.64,148780.5,0.0,148780.5,0.439386
2025-12,QMC,AMBIDOL 50MG/ML (100MG/2ML) 2ML,1,1,0,1,1,0.1694,19004.33,22224.66,41228.99,0.0,41228.99,1.169452
2025-12,QMC,ANTIZOAL 5MG/ML (500MG/100ML) 100ML,2,2,0,1,2,0.7693,144872.52,169647.17,314519.68,0.0,314519.68,1.17101
2025-12,QMC,ARCH FILE LONG 3INCHES,6,6,0,1,6,0.3252,68008.04,30932.18,98940.21,0.0,98940.21,0.454831
2025-12,QMC,BREAD,6,6,0,1,6,1.1751,245732.4,111766.69,357499.1,0.0,357499.1,0.454831
2025-12,QMC,BUPIRIGHT 5MG/ML 0.5% IN 8% 4ML,1,1,0,1,1,0.3028,23318.77,38602.4,61921.18,0.0,61921.18,1.655422
2025-12,QMC,CAMERA WITH SD CARD AND LENS EOS RP RF24-105MM PRO (CANON),6,6,0,1,6,1.7013,355766.57,161813.67,517580.22,0.0,517580.22,0.454831
2025-12,QMC,CORSIN-300 150MG/ML (300MG/2ML) 2ML,1,1,0,1,1,0.1239,17951.61,15239.91,33191.53,0.0,33191.53,0.848944
2025-12,QMC,ENDOPROST 125MCG/ML,1,1,0,1,1,0.2114,30632.47,26005.25,56637.71,0.0,56637.71,0.848944
2025-12,QMC,ENHAMOX 500MG/125MG,1,1,0,1,1,0.2247,17305.81,28648.42,45954.24,0.0,45954.24,1.655422
2025-12,QMC,EPIX 1MG/ML IV,1,1,0,1,1,0.1707,13148.02,21765.51,34913.52,0.0,34913.52,1.655421
2025-12,QMC,EROXIME 750MG IV,1,1,0,1,1,0.1975,28617.38,24294.55,52911.93,0.0,52911.93,0.848944
2025-12,QMC,EVAPROST 125MCG/0.5ML,1,1,0,1,1,0.1458,44146.71,44618.6,88765.3,0.0,88765.3,1.010689
2025-12,QMC,EVAPROST 250MCG/ML IV,1,1,0,1,1,0.2109,63825.26,64507.49,128332.75,0.0,128332.75,1.010689
2025-12,QMC,HAIXONE WITH DILUENT 1G,1,1,0,1,1,0.1401,10786.65,17856.45,28643.1,0.0,28643.1,1.655421
2025-12,QMC,HYCLENS WOUND SPRAY 2% 60ML,1,1,0,1,1,0.1678,18824.16,22013.96,40838.12,0.0,40838.12,1.169452
2025-12,QMC,LACTAMOX 500MG/125MG,1,1,0,1,1,0.1545,22383.72,19002.52,41386.24,0.0,41386.24,0.848944
2025-12,QMC,LIFERZIN 1G IV,1,1,0,1,1,0.1616,12445.75,20602.97,33048.71,0.0,33048.71,1.655422
2025-12,QMC,MATERNITY PADS 8S (MAXIFREE),1,1,0,1,1,0.1466,16445.29,19231.99,35677.28,0.0,35677.28,1.169453
2025-12,QMC,MINERAL WATER 330ML (NATURE SPRING),6,6,0,1,6,1.1178,233752.98,106318.09,340071.08,0.0,340071.08,0.454831
2025-12,QMC,MONOWEL 1G IV,2,2,0,1,2,0.2024,38112.42,44630.02,82742.43,0.0,82742.43,1.17101
2025-12,QMC,OPREX 40MG IV,1,1,0,1,1,0.206,62364.91,63031.53,125396.44,0.0,125396.44,1.010689
2025-12,QMC,PHYTOBAS 10MG/ML IV,2,2,0,1,2,0.541,107998.64,111924.8,219923.44,0.0,219923.44,1.036354
2025-12,QMC,"QMC 787,170",6,6,0,1,6,1.6805,351419.61,159836.52,511256.14,0.0,511256.14,0.454831
2025-12,QMC,RAXIDINE 25MG/ML 2ML,2,2,0,1,2,0.4952,144075.03,154808.17,298883.21,0.0,298883.21,1.074497
2025-12,QMC,ZEFTACARE 1G IV,2,2,0,1,2,0.2583,75150.14,80748.59,155898.75,0.0,155898.75,1.074497
2025-12,Tourism,BOND PAPER LEGAL 80GSM (DOUBLE A),2,2,0,1,2,0.2128,26872.55,14944.07,41816.61,0.0,41816.61,0.556109
2025-12,Tourism,CLEAR BOOK LEGAL/LONG,1,1,0,1,1,0.2298,4654.15,4514.35,9168.51,0.0,9168.51,0.969962
2025-12,Tourism,CORRECTION TAPE JOY,1,1,0,1,1,0.1935,3919.69,3801.95,7721.64,0.0,7721.64,0.969962
2025-12,Tourism,ELECTRICAL WIRE #14,1,1,0,1,1,0.1445,33792.55,17563.91,51356.45,0.0,51356.45,0.519757
2025-12,Tourism,HARD COPY SUB#20 (8 1/2X13) LONG,1,1,0,1,1,0.2732,5534.17,5367.93,10902.1,0.0,10902.1,0.969961
2025-12,Tourism,INK EPSON #003 BLACK,2,2,0,1,2,0.39,49245.22,27385.71,76630.93,0.0,76630.93,0.556109
2025-12,Tourism,INK EPSON #003 YELLOW,1,1,0,1,1,0.1566,36616.39,19031.62,55648.01,0.0,55648.01,0.519757
2025-12,Tourism,T SHIRT WITH PRINT,1,1,0,1,1,0.3995,93406.88,48548.86,141955.75,0.0,141955.75,0.519757
