product,quantity,revenue,gross_margin_amount,row_count,active_months,estimated_contract_rows,rank,gross_margin_rate,revenue_share,cumulative_revenue_share,abc_class,method,status
CORRECTION TAPE JOY,272.1607,3842121.29,5797820.83,64,18,56,1,1.509016,0.102223,0.102223,A,ABC/Pareto using total_trade_price revenue,draft
T SHIRT WITH PRINT,1679.183,3751363.54,1162797.37,93,21,82,2,0.309967,0.099809,0.202032,A,ABC/Pareto using total_trade_price revenue,draft
HARD COPY SUB#20 (8 1/2X13) LONG,491.5911,2966931.51,1116884.72,82,19,72,3,0.376444,0.078938,0.28097,A,ABC/Pareto using total_trade_price revenue,draft
CLEAR BOOK LEGAL/LONG,46.9604,2789368.03,2048788.01,60,19,53,4,0.734499,0.074214,0.355184,A,ABC/Pareto using total_trade_price revenue,draft
HBW BLACK BALLPEN,217.1756,2412785.42,3248326.01,49,17,43,5,1.346297,0.064194,0.419378,A,ABC/Pareto using total_trade_price revenue,draft
CORRECTION TAPE 20MM,133.3473,2157184.42,2105730.21,65,16,61,6,0.976148,0.057394,0.476772,A,ABC/Pareto using total_trade_price revenue,draft
BALLPEN FINEPOINT,289.5327,2086399.07,2344597.64,35,13,29,7,1.123753,0.055511,0.532283,A,ABC/Pareto using total_trade_price revenue,draft
TRASH BAG - BLACK - MEDIUM,135.4311,1904669.46,2117922.75,37,17,32,8,1.111963,0.050676,0.582958,A,ABC/Pareto using total_trade_price revenue,draft
STAPLE WIRE #35,236.1503,1903599.87,2699166.11,40,16,34,9,1.417927,0.050647,0.633605,A,ABC/Pareto using total_trade_price revenue,draft
INK EPSON #003 MAGENTA,73.7125,1856166.49,1224667.99,46,18,41,10,0.659783,0.049385,0.68299,A,ABC/Pareto using total_trade_price revenue,draft
RECORD BOOK 500PAGES (VALIANT),46.6865,1532034.11,694173.52,60,19,54,11,0.453106,0.040761,0.723751,A,ABC/Pareto using total_trade_price revenue,draft
INK EPSON #003 BLACK,286.1624,1500401.2,619102.57,61,17,55,12,0.412625,0.03992,0.763671,A,ABC/Pareto using total_trade_price revenue,draft
INK EPSON #003 YELLOW,74.4536,1383663.61,136585.9,51,16,46,13,0.098713,0.036814,0.800485,A,ABC/Pareto using total_trade_price revenue,draft
BOND PAPER A4 (HARDCOPY),63.0641,1139401.58,678882.29,37,16,34,14,0.595824,0.030315,0.8308,B,ABC/Pareto using total_trade_price revenue,draft
INK EPSON #003 CYAN,73.6089,1066946.49,877262.21,47,17,42,15,0.822218,0.028387,0.859187,B,ABC/Pareto using total_trade_price revenue,draft
FOLDER ORDINARY WHITE LONG 100'S,9.0864,999540.71,487943.71,31,13,28,16,0.488168,0.026594,0.88578,B,ABC/Pareto using total_trade_price revenue,draft
RECORD BOOK 300PP,120.9727,728209.25,1110930.22,12,7,8,17,1.525565,0.019375,0.905155,B,ABC/Pareto using total_trade_price revenue,draft
BOND PAPER LONG (HARDCOPY),40.0606,568875.65,502252.02,53,16,49,18,0.882885,0.015135,0.920291,B,ABC/Pareto using total_trade_price revenue,draft
SCOTCH TAPE 1'',22.6048,500230.73,533473.02,20,7,18,19,1.066454,0.013309,0.9336,B,ABC/Pareto using total_trade_price revenue,draft
LETTER ENVELOPE LONG,403.6419,372506.85,171769.45,16,6,12,20,0.461118,0.009911,0.943511,B,ABC/Pareto using total_trade_price revenue,draft
HBW MARKER,41.2102,321152.12,-114841.62,13,6,10,21,-0.357593,0.008545,0.952055,B,ABC/Pareto using total_trade_price revenue,draft
HBW SCISSORS,44.7286,320256.48,-177822.2,9,7,5,22,-0.555249,0.008521,0.960576,C,ABC/Pareto using total_trade_price revenue,draft
MARKER BLACK (PILOT),36.7316,245932.01,239077.7,26,12,23,23,0.972129,0.006543,0.967119,C,ABC/Pareto using total_trade_price revenue,draft
INK CARTRIDGE TRI COLOR (HP680),21.5503,223046.63,260945.53,31,14,28,24,1.169915,0.005934,0.973053,C,ABC/Pareto using total_trade_price revenue,draft
NOTEBOOK 50 LEAVES,391.2028,141067.79,67097.26,13,6,10,25,0.475638,0.003753,0.976807,C,ABC/Pareto using total_trade_price revenue,draft
BOND PAPER LEGAL 80GSM (DOUBLE A),47.1638,101668.5,55042.04,19,11,17,26,0.541387,0.002705,0.979512,C,ABC/Pareto using total_trade_price revenue,draft
PAPER TOWEL - JADE,2100.0,94000.0,107520.0,3,3,0,27,1.14383,0.002501,0.982013,C,ABC/Pareto using total_trade_price revenue,draft
POLO SHIRT BC,444.0,88800.0,110334.0,1,1,0,28,1.2425,0.002363,0.984375,C,ABC/Pareto using total_trade_price revenue,draft
THERMAL PAPER,14.0,56500.0,23700.0,3,3,0,29,0.419469,0.001503,0.985878,C,ABC/Pareto using total_trade_price revenue,draft
TRASH BAG LARGE TRANSPARENT,30.1975,47624.03,44759.39,3,3,1,30,0.939849,0.001267,0.987146,C,ABC/Pareto using total_trade_price revenue,draft
"T-SHIRT ORDINARY (S,M,L,XL,2XL)",150.0,33000.0,19350.0,1,1,0,31,0.586364,0.000878,0.988024,C,ABC/Pareto using total_trade_price revenue,draft
FOLDER 14PTS SHORT,5.9017,31918.46,45274.55,11,6,7,32,1.418444,0.000849,0.988873,C,ABC/Pareto using total_trade_price revenue,draft
PAPER TOWEL 175PULL-UPS (FEMME),550.0,29180.0,16815.0,15,8,0,33,0.576251,0.000776,0.989649,C,ABC/Pareto using total_trade_price revenue,draft
T-SHIRT BC,201.0,29145.0,40803.0,1,1,0,34,1.4,0.000775,0.990425,C,ABC/Pareto using total_trade_price revenue,draft
COPY PRINTER INK GESTERNER CP17,4.0,24335.36,5524.64,2,2,0,35,0.227021,0.000647,0.991072,C,ABC/Pareto using total_trade_price revenue,draft
PAPER MULTI PURPOSE (COPY) LEGAL 70GSM HARDCOPY,100.0,18900.0,4200.0,1,1,0,36,0.222222,0.000503,0.991575,C,ABC/Pareto using total_trade_price revenue,draft
PAPER MULTI PURPOSE (COPY) A4 70GSM HARDCOPY,100.0,16900.0,10100.0,1,1,0,37,0.597633,0.00045,0.992025,C,ABC/Pareto using total_trade_price revenue,draft
COMPUTER INK #664 EPSON,64.0,16832.0,13158.0,3,3,0,38,0.781725,0.000448,0.992472,C,ABC/Pareto using total_trade_price revenue,draft
TRASH BAG MEDIUM BLACK,61.3684,16126.06,7217.86,5,3,3,39,0.44759,0.000429,0.992901,C,ABC/Pareto using total_trade_price revenue,draft
TRASH BAG XXL TRANSPARENT,25.0,13750.0,11075.0,1,1,0,40,0.805455,0.000366,0.993267,C,ABC/Pareto using total_trade_price revenue,draft
TRASH BAG XXL YELLOW,25.0,13750.0,11075.0,1,1,0,41,0.805455,0.000366,0.993633,C,ABC/Pareto using total_trade_price revenue,draft
T SHIRT SUBLI,24.0,12000.0,2784.0,1,1,0,42,0.232,0.000319,0.993952,C,ABC/Pareto using total_trade_price revenue,draft
PAPER MULTICOPY 80GSM 216X330 LONG (HARDCOPY),50.0,11000.0,5350.0,1,1,0,43,0.486364,0.000293,0.994245,C,ABC/Pareto using total_trade_price revenue,draft
TRASH BAG - YELLOW - LARGE,30.0,9900.0,10642.0,3,3,0,44,1.074949,0.000263,0.994508,C,ABC/Pareto using total_trade_price revenue,draft
PAPER MULTICOPY 80GSM 210X297 A4 (HARDCOPY),50.0,9800.0,3450.0,1,1,0,45,0.352041,0.000261,0.994769,C,ABC/Pareto using total_trade_price revenue,draft
FOLDER 14PTS LONG,7.6832,9798.96,6996.52,9,5,5,46,0.714006,0.000261,0.99503,C,ABC/Pareto using total_trade_price revenue,draft
BOND PAPER A4 80GSM (DOUBLE A),40.0,9600.0,1800.0,1,1,0,47,0.1875,0.000255,0.995285,C,ABC/Pareto using total_trade_price revenue,draft
TOUNGE CLIP STERILE - UNIMEX,50.0,7500.0,16500.0,1,1,0,48,2.2,0.0002,0.995485,C,ABC/Pareto using total_trade_price revenue,draft
CARBON PAPER 8.5X13,10.0,7250.0,1100.0,2,2,0,49,0.151724,0.000193,0.995678,C,ABC/Pareto using total_trade_price revenue,draft
TRASH BAG LARGE GREEN,20.0,6600.0,7260.0,1,1,0,50,1.1,0.000176,0.995853,C,ABC/Pareto using total_trade_price revenue,draft
INK CARTRIDGE BLACK (HP680),10.0,5400.0,1092.0,2,2,0,51,0.202222,0.000144,0.995997,C,ABC/Pareto using total_trade_price revenue,draft
RECORD BOOK 200PP,100.0,4800.0,0.0,2,2,0,52,0.0,0.000128,0.996125,C,ABC/Pareto using total_trade_price revenue,draft
BALLPEN BLACK FINE POINT PILOT,200.0,4600.0,950.0,2,1,0,53,0.206522,0.000122,0.996247,C,ABC/Pareto using total_trade_price revenue,draft
MASTER PAPER GESTENER CPMT 15,4.0,4462.08,27137.92,2,2,0,54,6.081899,0.000119,0.996366,C,ABC/Pareto using total_trade_price revenue,draft
HIGHLIGHTER STABILO,105.0,4410.0,1140.0,3,3,0,55,0.258503,0.000117,0.996483,C,ABC/Pareto using total_trade_price revenue,draft
POLO SHIRT WITH PRINT ALL SIZES,14.0,4200.0,1960.0,3,1,0,56,0.466667,0.000112,0.996595,C,ABC/Pareto using total_trade_price revenue,draft
THERMAL PAPER 110MMX20M (SONY),0.5,4100.0,1550.0,1,1,0,57,0.378049,0.000109,0.996704,C,ABC/Pareto using total_trade_price revenue,draft
INK CARTRIDGE #303 (CANON),1.0,4070.0,426.0,1,1,0,58,0.104668,0.000108,0.996812,C,ABC/Pareto using total_trade_price revenue,draft
NON-PLEATED BOUFFANT CLIP CAP,15.0,3750.0,3000.0,1,1,0,59,0.8,0.0001,0.996912,C,ABC/Pareto using total_trade_price revenue,draft
"X-RAY FILM ENVELOPE 14""X17""",8.0,3680.0,1193.0,4,4,0,60,0.324185,9.8e-05,0.99701,C,ABC/Pareto using total_trade_price revenue,draft
"NOTEBOOK,STENOGRAPHER ,SPIRAL 60 LEAVES",160.0,3200.0,1600.0,2,2,0,61,0.5,8.5e-05,0.997095,C,ABC/Pareto using total_trade_price revenue,draft
DOUBLE SIDED TAPE,105.0,3150.0,1880.0,3,3,0,62,0.596825,8.4e-05,0.997179,C,ABC/Pareto using total_trade_price revenue,draft
TRASH BAG - LARGE,64.0,2880.0,17080.0,2,2,0,63,5.930556,7.7e-05,0.997256,C,ABC/Pareto using total_trade_price revenue,draft
CLIP BACKFOLD 50MM 12PCS/BOX,40.0,2820.0,620.0,2,1,0,64,0.219858,7.5e-05,0.997331,C,ABC/Pareto using total_trade_price revenue,draft
TRASH BAG XXL GREEN,5.0,2750.0,2215.0,1,1,0,65,0.805455,7.3e-05,0.997404,C,ABC/Pareto using total_trade_price revenue,draft
ZINC OXIDE TAPE: 2.5CM X 5CM FUJI,24.0,2640.0,8880.0,1,1,0,66,3.363636,7e-05,0.997474,C,ABC/Pareto using total_trade_price revenue,draft
INK EPSON L3100 BLACK 003,10.0,2600.0,3900.0,1,1,0,67,1.5,6.9e-05,0.997543,C,ABC/Pareto using total_trade_price revenue,draft
EXPANDABLE PLASTIC ENVELOPE LONG,150.0,2550.0,300.0,1,1,0,68,0.117647,6.8e-05,0.997611,C,ABC/Pareto using total_trade_price revenue,draft
SIGN PEN LIQUID GEL (DONG A),100.0,2400.0,7600.0,1,1,0,69,3.166667,6.4e-05,0.997675,C,ABC/Pareto using total_trade_price revenue,draft
FOLDER W/ TAB LEGAL 100'S/PACK,5.0,2350.0,175.0,1,1,0,70,0.074468,6.3e-05,0.997737,C,ABC/Pareto using total_trade_price revenue,draft
PAPER CLIP SMALL,22.0,2310.0,1890.0,2,2,0,71,0.818182,6.1e-05,0.997799,C,ABC/Pareto using total_trade_price revenue,draft
"X-RAY FILM ENVELOPE 11""X 14""",7.0,2310.0,1110.0,2,2,0,72,0.480519,6.1e-05,0.99786,C,ABC/Pareto using total_trade_price revenue,draft
INK 001 BLACK (EPSON),5.0,2250.0,375.0,1,1,0,73,0.166667,6e-05,0.99792,C,ABC/Pareto using total_trade_price revenue,draft
CARBON PAPER LONG,3.0,2115.0,1262.0,2,2,0,74,0.59669,5.6e-05,0.997976,C,ABC/Pareto using total_trade_price revenue,draft
XRAY ENVELOPE 14X17,3.0,1950.0,-270.0,2,1,0,75,-0.138462,5.2e-05,0.998028,C,ABC/Pareto using total_trade_price revenue,draft
BALLPEN RETRACTABLE BLACK 50'S (MATRIX),10.0,1900.0,900.0,1,1,0,76,0.473684,5.1e-05,0.998079,C,ABC/Pareto using total_trade_price revenue,draft
FANCY FOLDER LEGAL,4.0,1800.0,355.0,3,2,0,77,0.197222,4.8e-05,0.998127,C,ABC/Pareto using total_trade_price revenue,draft
MARKER PERMANENT BULLET TYPE BLACK (PILOT),51.0,1606.5,331.5,2,2,0,78,0.206349,4.3e-05,0.998169,C,ABC/Pareto using total_trade_price revenue,draft
PAPER CUPS 50'S,42.0,1596.0,2184.0,1,1,0,79,1.368421,4.2e-05,0.998212,C,ABC/Pareto using total_trade_price revenue,draft
XRAY ENVELOPE 14X14,3.0,1530.0,75.0,2,1,0,80,0.04902,4.1e-05,0.998253,C,ABC/Pareto using total_trade_price revenue,draft
ZOEY PHOTO PAPER A-4 180GSM,30.0,1500.0,900.0,1,1,0,81,0.6,4e-05,0.998293,C,ABC/Pareto using total_trade_price revenue,draft
"X-RAY FILM ENVELOPE 10""X 12""",5.0,1500.0,803.0,2,2,0,82,0.535333,4e-05,0.998332,C,ABC/Pareto using total_trade_price revenue,draft
PENCIL,16.0,1431.0,1198.0,4,3,0,83,0.837177,3.8e-05,0.998371,C,ABC/Pareto using total_trade_price revenue,draft
PANDA BALLPEN,13.0,1430.0,1300.0,1,1,0,84,0.909091,3.8e-05,0.998409,C,ABC/Pareto using total_trade_price revenue,draft
CLIP BACKFOLD 32MM 12PCS PE BOX BINDER CLIP,40.0,1400.0,400.0,2,1,0,85,0.285714,3.7e-05,0.998446,C,ABC/Pareto using total_trade_price revenue,draft
TISSUE PAPER,18.0,1379.88,2001.72,5,5,0,86,1.450648,3.7e-05,0.998483,C,ABC/Pareto using total_trade_price revenue,draft
PLASTIC ENVELOPE ORD. G-4,180.0,1350.0,1350.0,1,1,0,87,1.0,3.6e-05,0.998518,C,ABC/Pareto using total_trade_price revenue,draft
PILOT MARKER BLACK,44.0,1327.0,303.0,3,2,0,88,0.228335,3.5e-05,0.998554,C,ABC/Pareto using total_trade_price revenue,draft
SIGN PEN,52.0,1300.0,3190.0,3,3,0,89,2.453846,3.5e-05,0.998588,C,ABC/Pareto using total_trade_price revenue,draft
SCOTCH TAPE 24X50,100.0,1300.0,2500.0,2,2,0,90,1.923077,3.5e-05,0.998623,C,ABC/Pareto using total_trade_price revenue,draft
BALLPEN G-TECH 0.3 BLACK (PILOT),20.0,1300.0,1300.0,1,1,0,91,1.0,3.5e-05,0.998658,C,ABC/Pareto using total_trade_price revenue,draft
PAPER FASTERNER PLASTIC,40.0,1280.0,720.0,2,2,0,92,0.5625,3.4e-05,0.998692,C,ABC/Pareto using total_trade_price revenue,draft
WHITE BOARD MARKER,58.0,1276.0,2122.0,4,3,0,93,1.663009,3.4e-05,0.998726,C,ABC/Pareto using total_trade_price revenue,draft
BALLPEN ORDINARY FINE POINT 0.5 BLACK (FLEXSTICK),185.0,1202.5,1207.5,2,2,0,94,1.004158,3.2e-05,0.998758,C,ABC/Pareto using total_trade_price revenue,draft
XRAY ENVELOPE 11X14,3.0,1200.0,90.0,2,1,0,95,0.075,3.2e-05,0.998789,C,ABC/Pareto using total_trade_price revenue,draft
TRASH BAG - YELLOW - SMALL,9.0,1170.0,4581.0,1,1,0,96,3.915385,3.1e-05,0.998821,C,ABC/Pareto using total_trade_price revenue,draft
INK BLACK BTD-60BK (BROTHER),3.0,1170.0,1170.0,1,1,0,97,1.0,3.1e-05,0.998852,C,ABC/Pareto using total_trade_price revenue,draft
INK #003 CYAN (EPSON),4.0,1100.0,1500.0,1,1,0,98,1.363636,2.9e-05,0.998881,C,ABC/Pareto using total_trade_price revenue,draft
INK #003 MAGENTA (EPSON),4.0,1100.0,1500.0,1,1,0,99,1.363636,2.9e-05,0.99891,C,ABC/Pareto using total_trade_price revenue,draft
INK #003 YELLOW (EPSON),4.0,1100.0,1500.0,1,1,0,100,1.363636,2.9e-05,0.998939,C,ABC/Pareto using total_trade_price revenue,draft
STAMP PAD,22.0,1056.0,132.0,3,2,0,101,0.125,2.8e-05,0.998968,C,ABC/Pareto using total_trade_price revenue,draft
CALCULATOR MX120B (CASIO),2.0,1040.0,100.0,1,1,0,102,0.096154,2.8e-05,0.998995,C,ABC/Pareto using total_trade_price revenue,draft
INK #003 BLACK (EPSON),4.0,1040.0,1560.0,1,1,0,103,1.5,2.8e-05,0.999023,C,ABC/Pareto using total_trade_price revenue,draft
PENCIL LEAD W/ ERASER 12'S/BXS (MONGOL),10.0,1020.0,290.0,1,1,0,104,0.284314,2.7e-05,0.99905,C,ABC/Pareto using total_trade_price revenue,draft
NOTEBOOK SPIRAL 80 LEAVES,50.0,1000.0,462.5,1,1,0,105,0.4625,2.7e-05,0.999077,C,ABC/Pareto using total_trade_price revenue,draft
TISSUE PAPER 2PLY (FEMME),100.0,910.0,490.0,1,1,0,106,0.538462,2.4e-05,0.999101,C,ABC/Pareto using total_trade_price revenue,draft
BOND PAPER A4 (HOKKAIDO),5.0,845.0,505.0,1,1,0,107,0.597633,2.2e-05,0.999123,C,ABC/Pareto using total_trade_price revenue,draft
INK CARTRIDGE #664 CYAN (EPSON),3.0,825.0,1119.0,1,1,0,108,1.356364,2.2e-05,0.999145,C,ABC/Pareto using total_trade_price revenue,draft
INK CARTRIDGE #664 MAGENTA (EPSON),3.0,825.0,1119.0,1,1,0,109,1.356364,2.2e-05,0.999167,C,ABC/Pareto using total_trade_price revenue,draft
INK CARTRIDGE #664 YELLOW (EPSON),3.0,825.0,1119.0,1,1,0,110,1.356364,2.2e-05,0.999189,C,ABC/Pareto using total_trade_price revenue,draft
INK EPSON L3100 MAGENTA 003,3.0,825.0,1122.0,1,1,0,111,1.36,2.2e-05,0.999211,C,ABC/Pareto using total_trade_price revenue,draft
INK EPSON L3110 CYAN 003,3.0,825.0,1125.0,1,1,0,112,1.363636,2.2e-05,0.999233,C,ABC/Pareto using total_trade_price revenue,draft
INK EPSON L3110 YELLOW 003,3.0,825.0,1122.0,1,1,0,113,1.36,2.2e-05,0.999255,C,ABC/Pareto using total_trade_price revenue,draft
EXPANDABLE FOLDER LONG GREEN,50.0,800.0,175.0,1,1,0,114,0.21875,2.1e-05,0.999276,C,ABC/Pareto using total_trade_price revenue,draft
INK CARTRIDGE #664 BLACK (EPSON),3.0,780.0,1164.0,1,1,0,115,1.492308,2.1e-05,0.999297,C,ABC/Pareto using total_trade_price revenue,draft
INK CYAN BT-5000 (BROTHER),2.0,780.0,780.0,1,1,0,116,1.0,2.1e-05,0.999318,C,ABC/Pareto using total_trade_price revenue,draft
INK MAGENTA BT-5000 (BROTHER),2.0,780.0,780.0,1,1,0,117,1.0,2.1e-05,0.999339,C,ABC/Pareto using total_trade_price revenue,draft
INK YELLOW BT-5000 (BROTHER),2.0,780.0,780.0,1,1,0,118,1.0,2.1e-05,0.999359,C,ABC/Pareto using total_trade_price revenue,draft
STAMPAD INK,40.0,760.0,750.0,2,2,0,119,0.986842,2e-05,0.99938,C,ABC/Pareto using total_trade_price revenue,draft
TRASH BAG BLACK SMALL,8.0,760.0,544.0,1,1,0,120,0.715789,2e-05,0.9994,C,ABC/Pareto using total_trade_price revenue,draft
"PAPER ,MULTICOPY LEGAL SIZE (HARDCOPY)",4.0,756.0,568.0,1,1,0,121,0.751323,2e-05,0.99942,C,ABC/Pareto using total_trade_price revenue,draft
ZOEY STAPLER W/ STAPLE REMOVER #35,5.0,750.0,531.0,2,2,0,122,0.708,2e-05,0.99944,C,ABC/Pareto using total_trade_price revenue,draft
PAPER TOWEL 175PULL-UPS 200MMX200MM (BONUS),15.0,671.25,1953.75,1,1,0,123,2.910615,1.8e-05,0.999458,C,ABC/Pareto using total_trade_price revenue,draft
BALLPEN BLUE FINE POINT PILOT,30.0,660.0,180.0,1,1,0,124,0.272727,1.8e-05,0.999475,C,ABC/Pareto using total_trade_price revenue,draft
BALLPEN RED FINE POINT PILOT,30.0,660.0,150.0,1,1,0,125,0.227273,1.8e-05,0.999493,C,ABC/Pareto using total_trade_price revenue,draft
BALLPEN G-TECH 0.3 BLUE (PILOT),10.0,650.0,650.0,1,1,0,126,1.0,1.7e-05,0.99951,C,ABC/Pareto using total_trade_price revenue,draft
RECORD BOOK 300'S (ADVANTAGE),10.0,649.5,600.5,1,1,0,127,0.924557,1.7e-05,0.999527,C,ABC/Pareto using total_trade_price revenue,draft
RECORD BOOK 300'S(VANDA),10.0,630.0,620.0,1,1,0,128,0.984127,1.7e-05,0.999544,C,ABC/Pareto using total_trade_price revenue,draft
FOLDED CLIP BOARD PLASTIC,10.0,620.0,1870.0,1,1,0,129,3.016129,1.6e-05,0.999561,C,ABC/Pareto using total_trade_price revenue,draft
TRASH BAG - YELLOW - MEDIUM,4.0,600.0,1956.0,1,1,0,130,3.26,1.6e-05,0.999577,C,ABC/Pareto using total_trade_price revenue,draft
HBW BLUE BALLPEN,4.0,600.0,1160.0,2,2,0,131,1.933333,1.6e-05,0.999593,C,ABC/Pareto using total_trade_price revenue,draft
PAPER CLIP BIG,23.0,552.0,876.0,3,3,0,132,1.586957,1.5e-05,0.999607,C,ABC/Pareto using total_trade_price revenue,draft
EXPANDABLE ENVELOPE LONG,50.0,550.0,950.0,1,1,0,133,1.727273,1.5e-05,0.999622,C,ABC/Pareto using total_trade_price revenue,draft
FOLDER A4,53.0,530.0,1589.0,3,3,0,134,2.998113,1.4e-05,0.999636,C,ABC/Pareto using total_trade_price revenue,draft
STICKER PAPER MATTE A4 (VECO),10.0,500.0,500.0,1,1,0,135,1.0,1.3e-05,0.999649,C,ABC/Pareto using total_trade_price revenue,draft
CLEAR BOOK SHORT,20.0,490.0,1060.0,3,2,0,136,2.163265,1.3e-05,0.999662,C,ABC/Pareto using total_trade_price revenue,draft
BINDER CLIP 1'',16.0,480.0,0.0,1,1,0,137,0.0,1.3e-05,0.999675,C,ABC/Pareto using total_trade_price revenue,draft
SYSTEM FOLDER LONG 14PTS,1.0,470.0,330.0,1,1,0,138,0.702128,1.3e-05,0.999688,C,ABC/Pareto using total_trade_price revenue,draft
"DATA FOLDER, MADE OF CHIPBOARD TAGILA LOCK",4.0,460.0,76.0,1,1,0,139,0.165217,1.2e-05,0.9997,C,ABC/Pareto using total_trade_price revenue,draft
X RAY ENVELOPE 14X14 BROWN 100'S,1.0,456.0,44.0,1,1,0,140,0.096491,1.2e-05,0.999712,C,ABC/Pareto using total_trade_price revenue,draft
BALLPEN FINEPOINT BLACK (PILOT),20.0,450.0,90.0,1,1,0,141,0.2,1.2e-05,0.999724,C,ABC/Pareto using total_trade_price revenue,draft
HBW PERMANENT MARKER BLACK,22.0,427.65,458.35,4,4,0,142,1.071788,1.1e-05,0.999735,C,ABC/Pareto using total_trade_price revenue,draft
BALLPEN 0.5 BLACK (MYGEL),15.0,405.0,1065.0,1,1,0,143,2.62963,1.1e-05,0.999746,C,ABC/Pareto using total_trade_price revenue,draft
TAPE TRANSPARENT 1'',16.0,368.0,16.0,1,1,0,144,0.043478,1e-05,0.999756,C,ABC/Pareto using total_trade_price revenue,draft
CLIP BACKBOARD 25MM (JOY),8.0,360.0,120.0,1,1,0,145,0.333333,1e-05,0.999766,C,ABC/Pareto using total_trade_price revenue,draft
STAPLE WIRE STANDARD (JOY),10.0,350.0,330.0,1,1,0,146,0.942857,9e-06,0.999775,C,ABC/Pareto using total_trade_price revenue,draft
X RAY ENVELOPE 11X14 BROWN 100'S,1.0,348.0,67.0,1,1,0,147,0.192529,9e-06,0.999784,C,ABC/Pareto using total_trade_price revenue,draft
ENVELOPE MAILING 500PCS,1.0,315.0,197.0,1,1,0,148,0.625397,8e-06,0.999792,C,ABC/Pareto using total_trade_price revenue,draft
FABER CASTELL BALLPEN,30.0,300.0,510.0,1,1,0,149,1.7,8e-06,0.9998,C,ABC/Pareto using total_trade_price revenue,draft
MARKER PERMANENT BULLET TYPE BLUE (PILOT),10.0,300.0,80.0,1,1,0,150,0.266667,8e-06,0.999808,C,ABC/Pareto using total_trade_price revenue,draft
"NOTEBOOK,STENOGRAPHER ,SPIRAL 40 LEAVES(60'S) (VECO)",10.0,295.0,5.0,1,1,0,151,0.016949,8e-06,0.999816,C,ABC/Pareto using total_trade_price revenue,draft
PENCIL MONGOL NO.2,3.0,285.0,54.0,2,2,0,152,0.189474,8e-06,0.999824,C,ABC/Pareto using total_trade_price revenue,draft
COLORED FOLDER DIVIDER LEGAL,10.0,280.0,1912.0,2,2,0,153,6.828571,7e-06,0.999831,C,ABC/Pareto using total_trade_price revenue,draft
PILOT MARKER BLUE,9.0,274.0,44.0,3,2,0,154,0.160584,7e-06,0.999839,C,ABC/Pareto using total_trade_price revenue,draft
PAPER CLIP BIG 50MM (PRINCE),13.0,266.5,233.5,2,2,0,155,0.876173,7e-06,0.999846,C,ABC/Pareto using total_trade_price revenue,draft
"X-RAY FILM ENVELOPE 8""X10""",1.0,265.0,60.0,1,1,0,156,0.226415,7e-06,0.999853,C,ABC/Pareto using total_trade_price revenue,draft
RULER PRINCE,40.0,260.0,340.0,2,2,0,157,1.307692,7e-06,0.99986,C,ABC/Pareto using total_trade_price revenue,draft
WYTEBOARD MARKER BLACK (PILOT),5.0,260.0,85.0,1,1,0,158,0.326923,7e-06,0.999867,C,ABC/Pareto using total_trade_price revenue,draft
PILOT MARKER RED,8.0,248.0,32.0,2,2,0,159,0.129032,7e-06,0.999873,C,ABC/Pareto using total_trade_price revenue,draft
RECORD BOOK,3.0,246.0,354.0,1,1,0,160,1.439024,7e-06,0.99988,C,ABC/Pareto using total_trade_price revenue,draft
BROWN ENVELOPE LONG,70.0,245.0,105.0,1,1,0,161,0.428571,7e-06,0.999886,C,ABC/Pareto using total_trade_price revenue,draft
PAPER CLIP VINYL 55MM 100'S 120GRAMS JOY,10.0,240.0,60.0,1,1,0,162,0.25,6e-06,0.999893,C,ABC/Pareto using total_trade_price revenue,draft
"ELECTRIC TAPE BLACK ,VINYL 0.16MMX19MMX16M",6.0,240.0,106.0,2,2,0,163,0.441667,6e-06,0.999899,C,ABC/Pareto using total_trade_price revenue,draft
FC FINE PEN BLACK 0.5,20.0,230.0,770.0,1,1,0,164,3.347826,6e-06,0.999905,C,ABC/Pareto using total_trade_price revenue,draft
FLEXSTICK BALLPEN,30.0,210.0,600.0,2,2,0,165,2.857143,6e-06,0.999911,C,ABC/Pareto using total_trade_price revenue,draft
STAPLE WIRE STANDARD #35 (PRINCE),4.0,208.0,64.0,1,1,0,166,0.307692,6e-06,0.999916,C,ABC/Pareto using total_trade_price revenue,draft
ELECTRICAL TAPE,5.0,190.0,175.0,1,1,0,167,0.921053,5e-06,0.999921,C,ABC/Pareto using total_trade_price revenue,draft
WRAPPING PAPER LIGHT BROWN 9.5X9 5'' 115GSM,2.0,183.0,237.0,1,1,0,168,1.295082,5e-06,0.999926,C,ABC/Pareto using total_trade_price revenue,draft
TRASH BAG MEDIUM GREEN,1.0,170.0,470.0,1,1,0,169,2.764706,5e-06,0.999931,C,ABC/Pareto using total_trade_price revenue,draft
TRASH BAG MEDIUM YELLOW,1.0,170.0,470.0,1,1,0,170,2.764706,5e-06,0.999935,C,ABC/Pareto using total_trade_price revenue,draft
ELECTRIC TAPE PVC 0.155MMX19MMX16MM,4.0,160.0,20.0,1,1,0,171,0.125,4e-06,0.999939,C,ABC/Pareto using total_trade_price revenue,draft
CORRECTION TAPE ODVEN,10.0,150.0,1350.0,1,1,0,172,9.0,4e-06,0.999943,C,ABC/Pareto using total_trade_price revenue,draft
PAPER CLIP SMALL 33MM (PRINCE),14.0,147.0,111.0,2,2,0,173,0.755102,4e-06,0.999947,C,ABC/Pareto using total_trade_price revenue,draft
SPECIAL PAPER A4 CREAM,4.0,136.0,136.0,1,1,0,174,1.0,4e-06,0.999951,C,ABC/Pareto using total_trade_price revenue,draft
PAPER CLIP VINYL 33MM 100'S 40GRAMS JOY,10.0,129.5,9.5,1,1,0,175,0.073359,3e-06,0.999954,C,ABC/Pareto using total_trade_price revenue,draft
HBW PERMANENT MARKER RED,9.0,125.55,216.45,2,2,0,176,1.724014,3e-06,0.999958,C,ABC/Pareto using total_trade_price revenue,draft
WYTEBOARD MARKER BLACK (MONAMI),5.0,125.0,45.0,1,1,0,177,0.36,3e-06,0.999961,C,ABC/Pareto using total_trade_price revenue,draft
BOARD ERASER (JOY),6.0,120.0,12.0,1,1,0,178,0.1,3e-06,0.999964,C,ABC/Pareto using total_trade_price revenue,draft
TRASH BAG MEDIUM,6.0,120.0,11880.0,1,1,0,179,99.0,3e-06,0.999967,C,ABC/Pareto using total_trade_price revenue,draft
PAPER CLIP VINYL PLASTIC COATED 50MM (PRIME),5.0,117.5,32.5,1,1,0,180,0.276596,3e-06,0.999971,C,ABC/Pareto using total_trade_price revenue,draft
HBW PERMANENT MARKER BLUE,9.0,115.8,221.2,2,2,0,181,1.91019,3e-06,0.999974,C,ABC/Pareto using total_trade_price revenue,draft
TAPE TRANSPARENT 1'' (ARMAK),8.0,112.0,64.0,1,1,0,182,0.571429,3e-06,0.999977,C,ABC/Pareto using total_trade_price revenue,draft
TAPE DISPENSER HEAVY DUTY,1.0,110.0,90.0,1,1,0,183,0.818182,3e-06,0.99998,C,ABC/Pareto using total_trade_price revenue,draft
CARTOLINA PAPER WHITE,20.0,100.0,60.0,1,1,0,184,0.6,3e-06,0.999982,C,ABC/Pareto using total_trade_price revenue,draft
"STAMP PAD INK,PURPLE OR VIOLET 50ML (30ML) (JOY)",6.0,75.0,195.0,2,2,0,185,2.6,2e-06,0.999984,C,ABC/Pareto using total_trade_price revenue,draft
TAPE TRANSPARENT WITH 24MM,3.0,69.0,0.0,1,1,0,186,0.0,2e-06,0.999986,C,ABC/Pareto using total_trade_price revenue,draft
ERASER BIG (HBW),6.0,66.0,24.0,1,1,0,187,0.363636,2e-06,0.999988,C,ABC/Pareto using total_trade_price revenue,draft
TAPE DISPENSER TABLE TOP (JOY),1.0,64.0,61.0,1,1,0,188,0.953125,2e-06,0.99999,C,ABC/Pareto using total_trade_price revenue,draft
PAPER CLIP VINYL PLASTIC COATED 33MM (PRIME),5.0,62.5,2.5,1,1,0,189,0.04,2e-06,0.999991,C,ABC/Pareto using total_trade_price revenue,draft
WYTEBOARD MARKER BLUE (MONAMI),2.0,50.0,18.0,1,1,0,190,0.36,1e-06,0.999993,C,ABC/Pareto using total_trade_price revenue,draft
FILTER PAPER 24X24,2.0,48.0,48.0,1,1,0,191,1.0,1e-06,0.999994,C,ABC/Pareto using total_trade_price revenue,draft
PACKAGING TAPE 2'' (LUCKY),3.0,45.0,210.0,1,1,0,192,4.666667,1e-06,0.999995,C,ABC/Pareto using total_trade_price revenue,draft
"MARKER,FLOURESCENT 3 COLORS (MIYAGI)",1.0,43.0,97.0,1,1,0,193,2.255814,1e-06,0.999996,C,ABC/Pareto using total_trade_price revenue,draft
WYTEBOARD MARKER RED (MONAMI),2.0,40.0,28.0,1,1,0,194,0.7,1e-06,0.999997,C,ABC/Pareto using total_trade_price revenue,draft
PAPER CLIP 50MM (WELLS),2.0,37.0,23.0,1,1,0,195,0.621622,1e-06,0.999998,C,ABC/Pareto using total_trade_price revenue,draft
TAPE PACKAGING 2 (ARMAK),2.0,28.0,142.0,1,1,0,196,5.071429,1e-06,0.999999,C,ABC/Pareto using total_trade_price revenue,draft
VINYL PAPER CLIPS,1.0,24.0,6.0,1,1,0,197,0.25,1e-06,1.0,C,ABC/Pareto using total_trade_price revenue,draft
PAPER CLIP 33MM (WELLS),2.0,15.0,9.0,1,1,0,198,0.6,0.0,1.0,C,ABC/Pareto using total_trade_price revenue,draft
